index,label,pred,MI,Var,is_error
0,3,3,0.09706646203994751,0.0026885413099080324,0
1,8,8,0.0001269793719984591,5.3414845879729e-09,0
2,8,8,0.020640015602111816,0.0002409640292171389,0
3,0,0,0.06305468082427979,0.0014746208908036351,0
4,6,6,2.956078969873488e-05,2.6449514800575e-10,0
5,6,6,0.00029148836620151997,2.570970458748434e-08,0
6,1,1,0.0021638902835547924,2.2825479391030967e-06,0
7,6,6,0.006420152261853218,1.378808701701928e-05,0
8,3,3,0.0157930925488472,8.175922266673297e-05,0
9,1,1,0.04392614960670471,0.0012904105242341757,0
10,0,0,0.016072481870651245,6.10654751653783e-05,0
11,9,9,7.719267159700394e-06,2.6171865022406315e-11,0
12,5,5,0.06045055389404297,0.002069024369120598,0
13,7,7,0.00026897143106907606,2.2643032338010016e-08,0
14,9,9,7.432961137965322e-05,2.191979930898924e-09,0
15,8,8,4.497362533584237e-05,3.469700360358985e-10,0
16,5,5,0.1287226676940918,0.006173759698867798,0
17,7,7,0.0328240841627121,0.00020625951583497226,0
18,8,8,0.0005164048634469509,5.525370028180987e-08,0
19,6,6,1.4967545212130062e-06,4.2611893831187575e-13,0
20,7,7,0.1270132064819336,0.004442739766091108,0
21,0,0,0.023210972547531128,0.0005106247263029218,0
22,4,4,0.060113996267318726,0.0014044807758182287,0
23,9,9,0.0006223726086318493,1.7545262664953043e-07,0
24,5,5,0.11382502317428589,0.006979563273489475,0
25,2,2,0.04520529508590698,0.0006844056770205498,0
26,4,5,0.2093597650527954,0.011021151207387447,1
27,0,0,0.033994823694229126,0.00021858655964024365,0
28,9,9,0.0008363388478755951,2.65469765281523e-07,0
29,6,6,0.00025228585582226515,1.546396077856116e-08,0
30,6,6,0.0010546604171395302,4.2901342567347456e-07,0
31,5,5,0.0012010294012725353,6.397982588168816e-07,0
32,4,4,0.16245299577713013,0.008706474676728249,0
33,5,5,0.11466717720031738,0.0035798088647425175,0
34,9,9,6.653293894487433e-06,1.6331967028770933e-11,0
35,2,1,0.1537495255470276,0.006847773678600788,1
36,4,4,0.03692224621772766,0.0008415119955316186,0
37,1,1,0.04704710841178894,0.0019880698528140783,0
38,9,9,5.088548641651869e-05,1.103216851205957e-09,0
39,5,5,9.506188689556438e-07,3.9370858461416913e-13,0
40,4,4,0.01789155602455139,8.469875319860876e-05,0
41,6,6,0.0031323982402682304,3.8272237361525185e-06,0
42,5,5,0.11739152669906616,0.005421047564595938,0
43,6,6,0.003932569175958633,3.841298166662455e-06,0
44,0,0,0.03588971495628357,0.0005234194686636329,0
45,9,9,6.833270163042471e-06,9.63005196419342e-12,0
46,3,3,0.019078031182289124,0.00011603266466408968,0
47,9,9,0.1062021255493164,0.0052688815630972385,0
48,7,7,0.001229780726134777,4.451490838164318e-07,0
49,6,6,0.00686950609087944,1.5079819604579825e-05,0
50,9,9,0.00030509696807712317,1.488761292023355e-08,0
51,8,8,0.03292032331228256,0.0004841796471737325,0
52,0,0,0.1183401346206665,0.004451016429811716,0
53,3,3,0.05360811948776245,0.0018204770749434829,0
54,8,8,0.0038116034120321274,6.668259629805107e-06,0
55,8,8,0.004092229530215263,9.518897968519013e-06,0
56,7,7,0.01172357052564621,4.1538783989381045e-05,0
57,7,5,0.1180340051651001,0.0065345196053385735,1
58,4,3,0.17518770694732666,0.008691119030117989,1
59,6,6,0.1070486307144165,0.004846449475735426,0
60,7,7,9.582817438058555e-05,3.2325595533677642e-09,0
61,3,5,0.014250993728637695,0.00012380818952806294,1
62,6,6,0.05042615532875061,0.0010696589015424252,0
63,3,3,0.14434915781021118,0.004216903354972601,0
64,6,6,0.01429690420627594,6.358300743158907e-05,0
65,2,2,0.0041784439235925674,8.369838724320289e-06,0
66,1,1,0.169403076171875,0.011938323266804218,0
67,2,2,0.08576580882072449,0.0022697290405631065,0
68,3,4,0.1281362771987915,0.006723516620695591,1
69,7,7,0.0029976796358823776,4.0890035961638205e-06,0
70,2,4,0.10406029224395752,0.0032963783014565706,1
71,6,6,0.026484757661819458,0.0003840015851892531,0
72,8,8,2.3165455786511302e-05,2.2224191931208281e-10,0
73,8,8,0.00044556823559105396,5.606178277162144e-08,0
74,0,0,0.02661655843257904,0.0001742000167723745,0
75,2,2,6.8387707869987935e-06,1.2877958248391774e-11,0
76,9,9,0.010061003267765045,2.2453159544966184e-05,0
77,3,3,0.013908445835113525,0.00030585593776777387,0
78,3,3,0.032328784465789795,0.0021449250634759665,0
79,8,8,0.013085475191473961,7.250622729770839e-05,0
80,8,8,0.00044418906327337027,8.715692700889122e-08,0
81,1,1,0.09992676973342896,0.005174557212740183,0
82,1,1,0.00010578942601568997,4.8399768637352736e-09,0
83,7,7,0.17909687757492065,0.014933492057025433,0
84,2,2,0.0012030107900500298,2.9450708893818955e-07,0
85,5,7,0.1565089225769043,0.008689811453223228,1
86,2,7,0.232283353805542,0.010890370234847069,1
87,7,3,0.17900609970092773,0.0057291449047625065,1
88,8,8,0.00023875082843005657,1.563677898275273e-08,0
89,9,9,1.9934523152187467e-06,2.0560345960485282e-12,0
90,0,0,0.0028446177020668983,2.706091208892758e-06,0
91,3,3,0.017578229308128357,8.516415255144238e-05,0
92,8,8,0.0007194334175437689,1.862049572309843e-07,0
93,6,6,0.001390119083225727,6.195879223014344e-07,0
94,4,4,0.009712178260087967,2.866576505766716e-05,0
95,6,6,0.06445685029029846,0.0013256098609417677,0
96,6,6,0.04906686395406723,0.0013228602474555373,0
97,0,0,0.036525577306747437,0.00039501721039414406,0
98,0,0,0.004072864539921284,7.1216863943845965e-06,0
99,7,7,2.4300534278154373e-05,8.655860056494546e-11,0
100,4,4,0.13709676265716553,0.003876307513564825,0
101,5,5,0.043811261653900146,0.0005069548496976495,0
102,6,6,0.0008312980644404888,3.808629571722122e-07,0
103,3,3,0.0008606291376054287,3.1099557418201584e-07,0
104,1,1,0.0004694233648478985,7.930704271075228e-08,0
105,1,1,0.002471610903739929,1.4587789110009908e-06,0
106,3,3,0.2166672945022583,0.010553902015089989,0
107,6,6,3.3808464650064707e-06,2.441182238993589e-12,0
108,8,8,0.0033643338829278946,2.92158915726759e-06,0
109,7,7,0.0033603422343730927,2.2723902475263458e-06,0
110,4,4,0.04322709143161774,0.0006447574705816805,0
111,0,0,0.00036195956636220217,2.3574004970328133e-08,0
112,6,2,0.2499893307685852,0.01124378852546215,1
113,2,2,0.0007840017788112164,1.702013463500407e-07,0
114,1,1,0.049033910036087036,0.0008667508373036981,0
115,3,3,0.03459608554840088,0.0003346314770169556,0
116,0,0,0.0015904232859611511,7.686359140279819e-07,0
117,4,4,0.008798226714134216,2.1221008864813484e-05,0
118,2,3,0.08936643600463867,0.003408631309866905,1
119,7,7,0.03845483064651489,0.0005353933665901423,0
120,8,8,0.022904761135578156,0.0002614098193589598,0
121,3,3,0.016688168048858643,0.0006695330957882106,0
122,1,1,4.1521707316860557e-07,7.929322075241746e-14,0
123,2,2,0.00010734415263868868,4.758993643605436e-09,0
124,8,8,0.009662598371505737,2.461962321831379e-05,0
125,0,0,0.1330135464668274,0.007764548994600773,0
126,8,8,0.05615401268005371,0.0010136181954294443,0
127,3,3,0.04319882392883301,0.001108984462916851,0
128,5,6,0.1383339762687683,0.008207538165152073,1
129,2,2,0.08255964517593384,0.0027897704858332872,0
130,4,4,0.009607158601284027,6.687423592666164e-05,0
131,1,1,1.1372553672117647e-06,6.192985577482824e-13,0
132,8,8,0.013309741392731667,4.4374537537805736e-05,0
133,9,9,0.000227937416639179,2.272062182839818e-08,0
134,1,1,0.014749817550182343,7.05471757100895e-05,0
135,2,2,0.02979719638824463,0.00028571387520059943,0
136,9,9,0.0008031968027353287,1.5400856057112833e-07,0
137,7,7,0.2025640606880188,0.012870455160737038,0
138,2,2,0.0011005229316651821,2.9074104190840444e-07,0
139,9,8,0.012108676135540009,5.939273250987753e-05,1
140,6,6,0.020550746470689774,0.00011087376333307475,0
141,5,5,0.006267033517360687,3.544622813933529e-05,0
142,6,6,0.0023538069799542427,1.3679658650289639e-06,0
143,3,3,0.08058691024780273,0.004108272027224302,0
144,8,8,0.0048235878348350525,7.96721906226594e-06,0
145,7,7,0.10066509246826172,0.0035766144283115864,0
146,6,6,0.06336382031440735,0.00146016466896981,0
147,2,2,0.29348599910736084,0.01623241975903511,0
148,5,4,0.10113751888275146,0.0044693173840641975,1
149,2,2,0.00047936500050127506,5.798574420623481e-08,0
150,8,8,0.0014788564294576645,1.6489682366227498e-06,0
151,9,9,0.02464437484741211,0.0004515891778282821,0
152,6,6,0.0003647594712674618,4.858317836919923e-08,0
153,0,0,0.017678633332252502,7.19563031452708e-05,0
154,0,0,0.00476585328578949,1.5095592061697971e-05,0
155,5,5,0.08734631538391113,0.0027686292305588722,0
156,2,2,0.029794856905937195,0.0003047361969947815,0
157,9,9,2.126926847267896e-05,9.985573479198706e-11,0
158,5,3,0.0268058180809021,0.0015500111039727926,1
159,4,4,7.582068064948544e-06,1.4663607134091095e-11,0
160,2,2,0.1010885238647461,0.003967815078794956,0
161,1,1,0.0008901443798094988,2.982835667353356e-07,0
162,6,6,0.017885684967041016,0.0001705745526123792,0
163,6,6,0.0326995849609375,0.00048400554805994034,0
164,8,0,0.15188241004943848,0.007205371744930744,1
165,4,4,0.0036803707480430603,3.7516911106649786e-06,0
166,8,8,0.003762001171708107,3.142750529150362e-06,0
167,4,4,0.02156013250350952,0.00020145131566096097,0
168,5,5,0.15166306495666504,0.0056662303395569324,0
169,0,0,0.01863948255777359,0.0001175071593024768,0
170,9,9,0.003825919236987829,6.283230504777748e-06,0
171,9,3,0.20091849565505981,0.007375393994152546,1
172,9,9,0.07126784324645996,0.0014377462211996317,0
173,8,8,0.005191406235098839,5.674483873008285e-06,0
174,9,9,0.003172234632074833,2.873892753996188e-06,0
175,9,9,3.217812263756059e-06,2.3012689844004175e-12,0
176,3,3,0.01694350689649582,0.00015606787928845733,0
177,7,7,0.0015789694152772427,9.689197213447187e-07,0
178,5,3,0.014510810375213623,0.00032019655918702483,1
179,0,0,0.0029967017471790314,2.8010181267745793e-06,0
180,0,0,0.059973686933517456,0.0013015918666496873,0
181,5,5,0.0017393380403518677,1.1790971257141791e-06,0
182,2,2,0.00013030756963416934,4.419033139413386e-09,0
183,2,2,0.01232030987739563,4.270111821824685e-05,0
184,3,3,0.06037294864654541,0.001379391411319375,0
185,8,8,4.6975560508144554e-07,4.8847925894100405e-14,0
186,6,6,0.006097272038459778,1.3209554708737414e-05,0
187,3,3,0.012989625334739685,5.6521072110626847e-05,0
188,4,3,0.047605931758880615,0.0006920385640114546,1
189,0,8,0.05591630935668945,0.0008422282407991588,1
190,5,5,0.019781693816184998,0.0002652010298334062,0
191,8,8,0.04701341688632965,0.000584611960221082,0
192,0,0,0.16376125812530518,0.006427825428545475,0
193,1,1,0.0015975618734955788,1.4576693274648278e-06,0
194,7,7,0.015725865960121155,7.949169958010316e-05,0
195,2,3,0.08958655595779419,0.004624493885785341,1
196,8,8,3.5179502447135746e-05,2.3454624353824727e-10,0
197,8,8,0.0503222793340683,0.0006928029470145702,0
198,7,7,0.030906885862350464,0.00029342170455493033,0
199,8,8,0.005515353754162788,6.365869921864942e-06,0
200,5,5,0.01662324368953705,0.0001440048508811742,0
201,1,9,0.0925896167755127,0.005581704434007406,1
202,8,8,1.6057798347901553e-05,3.416824462254553e-11,0
203,7,7,0.002570865675806999,2.8352576464385493e-06,0
204,1,1,0.0002655626740306616,2.761774453574617e-08,0
205,3,3,0.0036186501383781433,1.09086840893724e-05,0
206,0,0,0.009137213230133057,4.9168593250215054e-05,0
207,5,5,0.005034947767853737,7.86646251071943e-06,0
208,7,7,0.0007937421323731542,2.696986314276728e-07,0
209,9,9,0.00296817347407341,2.4180637865356402e-06,0
210,7,7,0.06999236345291138,0.0017950715264305472,0
211,4,4,0.1945454478263855,0.007500131614506245,0
212,5,5,0.016461169347167015,0.00010560501686995849,0
213,9,9,0.4667709767818451,0.027781039476394653,0
214,8,8,0.3306243419647217,0.02159474417567253,0
215,0,0,0.054335325956344604,0.0015659909695386887,0
216,7,7,0.00012069259537383914,4.820361443336196e-09,0
217,9,9,3.67282482329756e-05,4.4207859595246646e-10,0
218,8,0,0.11333966255187988,0.003901441814377904,1
219,2,2,0.005788404494524002,1.1463331247796305e-05,0
220,7,7,0.104987233877182,0.006685527972877026,0
221,6,3,0.046800464391708374,0.0007469147676602006,1
222,9,9,0.00027256953762844205,2.80511471828504e-08,0
223,4,3,0.0598679780960083,0.0027916566468775272,1
224,3,5,0.17029154300689697,0.010203070938587189,1
225,9,9,0.017108064144849777,0.00013878052413929254,0
226,6,9,0.10431325435638428,0.003724460257217288,1
227,4,4,0.0014840052463114262,4.6916156293264066e-07,0
228,7,3,0.09923404455184937,0.002409846056252718,1
229,6,5,0.1741396188735962,0.009496824815869331,1
230,5,5,0.0003550772089511156,6.200676949674744e-08,0
231,1,1,1.2692529708147049e-05,3.031337680869939e-11,0
232,5,7,0.09899568557739258,0.005710962228477001,1
233,8,8,0.049808889627456665,0.0011492606718093157,0
234,8,8,0.0020160973072052,1.219646605932212e-06,0
235,0,0,0.0023118890821933746,1.7861830201582052e-06,0
236,4,4,0.000724258366972208,1.126921773675349e-07,0
237,0,0,0.06352132558822632,0.0014360796194523573,0
238,5,5,0.1046135425567627,0.006440775003284216,0
239,5,5,0.06412017345428467,0.005129813216626644,0
240,1,1,1.654584593779873e-06,1.2441328349488412e-12,0
241,1,1,0.0015406925231218338,1.1377522923794459e-06,0
242,8,8,0.05229604244232178,0.0011034103808924556,0
243,9,9,0.0007219912949949503,1.0942204653474619e-07,0
244,0,0,0.001404106616973877,6.660172289230104e-07,0
245,3,2,0.2508869171142578,0.01185004971921444,1
246,1,1,1.3521384971681982e-05,6.408916453093383e-11,0
247,9,8,0.0028241369873285294,1.9167289337929105e-06,1
248,2,2,0.0018533873371779919,1.0311106279914384e-06,0
249,2,2,0.020806610584259033,0.00023445645638275892,0
250,5,5,0.015819955617189407,7.860253390390426e-05,0
251,3,3,0.004616718739271164,1.2117750884499401e-05,0
252,9,9,1.185067155518027e-09,1.7160738101873982e-19,0
253,9,9,0.007291095331311226,1.9612825781223364e-05,0
254,4,4,0.03264731168746948,0.0004343708569649607,0
255,0,0,0.1116403341293335,0.005212304648011923,0
256,3,3,0.030066534876823425,0.00030804306152276695,0
257,0,0,0.0002347551053389907,1.0965742092139408e-08,0
258,0,0,0.13175082206726074,0.00779483700171113,0
259,9,9,0.04605063796043396,0.0004833777784369886,0
260,8,8,0.00940391793847084,3.329405444674194e-05,0
261,1,1,0.02031184732913971,0.0002142973680747673,0
262,5,3,0.038001179695129395,0.0014653434045612812,1
263,7,3,0.07568442821502686,0.0029411534778773785,1
264,0,8,0.09247088432312012,0.006332598626613617,1
265,8,8,0.0025679729878902435,1.46898958064412e-06,0
266,2,2,0.1343216896057129,0.005604014731943607,0
267,4,4,7.815742719685659e-06,2.162871791389076e-11,0
268,7,7,0.0004169077146798372,9.254505783928835e-08,0
269,0,0,0.04342760145664215,0.0005024535348638892,0
270,2,2,0.087208092212677,0.002897133119404316,0
271,3,5,0.12090647220611572,0.010049988515675068,1
272,6,6,0.0008668750524520874,1.3635671791689674e-07,0
273,3,3,0.07879531383514404,0.004089475609362125,0
274,8,8,0.008732732385396957,1.9670105757541023e-05,0
275,5,5,0.0517810583114624,0.0013582385145127773,0
276,0,0,0.0004910682328045368,3.6946133263882075e-08,0
277,3,3,0.12824785709381104,0.0049351854249835014,0
278,4,4,0.030091404914855957,0.0004595068166963756,0
279,3,3,0.10417795181274414,0.003096644300967455,0
280,9,9,0.015167493373155594,5.610395601252094e-05,0
281,0,0,0.00023120420519262552,1.7908613259010053e-08,0
282,6,6,0.0008647209033370018,2.098442308806625e-07,0
283,1,1,0.00018895615357905626,1.591036458137296e-08,0
284,0,0,0.06833714246749878,0.0030009052716195583,0
285,9,9,0.000935953576117754,1.9747696455851838e-07,0
286,1,1,0.03967273235321045,0.0004957688506692648,0
287,0,0,0.05121368169784546,0.0014252334367483854,0
288,7,7,0.05826947093009949,0.0014108286704868078,0
289,9,9,0.002587655559182167,1.5797437526998692e-06,0
290,1,1,5.555967800319195e-05,1.0727448929159777e-09,0
291,2,2,0.0008716636803001165,2.5345883614136255e-07,0
292,6,6,0.02297157049179077,0.0005294200382195413,0
293,9,9,0.02632579207420349,0.0005198043654672801,0
294,3,3,0.0027996916323900223,6.190696240082616e-06,0
295,4,4,0.07022742927074432,0.0026330796536058187,0
296,6,6,6.48376953904517e-06,1.8345344340864322e-11,0
297,0,0,0.019367747008800507,0.0002687181404326111,0
298,0,0,0.04045763611793518,0.0010228119790554047,0
299,6,6,0.0011138152331113815,4.590247897340305e-07,0
300,6,6,0.0025330791249871254,1.2443343848644872e-06,0
301,6,6,0.0017844131216406822,1.0277727824359317e-06,0
302,3,5,0.06094694137573242,0.002744879573583603,1
303,2,2,0.020268112421035767,9.482105087954551e-05,0
304,6,6,0.006074938923120499,1.4463157640420832e-05,0
305,1,1,0.0032903337851166725,4.696389623859432e-06,0
306,8,9,0.0524786114692688,0.0018891568761318922,1
307,2,2,0.01043669879436493,3.1553230655845255e-05,0
308,1,1,0.0027875956147909164,4.976275704393629e-06,0
309,6,4,0.014156214892864227,0.00011545878078322858,1
310,8,8,0.10062111914157867,0.004287265241146088,0
311,6,6,9.954387678590138e-07,3.457282745679413e-13,0
312,8,0,0.015254870057106018,0.00012812932254746556,1
313,0,2,0.08542877435684204,0.0018551662797108293,1
314,4,4,0.12691611051559448,0.006361138075590134,0
315,0,0,0.0024467846378684044,1.1704524922606652e-06,0
316,7,7,0.006981473416090012,1.6142297681653872e-05,0
317,7,7,0.003869706764817238,5.7876868595485575e-06,0
318,5,5,0.0026389830745756626,1.8757057205220917e-06,0
319,5,5,0.0004473482258617878,6.202417779377356e-08,0
320,3,3,0.04622077941894531,0.0006709186709485948,0
321,5,3,0.0944785475730896,0.007956313900649548,1
322,2,2,0.0008917408995330334,2.2006925348705408e-07,0
323,3,3,0.03614318370819092,0.001098106848075986,0
324,4,4,0.19735312461853027,0.008837425149977207,0
325,1,1,0.008567892014980316,1.3828217561240308e-05,0
326,7,7,0.02281046099960804,0.0002197042340412736,0
327,5,5,0.009267263114452362,4.551651363726705e-05,0
328,4,4,0.0006315377540886402,8.825426789371704e-08,0
329,6,6,0.006737923249602318,1.1279162208666094e-05,0
330,1,1,0.0008015455678105354,2.8293086984376714e-07,0
331,9,9,0.0007764068432152271,2.1811345618516498e-07,0
332,3,3,0.040824905037879944,0.0007396222790703177,0
333,6,6,1.5816818631719798e-05,6.015314635288149e-11,0
334,6,6,3.2740295864641666e-05,3.820287142186629e-10,0
335,9,9,0.0024734074249863625,2.8498209303506883e-06,0
336,3,3,0.004455560818314552,7.29986504666158e-06,0
337,8,8,0.010114729404449463,2.3530465114163235e-05,0
338,0,0,0.06049370765686035,0.002585166599601507,0
339,7,7,0.020764991641044617,0.00011282154446234927,0
340,2,2,0.026453152298927307,0.00024369041784666479,0
341,6,6,0.00165537279099226,1.0575400892776088e-06,0
342,2,0,0.11271554231643677,0.008338150568306446,1
343,5,5,0.09183919429779053,0.002454980742186308,0
344,8,8,0.012596756219863892,7.293586531886831e-05,0
345,5,5,0.0008485089056193829,4.173622869529936e-07,0
346,4,4,0.045781612396240234,0.0006989586399868131,0
347,6,6,0.0048862025141716,7.116200777090853e-06,0
348,8,8,0.0017497474327683449,9.467757990933023e-07,0
349,9,9,0.02643650770187378,0.0006202678196132183,0
350,9,9,1.8313730834051967e-06,1.407158460933755e-12,0
351,1,1,3.916193963959813e-05,8.10784883675808e-10,0
352,0,0,0.006683811545372009,1.922047886182554e-05,0
353,2,2,2.9649134376086295e-05,3.625282851693612e-10,0
354,2,3,0.21338295936584473,0.011880139820277691,1
355,7,4,0.05652925372123718,0.0012483795871958137,1
356,3,5,0.06663650274276733,0.0011729433899745345,1
357,2,2,0.09508970379829407,0.0025693667121231556,0
358,8,8,0.0004293867386877537,7.332619134103879e-08,0
359,0,0,0.0018562152981758118,1.6644992228975752e-06,0
360,9,9,0.0006134726572781801,1.7183899103656586e-07,0
361,5,5,0.002691555768251419,2.5222459498763783e-06,0
362,8,8,2.437900548102334e-07,1.1121578172832748e-14,0
363,1,8,0.05094584822654724,0.00111617601942271,1
364,9,9,0.0002719524782150984,1.3428214984401166e-08,0
365,4,4,0.010833870619535446,3.518423909554258e-05,0
366,1,1,0.011316567659378052,5.7884917623596266e-05,0
367,3,3,0.047921568155288696,0.000525727984495461,0
368,8,8,0.07033020257949829,0.0021343515254557133,0
369,1,1,2.7678179321810603e-06,1.6984946435427695e-12,0
370,4,4,0.17520910501480103,0.009091759100556374,0
371,7,7,0.00047156482469290495,6.103535099555302e-08,0
372,9,9,7.976926281116903e-05,9.469214301560669e-10,0
373,4,4,0.11558777093887329,0.0028760528657585382,0
374,2,2,5.387533747125417e-06,8.270261211973384e-12,0
375,7,7,0.011847663670778275,6.800841947551817e-05,0
376,0,0,0.043902695178985596,0.0007971064187586308,0
377,7,7,0.18933820724487305,0.007143930997699499,0
378,0,8,0.18365758657455444,0.005691559985280037,1
379,6,6,6.891178782097995e-05,7.204806196092761e-10,0
380,6,6,0.00039721536450088024,4.216075311092027e-08,0
381,9,9,0.0014786086976528168,6.800991059208172e-07,0
382,0,0,0.0018523037433624268,9.638392839406151e-07,0
383,9,1,0.19423294067382812,0.007547179702669382,1
384,2,5,0.11999332904815674,0.006702290382236242,1
385,8,8,0.08072082698345184,0.0019064450170844793,0
386,7,7,9.204333764500916e-06,1.9068671988642372e-11,0
387,2,2,0.13353073596954346,0.0064322734251618385,0
388,2,2,0.10966861248016357,0.007416876964271069,0
389,5,5,0.05115129053592682,0.001098622684367001,0
390,1,1,9.899094948195852e-07,3.299193600606043e-13,0
391,2,2,3.491615643724799e-06,3.872860365738973e-12,0
392,6,6,0.1304437220096588,0.006306138820946217,0
393,2,2,0.13640034198760986,0.006696179509162903,0
394,9,9,0.0018005343154072762,1.1024724244634854e-06,0
395,6,6,0.004025790840387344,9.385766134073492e-06,0
396,2,2,0.03466062247753143,0.000566229922696948,0
397,3,3,0.08241420984268188,0.0036597964353859425,0
398,0,0,0.059091925621032715,0.0008409338188357651,0
399,3,3,0.08177623152732849,0.002333142329007387,0
400,9,9,9.653461165726185e-05,2.454294989462369e-09,0
401,8,8,0.01298203319311142,7.860463665565476e-05,0
402,7,7,0.13107672333717346,0.005981401540338993,0
403,8,8,0.004520056769251823,9.370352927362546e-06,0
404,8,8,9.867979679256678e-05,2.2774977459505408e-09,0
405,4,4,0.07086768746376038,0.0015005144523456693,0
406,0,0,0.0006141997873783112,1.551100012875395e-07,0
407,1,1,0.04391951113939285,0.0007864991202950478,0
408,8,8,1.3372613466344774e-05,2.797175338575819e-11,0
409,2,2,0.18516284227371216,0.01022636890411377,0
410,7,7,0.0015437547117471695,9.871189377008704e-07,0
411,9,9,0.019869118928909302,0.00011052747868234292,0
412,3,3,0.058114826679229736,0.0011915025534108281,0
413,6,6,0.0026772278361022472,3.018006736965617e-06,0
414,1,1,0.029257506132125854,0.0002019230305450037,0
415,9,9,2.6714287741924636e-06,2.916376124970088e-12,0
416,0,0,0.14230984449386597,0.005789337679743767,0
417,7,7,0.07211805880069733,0.002543217269703746,0
418,3,3,0.042972564697265625,0.0013730593491345644,0
419,7,7,0.0008806267287582159,2.406019063982967e-07,0
420,4,4,0.0005198947619646788,8.884804003628233e-08,0
421,5,5,0.10687434673309326,0.0036697450559586287,0
422,0,8,0.01571601629257202,0.00015304908447433263,1
423,0,0,0.00566578283905983,7.495666068280116e-06,0
424,2,2,0.00010208936873823404,3.430889794486802e-09,0
425,9,9,0.0009261080995202065,3.4581461250127177e-07,0
426,3,3,0.06671065092086792,0.001585107878781855,0
427,4,2,0.1842355728149414,0.005231881979852915,1
428,0,0,0.32238709926605225,0.015368394553661346,0
429,6,6,0.0015221387147903442,3.9676427832091576e-07,0
430,2,4,0.021296188235282898,0.00035459297941997647,1
431,5,5,0.03894925117492676,0.001650978229008615,0
432,3,3,0.01645021140575409,0.00023069666349329054,0
433,7,2,0.17820924520492554,0.010474534705281258,1
434,3,3,0.0424119234085083,0.0007950760191306472,0
435,7,7,0.00030808732844889164,3.186513453101725e-08,0
436,2,2,0.0032774973660707474,2.29031638809829e-06,0
437,5,5,0.01886458694934845,0.00012590400001499802,0
438,3,3,0.006564006209373474,2.7869373298017308e-05,0
439,1,8,0.17670750617980957,0.005634816829115152,1
440,1,1,0.0003500820603221655,6.899456650444336e-08,0
441,4,4,0.019707083702087402,0.00011368348350515589,0
442,9,9,0.000301177438814193,3.311824769980376e-08,0
443,9,9,0.011160716414451599,2.96282578347018e-05,0
444,5,5,0.028525754809379578,0.00043028887012042105,0
445,7,7,0.02686447650194168,0.00019139035430271178,0
446,5,5,0.03512150049209595,0.000480797840282321,0
447,0,0,0.06598809361457825,0.0011032683541998267,0
448,2,2,0.001926884986460209,8.606191954640963e-07,0
449,2,2,0.036317527294158936,0.001581558957695961,0
450,2,2,0.19559121131896973,0.007426379714161158,0
451,9,9,0.022559747099876404,0.00023635951220057905,0
452,7,7,0.011355910450220108,4.095824988326058e-05,0
453,3,3,0.08093100786209106,0.0024946474004536867,0
454,9,9,0.00036389671731740236,4.543561260561546e-08,0
455,4,4,0.013282865285873413,7.117765198927373e-05,0
456,3,4,0.17232072353363037,0.008922512643039227,1
457,5,5,0.07770088315010071,0.002278510946780443,0
458,4,4,0.053770601749420166,0.0033026565797626972,0
459,6,6,0.16684627532958984,0.005892336834222078,0
460,5,5,0.024437278509140015,0.00015293173782993108,0
461,6,6,0.003570105880498886,7.970093975018244e-06,0
462,1,1,0.012177016586065292,7.97621178207919e-05,0
463,4,4,0.03488042950630188,0.00031055600265972316,0
464,3,3,0.07941955327987671,0.001763559295795858,0
465,4,4,0.000995401293039322,2.896604769375699e-07,0
466,4,4,0.00875210389494896,3.4294418583158404e-05,0
467,3,3,0.00782092660665512,2.1749865481979214e-05,0
468,7,7,0.0015928540378808975,6.731013968419575e-07,0
469,8,8,0.00038153398782014847,4.8495611082444157e-08,0
470,3,3,0.06340336799621582,0.001587273902259767,0
471,7,7,0.0004200791008770466,4.1414089935187803e-08,0
472,8,8,9.84963662631344e-07,3.1277202507638824e-13,0
473,0,0,0.046317145228385925,0.0006973019917495549,0
474,5,5,0.12002986669540405,0.00467710429802537,0
475,7,7,0.009265057742595673,2.4353015760425478e-05,0
476,6,6,0.20313286781311035,0.009966760873794556,0
477,0,0,0.016021303832530975,7.19947274774313e-05,0
478,5,5,0.13514858484268188,0.0073836930096149445,0
479,4,4,8.385133696720004e-06,2.268354601375755e-11,0
480,8,8,0.0656554102897644,0.0009141609771177173,0
481,6,6,0.00038440257776528597,3.7648920425681354e-08,0
482,8,8,0.0005172849632799625,9.422991809060477e-08,0
483,5,5,0.015281341969966888,5.2011262596352026e-05,0
484,5,5,0.004203489050269127,6.029710675647948e-06,0
485,9,7,0.15080881118774414,0.007019758224487305,1
486,9,9,3.3244814403587952e-06,3.042004582259894e-12,0
487,9,9,0.00012160185724496841,6.6116347952061005e-09,0
488,5,5,0.0838356614112854,0.0026077614165842533,0
489,0,0,0.029191553592681885,0.0006448287167586386,0
490,1,1,4.993653419660404e-06,8.73730515021931e-12,0
491,0,0,0.10842221975326538,0.0025613103061914444,0
492,8,8,0.005643838085234165,1.3822599612467457e-05,0
493,1,1,5.473136843647808e-05,1.300766716560986e-09,0
494,1,1,0.009390430524945259,3.856313560390845e-05,0
495,8,8,3.368781108292751e-06,3.888078661112848e-12,0
496,0,0,0.008573111146688461,1.4626610209234059e-05,0
497,2,2,0.11137104034423828,0.007766508497297764,0
498,2,2,2.5279382498410996e-07,1.8871868653837394e-14,0
499,0,0,0.026464879512786865,0.001538703334517777,0
500,4,4,0.016104858368635178,0.00011671509128063917,0
501,6,6,0.005853170529007912,1.5290494047803804e-05,0
502,5,5,0.08583742380142212,0.005346129182726145,0
503,4,4,0.006647087633609772,1.4528925021295436e-05,0
504,9,9,0.00017054867930710316,1.3989077451981302e-08,0
505,4,4,2.020615283981897e-06,9.134028169238695e-13,0
506,7,7,0.022124052047729492,0.00016935498570092022,0
507,9,9,0.0007346197962760925,2.825042599852168e-07,0
508,9,9,0.06053164601325989,0.0013130626175552607,0
509,4,4,0.002226044423878193,9.74714566837065e-07,0
510,5,5,4.282747977413237e-05,7.948212643604791e-10,0
511,6,6,0.0009917363058775663,4.2027627955576463e-07,0
512,6,6,0.005834336392581463,1.1133732186863199e-05,0
513,1,1,0.0005158468848094344,1.1382358167111306e-07,0
514,5,5,0.00038116704672574997,7.065704465958333e-08,0
515,3,3,0.021770380437374115,0.0002463004784658551,0
516,8,8,0.0005223803455010056,1.3331397497040598e-07,0
517,9,9,1.4043427654542029e-05,9.537230727385548e-11,0
518,5,7,0.07009917497634888,0.0023294396232813597,1
519,8,8,0.0003232529852539301,2.41714417370531e-08,0
520,5,5,0.03972911834716797,0.0015223362715914845,0
521,7,7,4.7682871809229255e-05,5.846784723040344e-10,0
522,0,0,0.010154299437999725,4.3351341446395963e-05,0
523,7,7,0.02279374748468399,0.00019128741405438632,0
524,0,0,0.15086352825164795,0.01088185328990221,0
525,5,5,0.00525091215968132,1.5529691154370084e-05,0
526,0,0,0.21774160861968994,0.010577810928225517,0
527,0,0,0.0008271918632090092,3.156280286020774e-07,0
528,4,4,0.005815736949443817,6.253386345633771e-06,0
529,6,6,0.04128313809633255,0.0006358326645568013,0
530,9,9,8.539151167497039e-06,1.1979165055742147e-11,0
531,0,3,0.14806658029556274,0.0043005249463021755,1
532,9,9,0.08587327599525452,0.00578040536493063,0
533,5,5,0.0005485569126904011,1.7787310468975193e-07,0
534,6,6,0.00039688253309577703,4.8059369817110564e-08,0
535,6,6,0.000309366500005126,4.4199008897294334e-08,0
536,6,6,2.9043221729807556e-05,2.3008392413537138e-10,0
537,2,2,0.024683259427547455,0.00015848664043005556,0
538,9,9,0.09724736213684082,0.0021977245341986418,0
539,0,0,0.007354907691478729,1.7529495380586013e-05,0
540,1,1,2.9174552764743567e-06,3.509403271456657e-12,0
541,7,7,0.10717004537582397,0.004660894628614187,0
542,6,6,0.0005647402722388506,8.070148282968148e-08,0
543,7,7,7.873488357290626e-05,2.7204867247832e-09,0
544,5,5,0.00011933321366086602,6.054709622560495e-09,0
545,9,9,0.0002832910977303982,2.8571799148835453e-08,0
546,1,1,0.004028374329209328,4.122975951759145e-06,0
547,6,6,0.007106207311153412,2.0262301404727623e-05,0
548,2,2,0.053132399916648865,0.0007613961352035403,0
549,5,5,0.0658872127532959,0.0032849933486431837,0
550,5,5,0.01872396469116211,0.00011814497702289373,0
551,5,5,0.04165220260620117,0.0014298269525170326,0
552,8,8,1.4260549505706877e-06,4.746322150410431e-13,0
553,5,5,0.019993111491203308,0.00018028328486252576,0
554,9,9,1.4357625332195312e-05,2.7929426132944357e-11,0
555,4,4,0.011201988905668259,3.206144901923835e-05,0
556,6,6,0.02098769322037697,0.00020875700283795595,0
557,4,4,4.4968153815716505e-05,4.691440014248371e-10,0
558,3,3,0.022102929651737213,0.00017160385323222727,0
559,2,2,1.2707062069239328e-07,1.3850680212403477e-14,0
560,0,0,0.009485147893428802,3.786466913879849e-05,0
561,7,7,0.0015285266563296318,8.210460009649978e-07,0
562,6,6,0.03451097011566162,0.0005440926761366427,0
563,2,0,0.244512677192688,0.011864750646054745,1
564,2,2,0.0013408709783107042,5.982859079267655e-07,0
565,3,5,0.053582966327667236,0.004893188364803791,1
566,9,9,0.00024231552379205823,2.2310313596562992e-08,0
567,7,7,0.13451576232910156,0.006984139326959848,0
568,9,9,0.0003364440053701401,2.123363529449307e-08,0
569,2,2,0.022790811955928802,0.00016656923980917782,0
570,6,6,0.007888708263635635,2.013200537476223e-05,0
571,7,7,0.00032359943725168705,2.7776058786344038e-08,0
572,1,1,0.03690153360366821,0.0007181245600804687,0
573,3,3,0.08272922039031982,0.0022596053313463926,0
574,6,6,0.002467171289026737,1.5631264886906138e-06,0
575,6,6,0.12607312202453613,0.005165336653590202,0
576,8,8,0.0005293969297781587,1.1735555460745672e-07,0
577,9,9,0.15510106086730957,0.012055356986820698,0
578,7,7,0.0030203480273485184,4.0957925193652045e-06,0
579,5,5,0.0010954160243272781,2.3028185580642457e-07,0
580,4,4,0.00011251057730987668,2.8539031138308246e-09,0
581,0,0,0.008481863886117935,2.2887674276717007e-05,0
582,8,8,0.0012353104539215565,5.103684657115082e-07,0
583,4,4,0.020920097827911377,0.0001761034654919058,0
584,0,0,0.0002568705240264535,2.774131147020853e-08,0
585,9,9,0.004697337746620178,6.281263722485164e-06,0
586,3,3,0.012754835188388824,8.791613072389737e-05,0
587,4,4,0.0039017535746097565,3.876695245708106e-06,0
588,8,8,2.1158084564376622e-06,1.0498824032367793e-12,0
589,9,9,3.8695870898664e-05,4.1433353969999587e-10,0
590,6,6,0.0011449307203292847,5.250337267170835e-07,0
591,9,9,0.001097897533327341,5.430114242699347e-07,0
592,2,2,4.316990498409723e-08,1.265363461661886e-15,0
593,6,6,0.0032634418457746506,3.246540700274636e-06,0
594,1,1,0.0010673850774765015,5.995996161800576e-07,0
595,4,4,0.0003758082166314125,2.5571665673851385e-08,0
596,7,7,1.4924144124961458e-06,1.1630769047518696e-12,0
597,3,3,0.1400991678237915,0.007067044731229544,0
598,5,3,0.08958613872528076,0.0036939154379069805,1
599,3,3,0.01578686386346817,4.858416286879219e-05,0
600,8,8,0.0033055637031793594,2.154667299691937e-06,0
601,5,5,0.015305645763874054,0.000137874303618446,0
602,0,0,0.00047973322216421366,5.815638814965496e-08,0
603,2,2,1.0575411579338834e-05,3.82898192319292e-11,0
604,1,1,4.697039912571199e-08,9.079876404243827e-15,0
605,6,6,2.5824556360021234e-05,1.9506844750605268e-10,0
606,4,4,0.009749092161655426,4.959130455972627e-05,0
607,3,3,0.056291818618774414,0.001385300769470632,0
608,3,3,0.0016190484166145325,1.3570229384640697e-06,0
609,9,9,2.390651232531127e-09,7.094107728407904e-19,0
610,6,6,0.00044281757436692715,4.879876769336988e-08,0
611,9,9,0.01834685355424881,0.00019801125745289028,0
612,8,8,0.10997815430164337,0.004025974310934544,0
613,8,8,0.0002759743947535753,1.1332124572049906e-08,0
614,5,5,0.01643954962491989,0.00013519504864234477,0
615,8,8,0.021685414016246796,0.00013311713701114058,0
616,6,6,0.0031992578878998756,3.3168871595989913e-06,0
617,6,5,0.12089842557907104,0.0062127066776156425,1
618,2,2,0.07163357734680176,0.001990698976442218,0
619,1,1,0.0006237109191715717,1.071887254511239e-07,0
620,7,7,2.402595418971032e-05,1.6489280774134585e-10,0
621,7,7,0.21921086311340332,0.008125976659357548,0
622,1,1,0.000923660583794117,3.9043305832819897e-07,0
623,2,2,0.07076941430568695,0.0021776396315544844,0
624,7,7,0.011931497603654861,6.127540109446272e-05,0
625,9,9,0.0004515550099313259,7.78832571768362e-08,0
626,9,9,0.0016657719388604164,1.3523912230084534e-06,0
627,4,4,0.005783926695585251,1.013032942864811e-05,0
628,4,4,5.321652861312032e-05,9.109077936386711e-10,0
629,1,1,0.05719059705734253,0.002477374393492937,0
630,2,2,0.02456776797771454,0.00012987517402507365,0
631,5,5,0.07949581742286682,0.001833943068049848,0
632,6,6,0.00021041458239778876,1.8923184796904025e-08,0
633,8,8,0.04379542917013168,0.0007100423681549728,0
634,7,7,0.006626605987548828,1.8484377505956218e-05,0
635,6,6,0.008470993489027023,3.6423036362975836e-05,0
636,8,8,0.00014691043179482222,4.6139625453633926e-09,0
637,3,7,0.09782028198242188,0.002724053105339408,1
638,0,0,0.001212557777762413,3.0982846510596573e-07,0
639,5,3,0.1255563497543335,0.004457105416804552,1
640,5,3,0.09892529249191284,0.0036467425525188446,1
641,3,3,0.047053009271621704,0.0006330441683530807,0
642,0,0,0.06593501567840576,0.0019647949375212193,0
643,7,7,0.00041984557174146175,2.7473181063442098e-08,0
644,9,9,0.0009790435433387756,2.4301954226757516e-07,0
645,1,1,9.150317055173218e-06,3.9474500057590234e-11,0
646,3,3,0.04983222484588623,0.0012801948469132185,0
647,4,4,0.10223269462585449,0.0033058985136449337,0
648,4,4,0.0003297673538327217,2.2344547545571913e-08,0
649,5,5,0.2434598207473755,0.013444395735859871,0
650,3,3,0.005991412326693535,7.990558515302837e-06,0
651,9,9,0.0005173534154891968,5.911546097081555e-08,0
652,5,5,0.07924744486808777,0.004149968735873699,0
653,6,6,0.09693598747253418,0.0035691172815859318,0
654,9,9,0.06737379729747772,0.0019547503907233477,0
655,2,4,0.006602339446544647,1.4866558558424003e-05,1
656,1,1,8.433830225840211e-05,3.193026287817702e-09,0
657,1,9,0.15513914823532104,0.004575806204229593,1
658,4,4,0.01187685877084732,2.9060951419523917e-05,0
659,1,1,0.0005151366349309683,1.13900078702045e-07,0
660,9,9,0.0065925102680921555,1.2158270692452788e-05,0
661,4,7,0.053196728229522705,0.00292411120608449,1
662,7,7,2.299025800311938e-05,2.164652068703532e-10,0
663,6,6,0.002190820872783661,1.7905729237099877e-06,0
664,3,3,0.0008921115659177303,3.576182905362657e-07,0
665,8,0,0.03766718506813049,0.0005574721144512296,1
666,9,9,0.002289167605340481,1.9407609670452075e-06,0
667,0,0,0.005601298063993454,1.4471168469754048e-05,0
668,1,1,0.02230776846408844,0.00015134617569856346,0
669,3,3,0.18601548671722412,0.00847726222127676,0
670,6,6,2.6772773708216846e-05,2.3057353248923107e-10,0
671,3,3,0.13003158569335938,0.004978549666702747,0
672,6,2,0.147785484790802,0.006400470621883869,1
673,3,3,0.00015553674893453717,8.6275750987852e-09,0
674,2,2,0.03660561144351959,0.0005993145168758929,0
675,0,8,0.061160534620285034,0.0012318645603954792,1
676,3,3,0.056309133768081665,0.0011432544561102986,0
677,1,9,0.16820761561393738,0.012753695249557495,1
678,0,0,0.019068017601966858,0.0003042336320504546,0
679,5,5,0.14118868112564087,0.011850530281662941,0
680,9,1,0.06466823816299438,0.0010235731024295092,1
681,6,6,0.001980230677872896,1.6839245517985546e-06,0
682,4,4,0.24405419826507568,0.010224566794931889,0
683,8,0,0.09078603982925415,0.0021445767488330603,1
684,9,9,0.07523185014724731,0.00117733352817595,0
685,6,2,0.11852192878723145,0.0038381193298846483,1
686,9,9,0.02149564027786255,0.00013752472295891494,0
687,6,6,0.025371253490447998,0.00028013763949275017,0
688,3,3,0.109829843044281,0.003128610085695982,0
689,0,3,0.0625678300857544,0.0023794728331267834,1
690,3,3,0.09176862239837646,0.005173021461814642,0
691,2,2,0.0003730430034920573,3.5972906431425145e-08,0
692,2,2,0.013884395360946655,0.00010530014696996659,0
693,7,7,0.00014620251022279263,6.144505793059807e-09,0
694,8,8,2.627994035719894e-06,3.254271851993451e-12,0
695,3,3,0.0006473150569945574,1.024214242306698e-07,0
696,8,8,0.09891223907470703,0.007856388576328754,0
697,2,2,0.013662829995155334,4.86499848193489e-05,0
698,7,7,0.0001979813678190112,1.6148540282756585e-08,0
699,5,5,0.009009689092636108,2.624629996716976e-05,0
700,7,7,2.2525076929014176e-05,1.1836334690151773e-10,0
701,2,2,0.0069009680300951,1.595592220837716e-05,0
702,4,4,0.0009958776645362377,2.492715225344e-07,0
703,8,8,0.012950586155056953,6.382942228810862e-05,0
704,7,7,0.044828206300735474,0.0008096937090158463,0
705,4,4,0.0010129353031516075,2.6306486233806936e-07,0
706,2,2,0.00158229423686862,8.965844244812615e-07,0
707,9,9,0.09213477373123169,0.0022348864004015923,0
708,8,8,0.012692917138338089,3.455074693192728e-05,0
709,8,8,3.1645845410821494e-07,1.0827215588937039e-14,0
710,6,6,0.037734031677246094,0.0003929076192434877,0
711,8,8,0.018670976161956787,0.00020921009127050638,0
712,8,8,1.7053862393368036e-06,6.219445531502332e-13,0
713,7,7,0.14314332604408264,0.005000825505703688,0
714,4,4,0.0010195448994636536,2.834840699961205e-07,0
715,3,2,0.05177271366119385,0.0011119263945147395,1
716,3,3,0.0005411671008914709,6.46131042003617e-08,0
717,8,8,0.0015507168136537075,6.261959697440034e-07,0
718,4,4,0.06110602617263794,0.0012898598797619343,0
719,9,9,0.08264392614364624,0.0023296470753848553,0
720,4,4,0.00173143669962883,7.837804218979727e-07,0
721,8,8,0.0001115321647375822,2.5553121840715676e-09,0
722,8,8,7.925191312097013e-05,2.065705828613318e-09,0
723,1,1,0.00039233837742358446,6.029762289472274e-08,0
724,8,8,0.00026879715733230114,1.5833363065098638e-08,0
725,2,8,0.1022678017616272,0.004186869598925114,1
726,1,1,4.7908833948895335e-06,9.28326599619611e-12,0
727,3,3,0.034910649061203,0.0003638669440988451,0
728,6,6,0.0040112147107720375,7.417372216877993e-06,0
729,5,5,0.0008203042671084404,3.396200156657869e-07,0
730,4,4,0.027958452701568604,0.0005515383090823889,0
731,2,0,0.028780609369277954,0.00012068605428794399,1
732,7,7,0.00019850325770676136,1.7796471851738715e-08,0
733,9,9,0.005137037485837936,7.561513484688476e-06,0
734,9,9,0.15469038486480713,0.006120105739682913,0
735,4,2,0.04406626522541046,0.00070590601535514,1
736,1,1,0.09624806046485901,0.004858707543462515,0
737,4,4,0.001571880653500557,9.105020808419795e-07,0
738,1,1,0.0017959615215659142,1.0057059398604906e-06,0
739,3,5,0.1858595609664917,0.008441513404250145,1
740,2,2,0.03972741961479187,0.0006895316182635725,0
741,7,7,0.021956827491521835,0.00021480298892129213,0
742,0,0,0.013317892327904701,8.795546455075964e-05,0
743,7,7,2.875935024349019e-06,3.745688655076851e-12,0
744,9,9,0.2869424819946289,0.01045179832726717,0
745,7,7,0.000818098895251751,2.744413336586149e-07,0
746,6,6,0.1096753478050232,0.0036184873897582293,0
747,6,6,0.0007874229922890663,3.2893609613893204e-07,0
748,2,2,2.76600694633089e-05,2.830246315088658e-10,0
749,5,3,0.04777991771697998,0.0019266618182882667,1
750,9,9,3.167109389323741e-05,4.5542139504028967e-10,0
751,2,0,0.04668021202087402,0.001117219915613532,1
752,9,9,0.019101962447166443,0.00020587183826137334,0
753,1,1,0.0005466891452670097,1.3100805063004373e-07,0
754,2,2,0.0064262934029102325,1.1307361091894563e-05,0
755,2,0,0.11858999729156494,0.004725115839391947,1
756,6,6,2.3312153643928468e-05,1.1171524816333545e-10,0
757,8,8,0.000352128641679883,3.8695954884815364e-08,0
758,2,2,0.00027760094963014126,2.7742279584686003e-08,0
759,1,1,4.863629874307662e-05,1.1927946408363255e-09,0
760,3,5,0.1905192732810974,0.011651665903627872,1
761,6,6,0.11676579713821411,0.004088493529707193,0
762,6,6,0.0003422474255785346,2.141747401651628e-08,0
763,0,0,0.02069583162665367,9.615281305741519e-05,0
764,1,1,0.00018794334027916193,7.299129745064192e-09,0
765,2,2,0.0005660979077219963,5.112398326900802e-08,0
766,7,7,0.010052293539047241,4.7124205593718216e-05,0
767,0,9,0.35677802562713623,0.01326075941324234,1
768,5,5,0.008274316787719727,5.101290298625827e-05,0
769,4,4,0.01234823651611805,5.612272798316553e-05,0
770,6,3,0.18652796745300293,0.009523686952888966,1
771,1,9,0.18653351068496704,0.008883683942258358,1
772,6,6,6.363485590554774e-05,1.7582990619047223e-09,0
773,4,4,0.06548672914505005,0.0017118193209171295,0
774,0,0,0.01353665441274643,4.83496805827599e-05,0
775,2,2,0.217238187789917,0.010218783281743526,0
776,2,5,0.09261095523834229,0.004188437480479479,1
777,6,6,0.011553434655070305,3.585923695936799e-05,0
778,0,0,8.410168811678886e-05,2.2995840787132238e-09,0
779,5,6,0.10564100742340088,0.0034487314987927675,1
780,9,9,0.006297636777162552,1.2116569450881798e-05,0
781,1,1,0.0003120384644716978,3.297293460491346e-08,0
782,7,7,0.00579635426402092,1.1975207598879933e-05,0
783,6,6,0.0003414745442569256,2.7802181890024258e-08,0
784,7,7,0.12837618589401245,0.006062900181859732,0
785,0,0,0.0006355340592563152,1.566539253872179e-07,0
786,3,3,0.03280986472964287,0.0004334172117523849,0
787,9,9,0.0010330742225050926,1.922655599173595e-07,0
788,6,6,0.007203897461295128,1.4488963643088937e-05,0
789,8,8,1.8996521248482168e-05,1.2498449497577724e-10,0
790,3,0,0.09619647264480591,0.0020118344109505415,1
791,0,0,0.0006461471784859896,9.695772718032458e-08,0
792,3,5,0.07733559608459473,0.0039740358479321,1
793,4,5,0.16992592811584473,0.006507896818220615,1
794,7,7,0.0008071102201938629,1.836949223843476e-07,0
795,7,7,0.035400375723838806,0.0006191953434608877,0
796,1,9,0.060929059982299805,0.001468478119932115,1
797,4,4,0.020570605993270874,9.612884605303407e-05,0
798,7,7,0.09013238549232483,0.00227183336392045,0
799,2,6,0.23255884647369385,0.010831804946064949,1
800,7,7,1.5858873666729778e-05,7.809206059583573e-11,0
801,1,1,0.0006676702760159969,1.789042585187417e-07,0
802,4,4,0.1543256938457489,0.005916687659919262,0
803,7,7,0.00015353685012087226,8.914788907077309e-09,0
804,4,4,0.0018247263506054878,1.0100727649842156e-06,0
805,4,4,0.002115391194820404,1.7374956087223836e-06,0
806,8,8,0.05426739156246185,0.0009737084619700909,0
807,4,4,0.004354469478130341,6.593243597308174e-06,0
808,7,7,0.32241570949554443,0.016046198084950447,0
809,7,7,0.21720099449157715,0.01110866479575634,0
810,5,2,0.05172312259674072,0.0008906602161005139,1
811,3,5,0.022741392254829407,0.00016816987772472203,1
812,7,7,0.0016513979062438011,7.982366696523968e-07,0
813,2,2,0.0029272111132740974,2.3963089006429072e-06,0
814,0,0,0.0902666449546814,0.0030595543794333935,0
815,8,8,0.0019272323697805405,1.1466048590591527e-06,0
816,9,9,0.00028197537176311016,1.8320454486797644e-08,0
817,5,5,0.07059377431869507,0.002451456617563963,0
818,8,0,0.16092979907989502,0.0063293203711509705,1
819,3,0,0.10835564136505127,0.003454343182966113,1
820,6,6,0.012202784419059753,8.396313933189958e-05,0
821,2,2,0.000166961457580328,6.229833537929608e-09,0
822,0,0,0.059190601110458374,0.0014415080659091473,0
823,8,8,8.352138684131205e-05,2.7750544084881312e-09,0
824,7,7,0.00022337865084409714,1.6480242948091472e-08,0
825,3,3,0.0132531076669693,0.00012658056220971048,0
826,7,7,0.014131806790828705,6.110319372965023e-05,0
827,6,6,8.281185728264973e-07,1.512341006549775e-13,0
828,5,5,0.11636349558830261,0.004787924699485302,0
829,3,3,0.05131131410598755,0.000711908855009824,0
830,1,1,0.013916626572608948,7.256507524289191e-05,0
831,3,6,0.2760135531425476,0.010618554428219795,1
832,2,2,2.740566742431838e-07,1.9662141923296184e-14,0
833,2,2,0.16660118103027344,0.009488621726632118,0
834,5,5,0.03660626336932182,0.0004651745839510113,0
835,4,3,0.16625165939331055,0.006252781488001347,1
836,1,9,0.16476941108703613,0.008206719532608986,1
837,2,2,0.3604568839073181,0.02283058688044548,0
838,9,9,0.03226971626281738,0.00019017871818505228,0
839,2,2,3.6181631912768353e-07,2.830432082830993e-14,0
840,7,7,0.0002927160821855068,3.5384864816023764e-08,0
841,0,0,0.001524520106613636,7.766792009533674e-07,0
842,7,7,9.086565114557743e-05,2.9388629307902647e-09,0
843,2,2,3.06333095068112e-05,2.913391194958592e-10,0
844,1,1,0.04994696378707886,0.0009940621675923467,0
845,3,5,0.10014712810516357,0.0031658317893743515,1
846,2,2,0.010014163330197334,3.6118006391916424e-05,0
847,0,0,0.00020906742429360747,1.352683121069731e-08,0
848,2,2,0.003979997709393501,3.4799402328644646e-06,0
849,4,4,0.005166627466678619,1.000205611489946e-05,0
850,7,7,0.06140744686126709,0.0023111323826014996,0
851,9,9,0.009975332766771317,5.859550947207026e-05,0
852,8,8,0.012466572225093842,6.459262658609077e-05,0
853,9,1,0.015399530529975891,0.00011759802873712033,1
854,0,0,0.0011242670007050037,2.430713834655762e-07,0
855,7,7,0.002075333148241043,9.275204320147168e-07,0
856,7,7,0.000718405470252037,1.3642544161029946e-07,0
857,0,0,0.05097252130508423,0.0029345795046538115,0
858,7,7,7.999497029231861e-07,1.9013107332033902e-13,0
859,8,8,0.15671056509017944,0.008985834196209908,0
860,4,4,0.01683075726032257,8.740321936784312e-05,0
861,6,6,0.006433762609958649,2.2017333321855403e-05,0
862,3,2,0.049121588468551636,0.0018887203186750412,1
863,3,3,0.03975933790206909,0.0008668266236782074,0
864,0,0,0.002290578093379736,1.7555172462380142e-06,0
865,1,1,3.202661173418164e-05,3.988827879108925e-10,0
866,3,5,0.08707880973815918,0.0021876455284655094,1
867,7,7,0.04449757933616638,0.000981666729785502,0
868,0,0,0.0010980127844959497,2.3186414921383403e-07,0
869,1,1,0.0010886192321777344,4.4319548919702356e-07,0
870,3,3,0.03235940635204315,0.0004544399562291801,0
871,1,1,2.6455393431490393e-10,1.263032901741015e-20,0
872,4,4,0.004245966672897339,6.284523806243669e-06,0
873,2,2,0.0006835563108325005,1.0536075478739804e-07,0
874,3,3,0.002270725555717945,3.2348227705369936e-06,0
875,8,8,0.000861417269334197,2.215560641616321e-07,0
876,4,4,0.001893819309771061,1.0722994829848176e-06,0
877,2,2,0.05826869606971741,0.0014314660802483559,0
878,3,3,0.061731040477752686,0.001707402290776372,0
879,7,7,0.0016912762075662613,1.3850007007931708e-06,0
880,8,8,0.0006712747272104025,1.798304651856597e-07,0
881,4,4,0.11095398664474487,0.0036012809723615646,0
882,3,0,0.08288753032684326,0.002008968498557806,1
883,0,0,0.05777749419212341,0.0008040742832235992,0
884,9,9,0.03644382953643799,0.0008304061484523118,0
885,0,0,0.08780860900878906,0.0030603287741541862,0
886,0,0,0.10413151979446411,0.0058627440594136715,0
887,1,1,0.21083039045333862,0.010685061104595661,0
888,0,8,0.07942712306976318,0.003984557464718819,1
889,4,4,0.09985071420669556,0.006789506878703833,0
890,4,4,0.02469313144683838,0.0002669361711014062,0
891,6,6,0.010770970955491066,1.7906462744576856e-05,0
892,7,7,0.14576297998428345,0.005665387026965618,0
893,6,3,0.04654863476753235,0.0008911824552342296,1
894,1,1,3.462962922640145e-05,3.881573396036231e-10,0
895,1,1,0.015545472502708435,0.0001675594103289768,0
896,3,3,0.010983854532241821,4.689917841460556e-05,0
897,7,7,0.0003814019728451967,8.423847930316697e-08,0
898,3,7,0.008389592170715332,2.3339849576586857e-05,1
899,5,5,0.01634160801768303,0.0001401516783516854,0
900,2,2,0.11563652753829956,0.004570995457470417,0
901,6,6,0.004841834306716919,7.799211743986234e-06,0
902,6,6,4.811279723071493e-06,5.4076747420250815e-12,0
903,5,5,0.0007732352241873741,5.586589395534247e-07,0
904,8,8,0.12306833267211914,0.005764242727309465,0
905,7,7,0.037041664123535156,0.000636932032648474,0
906,1,1,8.726266969460994e-06,1.965435800221904e-11,0
907,6,6,0.0027436167001724243,2.3599138785357354e-06,0
908,8,8,0.0003298389492556453,3.12092325316371e-08,0
909,8,8,3.214336175005883e-06,3.1130293655368124e-12,0
910,5,5,0.01675289124250412,0.0001313636894337833,0
911,3,3,0.002762812189757824,3.822744929493638e-06,0
912,0,3,0.1395471692085266,0.003694982035085559,1
913,4,4,0.0005460462998598814,7.728898765435588e-08,0
914,0,0,0.013639189302921295,6.304585986072198e-05,0
915,1,1,1.286007318412885e-06,6.988928749965262e-13,0
916,3,4,0.05669897794723511,0.000805425108410418,1
917,8,8,0.009665552526712418,2.6780671760207042e-05,0
918,8,8,0.0001095975749194622,3.208925347664149e-09,0
919,0,0,0.004787201061844826,6.716789357597008e-06,0
920,6,6,0.007425360381603241,1.705930299067404e-05,0
921,9,9,6.660056533291936e-05,1.6656935830638986e-09,0
922,9,1,0.2125614881515503,0.007239959202706814,1
923,9,9,0.056830525398254395,0.0008665641071274877,0
924,5,5,0.29588890075683594,0.022612672299146652,0
925,5,3,0.023620814085006714,0.0009222718072123826,1
926,8,8,0.00025480729527771473,2.141279153988762e-08,0
927,6,6,0.006125062704086304,8.020321729418356e-06,0
928,0,0,0.04509739577770233,0.0015170348342508078,0
929,0,0,0.014611072838306427,0.00012789166066795588,0
930,4,4,6.096920697018504e-05,8.590406719299892e-10,0
931,2,2,0.009618520736694336,4.340354280429892e-05,0
932,3,3,0.07897743582725525,0.0023989882320165634,0
933,2,5,0.0501401424407959,0.001991874538362026,1
934,7,7,0.0004160556709393859,7.331966145329716e-08,0
935,2,2,0.08158034086227417,0.002928228583186865,0
936,2,2,0.01954825222492218,8.52095108712092e-05,0
937,5,5,4.6328059397637844e-05,9.462691741290996e-10,0
938,9,1,0.17558211088180542,0.013379091396927834,1
939,8,8,0.0002402740065008402,2.5515396018249703e-08,0
940,9,9,3.7092919228598475e-05,5.283655735155435e-10,0
941,1,1,0.015582472085952759,8.644247282063589e-05,0
942,7,7,0.0009415545500814915,1.9736653200652654e-07,0
943,4,6,0.11867153644561768,0.007363396696746349,1
944,0,0,0.0015631858259439468,8.896660688151314e-07,0
945,3,3,0.014682639390230179,8.330609853146598e-05,0
946,0,0,0.012916229665279388,6.391765782609582e-05,0
947,1,1,5.921334377489984e-05,1.5291184984889128e-09,0
948,3,4,0.08262008428573608,0.003121830988675356,1
949,8,8,3.2177524644794175e-08,3.079970085498654e-16,0
950,3,3,0.04526311159133911,0.0008748195832595229,0
951,9,9,0.0012938303407281637,7.30791157366184e-07,0
952,6,6,0.016544483602046967,0.00012660733773373067,0
953,1,0,0.06608307361602783,0.001537987613119185,1
954,4,4,0.0007266285829246044,1.7431852938898373e-07,0
955,7,7,1.6823149053379893e-05,8.352194630356635e-11,0
956,0,0,0.07085025310516357,0.0016568850260227919,0
957,3,3,0.14712250232696533,0.006156898103654385,0
958,7,7,0.005168863572180271,1.0305418982170522e-05,0
959,8,8,0.006789209321141243,1.4240617929317523e-05,0
960,9,9,0.0038491953164339066,3.9211126932059415e-06,0
961,1,1,0.1371324062347412,0.00565746845677495,0
962,1,1,0.0038898163475096226,5.062809123046463e-06,0
963,6,6,0.0012884391471743584,4.471614261092327e-07,0
964,6,6,0.012659572064876556,6.525302160298452e-05,0
965,6,6,0.006393570452928543,1.585591962793842e-05,0
966,6,3,0.15827977657318115,0.008946501649916172,1
967,9,9,0.008927792310714722,4.699697092291899e-05,0
968,1,1,7.684130105189979e-05,2.8493978287968957e-09,0
969,9,9,0.0033237114548683167,2.763798420346575e-06,0
970,9,9,0.001306531485170126,3.6291004334998433e-07,0
971,4,4,0.025775212794542313,0.0001662613794906065,0
972,2,6,0.09347975254058838,0.0025369166396558285,1
973,1,1,0.0007544162217527628,1.9527942640706897e-07,0
974,7,0,0.2014884352684021,0.013259842991828918,1
975,0,0,4.693345545092598e-06,5.718887169381404e-12,0
976,6,6,0.0003899448784068227,6.182401790510994e-08,0
977,8,8,0.07839475572109222,0.002445296850055456,0
978,1,1,0.008794371038675308,2.398803917458281e-05,0
979,9,9,0.006289079785346985,2.546959149185568e-05,0
980,2,2,0.00276376586407423,1.3873634543415392e-06,0
981,9,1,0.11300230026245117,0.006494139786809683,1
982,0,3,0.10226237773895264,0.004822888411581516,1
983,4,4,2.8170019504614174e-05,2.8242871930039826e-10,0
984,7,7,0.00039886729791760445,7.139495039609756e-08,0
985,8,8,0.0008595788385719061,2.8292069487179106e-07,0
986,3,3,0.010822996497154236,5.712678103009239e-05,0
987,1,1,1.66732061188668e-05,1.2794065806787103e-10,0
988,2,2,0.06460903584957123,0.0010655816877260804,0
989,0,8,0.14473462104797363,0.009830290451645851,1
990,1,1,5.011392931919545e-05,1.1924763398951654e-09,0
991,5,5,0.08791488409042358,0.005979431327432394,0
992,8,8,0.0035444702953100204,5.2311602303234395e-06,0
993,4,7,0.13386374711990356,0.007438886910676956,1
994,6,6,0.14257121086120605,0.006935478188097477,0
995,3,5,0.022363901138305664,0.00036715055466629565,1
996,8,8,0.11679553985595703,0.003181900829076767,0
997,1,1,0.00848303735256195,3.370089689269662e-05,0
998,3,3,9.748415322974324e-05,2.8067153046151816e-09,0
999,8,8,9.419916750630364e-06,3.7225611482227805e-11,0
1000,5,5,0.0006257535424083471,2.0472143091865291e-07,0
1001,0,0,0.0098307766020298,3.2631945941830054e-05,0
1002,8,8,0.011404074728488922,3.974546416429803e-05,0
1003,4,4,0.0034647658467292786,2.8915444545418723e-06,0
1004,8,8,0.000893191434442997,3.42847414458447e-07,0
1005,1,1,0.14924293756484985,0.007569446228444576,0
1006,1,1,0.005298243835568428,8.21460889710579e-06,0
1007,8,8,0.0014733495190739632,6.607265277125407e-07,0
1008,9,9,0.0660470724105835,0.001075766864232719,0
1009,6,6,0.02938585728406906,0.0002510111080482602,0
1010,0,0,0.00010876567102968693,5.786929158091425e-09,0
1011,8,8,2.4470580683555454e-05,1.9056538291817304e-10,0
1012,6,6,0.008426744490861893,2.0425750335562043e-05,0
1013,1,1,6.373473297571763e-06,1.673633800991503e-11,0
1014,3,3,0.024402886629104614,0.00021233812731225044,0
1015,4,4,1.3058452168479562e-05,4.848457746398083e-11,0
1016,1,1,0.04650390148162842,0.00101236323826015,0
1017,6,6,0.00023611949291080236,1.880537325860132e-08,0
1018,0,0,0.03810751438140869,0.0018053617095574737,0
1019,5,3,0.15011191368103027,0.006412622518837452,1
1020,1,1,0.007203247398138046,2.2870919565320946e-05,0
1021,1,1,0.0007532816380262375,1.502968984823383e-07,0
1022,0,0,0.035533756017684937,0.0005358391208574176,0
1023,0,0,0.10283362865447998,0.008022058755159378,0
1024,3,3,0.021091848611831665,0.0006635336903855205,0
1025,5,5,0.008349716663360596,3.179725172230974e-05,0
1026,0,0,0.018741436302661896,6.776665395591408e-05,0
1027,0,0,0.017748165875673294,7.406844815704972e-05,0
1028,6,6,0.0016118595376610756,1.0545497843850171e-06,0
1029,6,6,2.948135602309776e-08,3.8854126562515843e-16,0
1030,3,3,0.005867898464202881,2.4808276066323742e-05,0
1031,3,3,0.057758331298828125,0.00043723444105125964,0
1032,6,4,0.13505029678344727,0.0054657431319355965,1
1033,3,3,0.009110599756240845,1.8960507077281363e-05,0
1034,6,6,0.18007051944732666,0.012320536188781261,0
1035,6,4,0.0008681393228471279,1.5928662833175622e-07,1
1036,0,0,0.0864323079586029,0.003765888512134552,0
1037,7,7,0.00196867436170578,9.865635774986004e-07,0
1038,2,2,2.321895408385899e-06,1.667828418774886e-12,0
1039,2,2,0.04337632656097412,0.0004920043284073472,0
1040,7,7,0.1571211814880371,0.006068813614547253,0
1041,5,5,1.8540005839895457e-05,8.132330919785602e-11,0
1042,5,2,0.06295311450958252,0.0013941314537078142,1
1043,2,0,0.1453336477279663,0.009087909013032913,1
1044,8,8,3.159320476697758e-05,3.60916130315303e-10,0
1045,5,5,0.004123995080590248,7.436161013174569e-06,0
1046,2,2,0.0029453029856085777,2.3027441784506664e-06,0
1047,1,1,0.1541757583618164,0.009301675483584404,0
1048,1,1,0.0003725329879671335,4.6913910978219064e-08,0
1049,4,4,0.03220813721418381,0.00047469823039136827,0
1050,3,3,0.14004147052764893,0.005293152295053005,0
1051,2,6,0.04722762852907181,0.000823700800538063,1
1052,0,0,0.000979829579591751,1.6270006142349303e-07,0
1053,3,3,0.008327558636665344,0.00013667953317053616,0
1054,1,1,0.0004092406015843153,6.932719998076209e-08,0
1055,5,5,0.0006295493803918362,1.3708195467643236e-07,0
1056,3,7,0.06415706872940063,0.0021408838219940662,1
1057,7,7,0.025202326476573944,0.00030925479950383306,0
1058,6,6,0.20994210243225098,0.006647441536188126,0
1059,8,8,0.00016088009579107165,6.289634146838807e-09,0
1060,9,9,1.6143982065841556e-05,6.844860095389649e-11,0
1061,1,1,0.04461413621902466,0.0006149766850285232,0
1062,6,6,0.02634662389755249,0.00013908182154409587,0
1063,4,4,1.2176646123407409e-05,4.895244279379263e-11,0
1064,9,7,0.1468949317932129,0.00668650958687067,1
1065,3,3,0.17939317226409912,0.007107776589691639,0
1066,9,1,0.17935264110565186,0.013752165250480175,1
1067,0,0,0.0017676237039268017,7.823329610801011e-07,0
1068,9,9,0.004907161928713322,7.1894842221809085e-06,0
1069,6,6,0.007762875407934189,1.2413607691996731e-05,0
1070,3,3,0.007547784596681595,1.9405732018640265e-05,0
1071,6,6,1.6756814147811383e-05,5.888133730591605e-11,0
1072,0,8,9.00043232832104e-05,3.322848884934615e-09,1
1073,7,7,0.00020204274915158749,1.6077487785537414e-08,0
1074,3,3,0.0493779182434082,0.0008987010223791003,0
1075,8,8,0.05272185802459717,0.001305078505538404,0
1076,0,0,0.002418289892375469,1.6046376458689338e-06,0
1077,0,0,0.0008130152709782124,3.112324975518277e-07,0
1078,0,0,0.001247946172952652,3.5907027040593675e-07,0
1079,6,6,0.0024514244869351387,2.363268549743225e-06,0
1080,6,6,0.010751716792583466,5.9785863413708284e-05,0
1081,6,6,0.0003058685688301921,2.1205622147135728e-08,0
1082,9,8,0.21169692277908325,0.015011930838227272,1
1083,2,2,0.0008157417178153992,2.3290769490813545e-07,0
1084,5,5,0.09409725666046143,0.0043237642385065556,0
1085,4,4,0.0004255617968738079,6.051687506669623e-08,0
1086,4,4,7.288513006642461e-05,1.122273163289833e-09,0
1087,6,6,0.0011638589203357697,5.319108140611206e-07,0
1088,3,5,0.0487508624792099,0.0015209594275802374,1
1089,6,6,0.00010646114242263138,2.403472976197918e-09,0
1090,0,0,0.0967903733253479,0.005175822414457798,0
1091,8,8,0.00618334673345089,1.3487735486705787e-05,0
1092,6,6,0.023640230298042297,0.0001716668193694204,0
1093,0,0,0.10782945156097412,0.0034504137001931667,0
1094,6,3,0.03913635015487671,0.00103546935133636,1
1095,2,2,0.10920381546020508,0.004912601783871651,0
1096,7,7,0.008287470787763596,3.511598697514273e-05,0
1097,5,5,0.00524948351085186,7.976889719429892e-06,0
1098,1,1,4.290661308914423e-05,8.248676186539683e-10,0
1099,2,2,0.0005410527810454369,8.340872170720104e-08,0
1100,7,0,0.21805083751678467,0.008424387313425541,1
1101,8,8,0.0016464369837194681,6.424469347621198e-07,0
1102,8,8,0.039155855774879456,0.0003806303138844669,0
1103,0,0,0.0020467936992645264,1.2690474022747367e-06,0
1104,9,9,0.00022811605595052242,9.2702334697492e-09,0
1105,4,4,0.03695261478424072,0.0007741131703369319,0
1106,9,9,3.6451659980230033e-05,4.803069053593845e-10,0
1107,7,7,0.06376844644546509,0.0010652942582964897,0
1108,2,2,3.118452150374651e-05,1.5555881582862696e-10,0
1109,0,0,0.03876189887523651,0.0008953177602961659,0
1110,2,2,4.335185803938657e-05,3.770360412769236e-10,0
1111,8,8,0.00019541650544852018,1.1233667329690888e-08,0
1112,3,3,0.047964781522750854,0.0015250409487634897,0
1113,8,8,0.004182204604148865,9.73265923676081e-06,0
1114,9,9,0.008606172166764736,3.2963671401375905e-05,0
1115,1,1,7.79352558311075e-05,2.7086854981206443e-09,0
1116,5,5,0.0008355858735740185,3.317974801575474e-07,0
1117,5,5,0.0005205660127103329,1.2014416483907553e-07,0
1118,4,4,0.06735964119434357,0.002070071641355753,0
1119,7,7,0.0002024694113060832,1.063928323219443e-08,0
1120,5,5,0.14144974946975708,0.008372785523533821,0
1121,3,3,0.07817614078521729,0.0032971701584756374,0
1122,8,8,0.00028136465698480606,1.698036022901306e-08,0
1123,3,3,0.031899869441986084,0.0003054679255001247,0
1124,3,3,0.01152712106704712,0.00010704305168474093,0
1125,6,6,0.00022286578314378858,1.9204678736173264e-08,0
1126,2,0,0.03627735376358032,0.0024941321462392807,1
1127,8,8,0.0007701627910137177,2.0659020094626612e-07,0
1128,4,4,0.0004558602813631296,4.360143535109273e-08,0
1129,3,5,0.16322040557861328,0.00494599062949419,1
1130,7,9,0.16512101888656616,0.0057735200971364975,1
1131,1,9,0.0008393903262913227,1.8695500614285265e-07,1
1132,2,2,0.07335448265075684,0.0013275311794131994,0
1133,4,4,0.007058700546622276,1.4625166841142345e-05,0
1134,1,1,0.02738594263792038,0.00025545331300236285,0
1135,6,6,3.726624709088355e-05,2.896535511442977e-10,0
1136,9,9,0.0003737724618986249,6.49528999474569e-08,0
1137,0,9,0.1543560028076172,0.005901440046727657,1
1138,5,3,0.11899900436401367,0.0037175186444073915,1
1139,8,8,0.0005702129565179348,9.334443973330053e-08,0
1140,6,6,0.0002925777225755155,2.5533461567306404e-08,0
1141,1,1,0.0009707976132631302,4.5753273525406257e-07,0
1142,8,8,0.003741033375263214,4.018739673483651e-06,0
1143,6,6,0.0001116064959205687,3.9867562584561256e-09,0
1144,1,1,0.00010159984230995178,1.6955812309760177e-09,0
1145,4,4,0.02884337306022644,0.00043506905785761774,0
1146,2,2,0.0847088098526001,0.001623415620997548,0
1147,6,9,0.22346293926239014,0.008210522122681141,1
1148,2,2,1.9737024558708072e-05,8.43341507739126e-11,0
1149,7,7,0.033295437693595886,0.00036734616151079535,0
1150,2,4,0.15564334392547607,0.007578057236969471,1
1151,2,2,0.008150752633810043,3.145755181321874e-05,0
1152,0,0,9.884650353342295e-05,2.3662560799664334e-09,0
1153,8,8,0.002017342485487461,1.1956237813137705e-06,0
1154,6,6,0.003589984029531479,5.607210368907545e-06,0
1155,9,9,0.00018724484834820032,1.307731434252446e-08,0
1156,1,1,0.04424259066581726,0.000620757055003196,0
1157,7,7,0.06721305847167969,0.0023207657504826784,0
1158,1,1,0.07315698266029358,0.0033481933642178774,0
1159,8,8,0.0003613558365032077,3.055905040127982e-08,0
1160,8,8,0.0028674714267253876,3.765021347135189e-06,0
1161,0,0,0.02324642241001129,0.00011193165846634656,0
1162,7,7,0.0005468761082738638,1.1900514351737002e-07,0
1163,3,7,0.025654926896095276,0.00024322036188095808,1
1164,8,8,0.0002947184257209301,2.124785325463563e-08,0
1165,0,0,0.0040403492748737335,3.560828190529719e-06,0
1166,3,3,0.06751838326454163,0.0032444256357848644,0
1167,4,3,0.10573399066925049,0.0035728663206100464,1
1168,3,3,0.02919580042362213,0.0007724175811745226,0
1169,7,7,0.015463478863239288,6.379986007232219e-05,0
1170,7,7,6.793072680011392e-05,1.7165744381486547e-09,0
1171,9,9,0.0050960723310709,6.736309842381161e-06,0
1172,2,2,0.14188826084136963,0.0073050325736403465,0
1173,3,3,0.05858243256807327,0.001085088006220758,0
1174,1,1,1.9916100427508354e-05,2.017583461411121e-10,0
1175,9,9,0.00017044099513441324,1.1365569818622134e-08,0
1176,1,1,4.088433342985809e-06,6.549458891891291e-12,0
1177,9,1,0.1610061526298523,0.013817812316119671,1
1178,6,6,0.03992985188961029,0.0005992617225274444,0
1179,3,3,0.006823897361755371,1.3075669812678825e-05,0
1180,3,3,0.02166348695755005,0.00022027156956028193,0
1181,3,3,0.20360803604125977,0.009005174972116947,0
1182,1,1,9.447330739931203e-08,4.555000141989989e-15,0
1183,0,0,0.0034695472568273544,2.0681497971963836e-06,0
1184,6,6,0.05764347314834595,0.0014084117719903588,0
1185,1,1,0.09973084926605225,0.004451748915016651,0
1186,4,4,0.0036898870021104813,4.4952867028769106e-06,0
1187,1,1,6.855871470179409e-05,2.1218986567816955e-09,0
1188,0,0,0.001155538484454155,1.1177525038874592e-06,0
1189,0,0,0.010436903685331345,7.783671753713861e-05,0
1190,1,1,7.768126124574337e-07,1.1421885572765467e-13,0
1191,1,1,0.01606161892414093,0.00011280828766757622,0
1192,6,6,0.022133715450763702,0.00020093427156098187,0
1193,5,2,0.0480809211730957,0.0007796279387548566,1
1194,4,4,0.0008633709512650967,2.6015996468231606e-07,0
1195,6,6,4.3527979869395494e-05,7.602232732217828e-10,0
1196,2,2,0.0002519127447158098,9.975869019740458e-09,0
1197,0,0,0.0015369690954685211,8.838016469780996e-07,0
1198,7,7,8.700997568666935e-05,2.9689297686985583e-09,0
1199,9,3,0.21017301082611084,0.010148501954972744,1
1200,8,8,0.013004392385482788,4.479075505514629e-05,0
1201,7,7,0.003963246941566467,5.348913873604033e-06,0
1202,2,2,0.0004302591551095247,3.469009612899754e-08,0
1203,0,8,0.12567996978759766,0.007529473397880793,1
1204,6,6,1.9503262592479587e-05,8.553942970612738e-11,0
1205,8,8,0.005507342517375946,1.9174665794707835e-05,0
1206,1,1,0.00045220344327390194,6.601722191135195e-08,0
1207,4,4,0.022556349635124207,0.00015878154954407364,0
1208,3,3,0.16635358333587646,0.006314191035926342,0
1209,7,7,0.017881765961647034,5.181696542422287e-05,0
1210,0,0,0.004849772900342941,7.1147733251564205e-06,0
1211,6,6,0.0006170084234327078,1.2826933470933e-07,0
1212,1,1,0.0579659640789032,0.0008416897617280483,0
1213,8,8,3.14065400743857e-05,4.388946150957196e-10,0
1214,5,5,0.00021571025718003511,1.9107742943447192e-08,0
1215,7,7,5.343955126591027e-05,1.3816834343316486e-09,0
1216,8,1,0.11586892604827881,0.009547612629830837,1
1217,4,4,0.0018097646534442902,1.2364855592750246e-06,0
1218,8,8,0.0036829467862844467,6.013960046402644e-06,0
1219,3,5,0.04997462034225464,0.004036903381347656,1
1220,9,2,0.09241926670074463,0.0028160775545984507,1
1221,9,9,0.17425864934921265,0.0050505041144788265,0
1222,9,1,0.014814361929893494,0.00010896555613726377,1
1223,8,8,0.001071967650204897,4.812160909750673e-07,0
1224,7,4,0.1535402536392212,0.00675587821751833,1
1225,6,6,0.007183406502008438,1.796001015463844e-05,0
1226,6,6,0.0007870588451623917,1.7014016862049175e-07,0
1227,3,3,0.04573538899421692,0.0019419621676206589,0
1228,5,3,0.16382861137390137,0.004202099982649088,1
1229,1,1,4.14898204326164e-06,5.3393851839889095e-12,0
1230,5,3,0.08773888647556305,0.001672982587479055,1
1231,9,9,6.515060704259668e-07,8.76678422781843e-14,0
1232,1,1,9.552572737447917e-05,2.642800422947289e-09,0
1233,4,4,0.0010766317136585712,3.8465879015348037e-07,0
1234,1,1,0.0002514083753339946,2.239088203737083e-08,0
1235,5,5,0.004529273137450218,1.167967729998054e-05,0
1236,7,5,0.11856502294540405,0.0033726762048900127,1
1237,0,0,0.029149293899536133,0.0002609427901916206,0
1238,1,1,9.958105511032045e-05,4.26515622820034e-09,0
1239,5,5,0.02952684462070465,0.0008752139983698726,0
1240,2,2,0.04923313856124878,0.0010210484033450484,0
1241,0,0,0.02903878688812256,0.0003397601831238717,0
1242,8,8,0.03197890520095825,0.00034249521559104323,0
1243,8,8,2.6553552743280306e-06,2.128124716380131e-12,0
1244,5,3,0.02803763747215271,0.0006545140058733523,1
1245,6,6,0.00035442435182631016,3.862129815956905e-08,0
1246,7,7,0.00027481012511998415,2.7905262101057815e-08,0
1247,3,4,0.13171446323394775,0.004526183474808931,1
1248,2,2,0.08540201187133789,0.0030689197592437267,0
1249,4,4,0.3729463815689087,0.019603095948696136,0
1250,7,7,0.004037464037537575,5.345638783182949e-06,0
1251,2,2,0.03302745521068573,0.0002577108098194003,0
1252,5,5,1.7707374354358763e-05,1.3751808025652679e-10,0
1253,8,8,0.035378411412239075,0.00032904124236665666,0
1254,2,2,0.000720013864338398,1.605953343641886e-07,0
1255,4,4,6.339927494991571e-06,9.795335549622752e-12,0
1256,9,9,0.13072574138641357,0.006289669778198004,0
1257,2,2,0.0002677898737601936,1.5540624787035995e-08,0
1258,1,1,5.547588807530701e-05,1.6674412961492635e-09,0
1259,8,8,2.2128551790956408e-07,1.8643313753679766e-14,0
1260,1,1,0.0014812098816037178,1.3153496638551587e-06,0
1261,9,9,0.009988047182559967,3.3801985409809276e-05,0
1262,8,8,0.012339279055595398,4.2272862629033625e-05,0
1263,8,8,0.043475985527038574,0.0007215316290967166,0
1264,8,8,0.05974800884723663,0.001644372008740902,0
1265,9,9,0.1902201771736145,0.014332333579659462,0
1266,0,0,0.09121882915496826,0.005016697105020285,0
1267,4,4,0.0031535914167761803,2.9639695640071295e-06,0
1268,3,3,0.10873794555664062,0.003792715026065707,0
1269,3,3,0.19306856393814087,0.013773858547210693,0
1270,1,1,0.1172824501991272,0.006271493621170521,0
1271,8,8,5.715994575439254e-07,1.0900491392764472e-13,0
1272,4,4,0.13916289806365967,0.007183554116636515,0
1273,6,6,0.002747473306953907,2.4683010906301206e-06,0
1274,3,3,0.007096128538250923,1.439013249182608e-05,0
1275,3,7,0.10121846199035645,0.005400265567004681,1
1276,5,5,0.0037806443870067596,4.475019522942603e-06,0
1277,2,6,0.2401663064956665,0.011147736571729183,1
1278,2,2,1.2639517080970109e-05,4.248545959484318e-11,0
1279,8,8,0.09580940008163452,0.002426183084025979,0
1280,3,5,0.024771690368652344,0.0005862725665792823,1
1281,8,8,1.557107680127956e-06,9.303905302432414e-13,0
1282,9,9,0.0017839092761278152,1.080737320080516e-06,0
1283,5,5,2.5446468498557806e-05,1.966190127378198e-10,0
1284,8,8,0.1454312801361084,0.005967035889625549,0
1285,9,1,0.009716503322124481,3.9518305129604414e-05,1
1286,8,8,0.0004797468427568674,7.307964722258475e-08,0
1287,9,9,2.492073690518737e-05,1.3233479589924713e-10,0
1288,1,1,6.593379657715559e-05,1.1805063593328669e-09,0
1289,6,6,0.019789844751358032,0.00018421838467475027,0
1290,5,5,0.010137494653463364,6.844742165412754e-05,0
1291,9,9,0.00013083461089991033,7.373145649580692e-09,0
1292,4,4,0.007680721580982208,1.4822777302470058e-05,0
1293,4,7,0.173725426197052,0.009671245701611042,1
1294,8,8,0.07164254784584045,0.0016457686433568597,0
1295,0,0,0.0034089460968971252,4.865524715569336e-06,0
1296,7,7,0.022363781929016113,0.00023678140132687986,0
1297,2,2,0.08762615919113159,0.006940830498933792,0
1298,9,9,2.7449914341559634e-08,6.167797989769868e-16,0
1299,7,7,0.19569671154022217,0.00868386123329401,0
1300,4,3,0.12999093532562256,0.007764793932437897,1
1301,1,1,3.844017555820756e-06,2.2465672985111373e-12,0
1302,6,6,0.006869379431009293,1.2872411389253102e-05,0
1303,4,6,0.042712822556495667,0.0005329612758941948,1
1304,4,8,0.03281073272228241,0.00022401267779059708,1
1305,9,9,2.5107321562245488e-05,1.724138887215787e-10,0
1306,1,1,0.09134858846664429,0.004827512893825769,0
1307,2,2,0.4704948663711548,0.025518666952848434,0
1308,5,4,0.13258308172225952,0.005602143704891205,1
1309,6,6,0.01589883118867874,0.00020591504289768636,0
1310,0,0,0.005915440618991852,8.36216531752143e-06,0
1311,8,8,0.000166180485393852,9.991452998292516e-09,0
1312,6,6,0.0020744455978274345,1.318985368925496e-06,0
1313,1,1,2.1933599782641977e-05,2.161210516105072e-10,0
1314,9,9,0.0003321082331240177,5.986915851963204e-08,0
1315,4,4,0.008537165820598602,2.2393356630345806e-05,0
1316,5,5,0.000681290403008461,2.9302279358489614e-07,0
1317,9,9,1.6747355402912945e-05,7.95370644346427e-11,0
1318,5,5,0.025388792157173157,0.0003452500095590949,0
1319,0,0,0.004588086158037186,1.6134876204887405e-05,0
1320,7,7,0.001467051450163126,4.780519589075993e-07,0
1321,2,2,0.05430889129638672,0.000903841108083725,0
1322,0,0,0.02068968117237091,0.00014610464859288186,0
1323,0,0,0.01772886887192726,6.05345303483773e-05,0
1324,4,4,0.015250276774168015,9.09363734535873e-05,0
1325,2,4,0.005654096603393555,9.711890925245825e-06,1
1326,6,6,0.027426011860370636,0.00024292481248266995,0
1327,6,6,0.00042135827243328094,5.917081580264494e-08,0
1328,5,5,0.04801332950592041,0.0036050111521035433,0
1329,5,5,0.005927808582782745,1.173241798824165e-05,0
1330,2,2,0.09701836109161377,0.0035967088770121336,0
1331,8,8,0.0021122293546795845,1.2991483799851267e-06,0
1332,1,1,0.012144308537244797,7.121304224710912e-05,0
1333,7,7,0.062473446130752563,0.0009020573343150318,0
1334,3,2,0.04268945753574371,0.0007021256606094539,1
1335,1,1,0.00035076565109193325,2.81711631799908e-08,0
1336,4,4,0.0006331487093120813,7.21939699133145e-08,0
1337,5,5,0.05204719305038452,0.0028131986036896706,0
1338,6,6,0.0019493740983307362,1.4573150792784872e-06,0
1339,5,3,0.08789288997650146,0.0026870372239500284,1
1340,1,1,0.0013280641287565231,7.184254400272039e-07,0
1341,4,4,0.004559025168418884,4.58206386610982e-06,0
1342,7,7,0.011429600417613983,3.741231557796709e-05,0
1343,0,0,0.0025071948766708374,1.7389195363648469e-06,0
1344,9,9,0.0016243364661931992,1.1617293012022856e-06,0
1345,4,4,0.0009413319639861584,2.5404156644981413e-07,0
1346,3,9,0.06259182095527649,0.0006044639158062637,1
1347,8,8,0.0015033646486699581,1.0562082479737e-06,0
1348,2,2,0.15910470485687256,0.007691311649978161,0
1349,8,8,0.00243649585172534,1.966557420018944e-06,0
1350,4,4,0.04045937955379486,0.0005149383214302361,0
1351,7,7,5.402082024374977e-06,1.2946313292239164e-11,0
1352,2,2,0.0052483584731817245,5.503316515387269e-06,0
1353,3,7,0.15896713733673096,0.008342999964952469,1
1354,1,1,0.002377668395638466,2.2240624275582377e-06,0
1355,5,3,0.1272115707397461,0.004951162729412317,1
1356,2,2,0.16302454471588135,0.011212806217372417,0
1357,9,9,2.4367865989916027e-05,1.3490693284712307e-10,0
1358,8,8,0.005514007061719894,1.6652636986691505e-05,0
1359,9,9,0.001932718325406313,1.5892837836872786e-06,0
1360,7,7,0.0008006058633327484,1.6564442262279044e-07,0
1361,9,9,0.000205693650059402,1.6367652122539766e-08,0
1362,5,5,7.531745359301567e-05,1.880739564086298e-09,0
1363,1,1,8.645856723887846e-06,2.6876043057733057e-11,0
1364,4,4,0.01483812928199768,5.578753916779533e-05,0
1365,0,0,0.04651176929473877,0.00328041915781796,0
1366,8,8,1.485511165810749e-05,6.758875403800602e-11,0
1367,2,2,0.0022849077358841896,2.316205836905283e-06,0
1368,3,3,0.0857049822807312,0.002251280937343836,0
1369,8,8,0.019785255193710327,0.0002295981685165316,0
1370,9,9,0.004412390291690826,7.0938694989308715e-06,0
1371,1,1,0.00021591992117464542,1.322629294975286e-08,0
1372,1,1,0.10674029588699341,0.005148069001734257,0
1373,3,5,0.04630333185195923,0.002787315519526601,1
1374,2,2,0.0009615807794034481,2.480629461842909e-07,0
1375,4,4,0.0001221295678988099,4.873239145553043e-09,0
1376,9,9,0.0013887276872992516,5.183532607588859e-07,0
1377,3,3,0.02702200412750244,0.00017622014274820685,0
1378,1,1,7.275584721355699e-06,2.3725479914027403e-11,0
1379,7,7,0.0018349206075072289,7.000018058533897e-07,0
1380,4,4,0.030909717082977295,0.0004124165861867368,0
1381,6,6,0.00015940633602440357,6.887321379878131e-09,0
1382,2,2,0.0007968356367200613,2.807317116548802e-07,0
1383,8,8,0.0012580901384353638,3.9397932027895877e-07,0
1384,9,9,0.0015218467451632023,1.1856527635245584e-06,0
1385,5,5,0.14287394285202026,0.012452595867216587,0
1386,3,3,0.004513203166425228,6.82331756252097e-06,0
1387,9,9,2.914511424023658e-05,3.571027362703205e-10,0
1388,5,5,0.026486247777938843,0.0005164223839528859,0
1389,5,5,0.03416556119918823,0.00021960453887004405,0
1390,6,6,3.1932664569467306e-05,2.594419679091686e-10,0
1391,7,5,0.03515666723251343,0.001729501411318779,1
1392,2,2,2.8242167900316417e-05,1.754370398954208e-10,0
1393,4,4,0.048663973808288574,0.0011064258869737387,0
1394,6,6,0.10587811470031738,0.004222656600177288,0
1395,3,3,0.25405216217041016,0.012712070718407631,0
1396,1,1,0.00024001230485737324,2.1528226312739207e-08,0
1397,0,0,0.05125927925109863,0.003601859090849757,0
1398,7,7,0.06387564539909363,0.0008309410186484456,0
1399,2,0,0.37438929080963135,0.024320079013705254,1
1400,5,5,0.07055968046188354,0.005578084848821163,0
1401,4,4,0.045985862612724304,0.0005376109620556235,0
1402,7,7,0.003433234989643097,3.101118181803031e-06,0
1403,6,6,0.06177634000778198,0.0038851876743137836,0
1404,1,1,0.0012774281203746796,6.477637839452655e-07,0
1405,1,1,0.03622996807098389,0.0003354443470016122,0
1406,9,9,0.00021404668223112822,1.4067447651200382e-08,0
1407,8,8,0.008441902697086334,1.9891969714080915e-05,0
1408,1,1,0.005208548158407211,1.950184923771303e-05,0
1409,0,0,0.030746012926101685,0.00027334518381394446,0
1410,1,1,0.00011241540778428316,2.3309065788623684e-09,0
1411,3,3,0.01968446373939514,0.00015580144827254117,0
1412,1,1,0.0007005520164966583,3.0759832725379965e-07,0
1413,1,1,0.05635559558868408,0.0025095243472605944,0
1414,1,1,0.00021060241851955652,1.0551941542757959e-08,0
1415,7,7,0.0033894209191203117,2.764932787613361e-06,0
1416,3,3,0.03301429748535156,0.000938514422159642,0
1417,9,9,0.00232606939971447,1.7745840068528196e-06,0
1418,6,6,0.0007564183324575424,2.392078499724448e-07,0
1419,8,8,0.000246101466473192,2.6873205882793627e-08,0
1420,4,4,0.008882522583007812,3.39751823048573e-05,0
1421,6,6,0.0032918788492679596,4.264474227966275e-06,0
1422,8,8,0.035224124789237976,0.0006952957483008504,0
1423,4,4,0.007009882479906082,1.9179733499186113e-05,0
1424,9,9,7.060930329316761e-07,1.158263751837446e-13,0
1425,4,4,0.002082635648548603,1.097311837838788e-06,0
1426,7,7,5.554885137826204e-05,9.999534533733367e-10,0
1427,9,9,0.06554797291755676,0.0026487719733268023,0
1428,7,7,0.05012606084346771,0.001330656697973609,0
1429,6,6,0.10912877321243286,0.007022870238870382,0
1430,8,8,0.21292847394943237,0.008631260134279728,0
1431,4,4,0.06639361381530762,0.0013708692276850343,0
1432,9,9,1.0815992936841212e-06,5.024740931496019e-13,0
1433,7,7,0.0033165477216243744,3.148500127281295e-06,0
1434,0,0,0.0014837239868938923,8.008782970136963e-07,0
1435,1,1,0.07251473516225815,0.0017850814620032907,0
1436,6,6,0.001959448680281639,1.5331727354350733e-06,0
1437,1,1,0.0002610855735838413,1.997290510757921e-08,0
1438,5,5,0.15877783298492432,0.005468778312206268,0
1439,9,9,0.040528878569602966,0.0008129298803396523,0
1440,0,0,0.041376322507858276,0.0004704655148088932,0
1441,4,4,0.06177163124084473,0.0014431439340114594,0
1442,3,5,0.009554851800203323,5.835302727064118e-05,1
1443,4,4,0.1549816131591797,0.006512217223644257,0
1444,1,1,0.016076236963272095,8.747904939809814e-05,0
1445,3,3,0.08917218446731567,0.003621290670707822,0
1446,0,0,0.01778903603553772,0.00028683646814897656,0
1447,8,8,1.0997528079315089e-06,5.218228193298868e-13,0
1448,4,4,0.021128550171852112,0.00021164779900573194,0
1449,6,6,2.1157429728191346e-05,1.5359104266199353e-10,0
1450,2,2,0.02303387224674225,0.00017651745292823762,0
1451,2,2,0.0956086814403534,0.0024487688206136227,0
1452,6,6,0.0006190028507262468,1.4696411199111026e-07,0
1453,5,5,0.2419973611831665,0.014355766586959362,0
1454,3,3,0.059759944677352905,0.0022685120347887278,0
1455,6,6,0.011790648102760315,5.466149377753027e-05,0
1456,2,2,0.06360283493995667,0.0013247884344309568,0
1457,1,1,0.00011711358092725277,3.081184640763013e-09,0
1458,1,1,0.00010185135761275887,3.932375314263936e-09,0
1459,8,8,0.000653816619887948,1.451119260309497e-07,0
1460,6,6,0.00015441287541761994,7.525131628938198e-09,0
1461,0,0,0.01157902181148529,4.1554907511454076e-05,0
1462,4,4,0.0019527226686477661,1.1534800705703674e-06,0
1463,0,0,0.011376522481441498,2.9204151360318065e-05,0
1464,1,1,7.278411067090929e-05,2.403591548016948e-09,0
1465,9,9,8.839461952447891e-05,4.780874807153168e-09,0
1466,7,7,0.0005391961894929409,1.0969663577498068e-07,0
1467,1,1,0.0012380043044686317,4.0772732745608664e-07,0
1468,3,3,0.0036816727370023727,4.841297140956158e-06,0
1469,7,7,0.015558898448944092,0.00010058722546091303,0
1470,7,5,0.12350034713745117,0.005681154318153858,1
1471,8,0,0.06642550230026245,0.0019623381085693836,1
1472,7,7,0.017745263874530792,0.00012906332267448306,0
1473,7,7,3.2443495001643896e-08,6.707081632671816e-16,0
1474,3,7,0.3145744800567627,0.017975565046072006,1
1475,9,9,2.573623351054266e-05,2.408781507590163e-10,0
1476,7,7,0.0014443383552134037,5.10325264713174e-07,0
1477,7,7,0.023443497717380524,0.00021400321566034108,0
1478,7,7,0.004821114242076874,1.0846717486856505e-05,0
1479,2,2,0.13843560218811035,0.0065316930413246155,0
1480,1,1,0.28184592723846436,0.01270351093262434,0
1481,2,2,9.020132711157203e-05,2.503733442793532e-09,0
1482,8,8,0.002401464618742466,1.142804308074119e-06,0
1483,6,6,3.297102011856623e-06,2.431398615429514e-12,0
1484,4,4,0.002034153789281845,2.276913846799289e-06,0
1485,0,0,0.024397820234298706,0.00021504340111277997,0
1486,7,7,0.002146769780665636,1.4105700074651395e-06,0
1487,9,9,9.763194248080254e-05,4.297826539101379e-09,0
1488,8,8,0.006497405469417572,1.2999300452065654e-05,0
1489,6,6,0.08922553062438965,0.0018602240597829223,0
1490,8,8,1.1322163118165918e-06,2.589349904196653e-13,0
1491,4,2,0.2094590663909912,0.007803617510944605,1
1492,9,9,0.25562626123428345,0.01626650057733059,0
1493,1,1,0.001015547662973404,2.960982499189413e-07,0
1494,7,5,0.039820075035095215,0.0005061436677351594,1
1495,2,0,0.02194870263338089,0.00019822156173177063,1
1496,2,2,0.09284466505050659,0.003087705234065652,0
1497,8,8,5.155310645932332e-06,1.08513111690689e-11,0
1498,5,3,0.03129187226295471,0.0006761166732758284,1
1499,8,8,0.001681225374341011,8.419242476520594e-07,0
1500,1,1,7.891980203567073e-06,2.8069551891163336e-11,0
1501,2,3,0.026466190814971924,0.00021151220425963402,1
1502,2,2,0.004272330552339554,3.871407898259349e-06,0
1503,4,4,0.09983199834823608,0.004283093847334385,0
1504,1,1,0.07614195346832275,0.0029571314807981253,0
1505,2,2,0.017667319625616074,0.00012084069749107584,0
1506,5,7,0.036510154604911804,0.0005465989233925939,1
1507,2,2,0.2471768856048584,0.011846764013171196,0
1508,8,8,0.00017899088561534882,6.810735531104228e-09,0
1509,1,1,0.0018994947895407677,9.62820877248305e-07,0
1510,8,8,0.03822612017393112,0.0004174782079644501,0
1511,1,1,1.8324251868762076e-05,1.393460624665721e-10,0
1512,8,8,5.960493581369519e-05,9.332000727724221e-10,0
1513,6,6,0.13277506828308105,0.004541477654129267,0
1514,0,0,0.04335398972034454,0.00040927607915364206,0
1515,2,2,0.044731609523296356,0.0007727816700935364,0
1516,4,4,0.055798307061195374,0.0011207711650058627,0
1517,1,1,2.2475971491076052e-05,2.1366772240405396e-10,0
1518,3,3,0.010285310447216034,6.820426642661914e-05,0
1519,6,6,0.0030431654304265976,2.7789017167378915e-06,0
1520,7,7,0.0014179693534970284,7.505174153266125e-07,0
1521,7,4,0.21627938747406006,0.011982124298810959,1
1522,4,4,0.002207458019256592,2.643583457029308e-06,0
1523,4,4,3.047150585189229e-07,2.3736834573644464e-14,0
1524,3,3,0.011983722448348999,7.214582728920504e-05,0
1525,3,3,0.1773490309715271,0.006766068749129772,0
1526,4,4,0.0019482225179672241,1.443489850316837e-06,0
1527,5,5,0.07764315605163574,0.0028455883730202913,0
1528,2,2,2.5531448955007363e-07,1.1911314423402979e-14,0
1529,4,4,0.006722215563058853,1.1549200280569494e-05,0
1530,3,3,0.2306463122367859,0.012764105573296547,0
1531,7,7,0.011916249990463257,4.415517105371691e-05,0
1532,8,8,0.010485868901014328,3.7473029806278646e-05,0
1533,4,4,6.539036985486746e-05,9.53694900829305e-10,0
1534,4,4,0.002025702502578497,9.086047612072434e-07,0
1535,4,4,0.00427805632352829,3.8031819258321775e-06,0
1536,5,5,0.0935857892036438,0.004226881545037031,0
1537,4,4,0.0019639935344457626,1.5886589608271606e-06,0
1538,3,8,0.2943164110183716,0.013543766923248768,1
1539,2,2,0.004615809768438339,6.736602699675132e-06,0
1540,8,8,3.443673790570756e-08,6.08315239916397e-16,0
1541,4,4,0.00015133805572986603,7.481610886372891e-09,0
1542,5,5,0.02618435025215149,0.00018892325169872493,0
1543,5,5,0.046660274267196655,0.0012576528824865818,0
1544,4,4,0.0024835579097270966,1.5402331428049365e-06,0
1545,1,9,0.1079179048538208,0.00634757149964571,1
1546,4,4,0.0012232069857418537,2.6894866778093274e-07,0
1547,2,0,0.030819982290267944,0.001359734684228897,1
1548,5,5,0.03905981779098511,0.0010332975070923567,0
1549,1,1,0.04860009253025055,0.000973970745690167,0
1550,6,6,0.004462715238332748,4.595929567585699e-06,0
1551,4,4,0.0010777092538774014,4.277868299595866e-07,0
1552,3,5,0.10456317663192749,0.003177393926307559,1
1553,4,4,0.0019791480153799057,8.251334406850219e-07,0
1554,4,4,0.0554424524307251,0.000750024220906198,0
1555,0,0,0.003492940217256546,9.049086656887084e-06,0
1556,8,8,0.059427738189697266,0.001835182891227305,0
1557,8,8,0.005911501124501228,1.4870381164655555e-05,0
1558,4,4,0.016367804259061813,8.154234092216939e-05,0
1559,5,5,0.0457768589258194,0.0011261566542088985,0
1560,7,7,0.0008296479936689138,2.674563859272894e-07,0
1561,5,5,0.01959840953350067,0.0002999163989443332,0
1562,6,6,0.001659052912145853,1.1402611335142865e-06,0
1563,9,9,7.656617526663467e-07,2.1303214726119124e-13,0
1564,1,1,4.995043855160475e-05,1.1399372557008292e-09,0
1565,6,6,0.021344691514968872,0.00016934220911934972,0
1566,7,7,0.03748372197151184,0.0006124303909018636,0
1567,2,5,0.20159316062927246,0.010079333558678627,1
1568,0,0,0.026370808482170105,0.0002968311309814453,0
1569,1,1,0.002756827510893345,3.9975943764147814e-06,0
1570,4,4,0.027410894632339478,0.0002530540805310011,0
1571,5,5,0.062374889850616455,0.0028241281397640705,0
1572,6,6,0.07815352082252502,0.003368974197655916,0
1573,0,0,0.021765418350696564,0.00020484873675741255,0
1574,0,9,0.09628811478614807,0.0026855538599193096,1
1575,2,2,0.01363111287355423,4.9697107897372916e-05,0
1576,7,7,0.1759345531463623,0.009084820747375488,0
1577,5,5,0.047357141971588135,0.0029559393879026175,0
1578,6,6,0.001059774775058031,3.5963208233624755e-07,0
1579,0,0,0.10165107250213623,0.008631203323602676,0
1580,6,6,0.1826346516609192,0.007035619579255581,0
1581,2,2,0.21774888038635254,0.009575598873198032,0
1582,9,9,0.0002877097576856613,2.3249373981570898e-08,0
1583,1,1,0.0007326672784984112,2.3615314148628386e-07,0
1584,7,7,0.0029500219970941544,2.566552666394273e-06,0
1585,7,7,0.007900664582848549,1.7836024198913947e-05,0
1586,5,5,4.773359978571534e-05,6.946347941294562e-10,0
1587,2,2,0.07487189769744873,0.0034632321912795305,0
1588,5,5,0.00018239999189972878,1.515716618882834e-08,0
1589,6,6,0.009064452722668648,2.4277649572468363e-05,0
1590,4,4,0.017647117376327515,0.00012355904618743807,0
1591,1,1,2.521519490983337e-05,2.2805983490581383e-10,0
1592,4,4,0.013620533049106598,5.3025905799586326e-05,0
1593,3,3,0.09466403722763062,0.003421309171244502,0
1594,3,3,0.05551713705062866,0.001432087505236268,0
1595,3,5,0.0977734923362732,0.004080062732100487,1
1596,0,0,0.004304187372326851,9.0239582277718e-06,0
1597,3,3,0.015636589378118515,0.00011036989599233493,0
1598,5,5,0.0004316619597375393,1.0008513839920852e-07,0
1599,5,5,4.0102463572111446e-07,3.1206584354386696e-14,0
1600,8,0,0.16868120431900024,0.009543043561279774,1
1601,9,9,1.2968979717697948e-05,7.324461176461128e-11,0
1602,7,7,5.6480581406503916e-05,1.0939463779280345e-09,0
1603,3,3,0.07084619998931885,0.002048191148787737,0
1604,1,1,0.0006880979053676128,1.33890196707398e-07,0
1605,3,3,0.06423419713973999,0.002071539405733347,0
1606,3,3,0.08339595794677734,0.00254362216219306,0
1607,3,9,0.08248370885848999,0.0015845246380195022,1
1608,4,4,0.02360346168279648,0.00020730104006361216,0
1609,4,4,0.0016409214586019516,6.869304343126714e-07,0
1610,2,4,0.2423410415649414,0.011220823973417282,1
1611,3,3,0.0002958767581731081,3.1902782637871496e-08,0
1612,3,3,0.0192766934633255,0.0002070121408905834,0
1613,8,8,0.11495614051818848,0.0030919003766030073,0
1614,1,1,5.229834343367656e-10,4.460919450660842e-20,0
1615,7,7,0.06961134076118469,0.0010943289380520582,0
1616,7,7,0.014641884714365005,6.869775097584352e-05,0
1617,0,0,0.032122619450092316,0.0003716847859323025,0
1618,7,7,0.03802789747714996,0.0004685784224420786,0
1619,4,4,6.870186189189553e-05,7.386232736550369e-10,0
1620,5,3,0.07217991352081299,0.003845789935439825,1
1621,1,1,0.0004451319109648466,8.145269703163649e-08,0
1622,4,4,0.08753156661987305,0.002231424208730459,0
1623,2,2,0.004070976749062538,3.8128960113681387e-06,0
1624,4,4,0.00026536639779806137,1.6611881648032067e-08,0
1625,3,3,0.03604273498058319,0.00036113866372033954,0
1626,9,9,0.10718408226966858,0.004634063225239515,0
1627,9,9,3.891502728947671e-07,7.096706306376072e-14,0
1628,4,4,0.10895678400993347,0.002893465105444193,0
1629,9,9,2.45181581703946e-06,1.1934369508262432e-12,0
1630,9,9,0.00048682454507797956,1.2381909186842677e-07,0
1631,1,1,0.06338939070701599,0.0028289661277085543,0
1632,8,8,0.055481866002082825,0.0017528055468574166,0
1633,1,1,0.019960492849349976,0.0001690999633865431,0
1634,6,6,2.791057340800762e-06,1.837841727761469e-12,0
1635,7,7,0.0005894778296351433,9.164723735466396e-08,0
1636,5,5,0.1313636302947998,0.005184066481888294,0
1637,5,5,0.0032408451661467552,4.79957179777557e-06,0
1638,4,4,0.02069888263940811,0.000113300746306777,0
1639,9,9,0.008068937808275223,2.938150464615319e-05,0
1640,7,7,0.15981686115264893,0.006924699991941452,0
1641,6,6,0.000808396958746016,2.855512661881221e-07,0
1642,5,5,0.003369120880961418,3.2635859952279134e-06,0
1643,9,9,0.00020032539032399654,1.5460855706805887e-08,0
1644,2,6,0.1165318489074707,0.005056422203779221,1
1645,4,4,0.010238582268357277,4.043255466967821e-05,0
1646,0,0,0.014176696538925171,4.9475849664304405e-05,0
1647,7,7,0.0015326691791415215,1.2477329391913372e-06,0
1648,8,8,0.00254354951903224,1.939565891007078e-06,0
1649,5,6,0.07081383466720581,0.0026699744630604982,1
1650,5,5,0.0001457844628021121,8.816874341732728e-09,0
1651,0,0,0.05140954256057739,0.002180077601224184,0
1652,0,0,0.003651721403002739,4.825207724934444e-06,0
1653,9,9,0.00031032285187393427,3.519179614386303e-08,0
1654,9,7,0.07080709934234619,0.0022160233929753304,1
1655,8,8,2.552642399678007e-07,2.0153126265238033e-14,0
1656,2,2,0.0657300353050232,0.001392981270328164,0
1657,5,5,0.000410459004342556,6.393594986775497e-08,0
1658,4,4,0.011413812637329102,6.732674955856055e-05,0
1659,8,8,7.063204066071194e-07,1.291242774596052e-13,0
1660,3,3,0.006358519196510315,1.6706126189092174e-05,0
1661,6,6,0.0004073998425155878,4.087323901558193e-08,0
1662,3,3,0.06550109386444092,0.00574828777462244,0
1663,6,6,0.0025824997574090958,2.057772235275479e-06,0
1664,0,0,0.004252025857567787,7.214483957795892e-06,0
1665,6,6,3.204836684744805e-05,2.551364119973698e-10,0
1666,6,6,0.004413247108459473,4.7579833335476e-06,0
1667,6,6,0.001591055653989315,7.849004646232061e-07,0
1668,9,9,0.008547648787498474,3.707732685143128e-05,0
1669,6,6,0.0686783641576767,0.0029773630667477846,0
1670,6,6,0.09335094690322876,0.0038041311781853437,0
1671,8,8,1.8619350157678127e-05,6.965936161229536e-11,0
1672,6,6,2.795236650854349e-05,2.593988079890863e-10,0
1673,2,2,0.009590260684490204,2.4384828066104092e-05,0
1674,4,4,0.09504052996635437,0.0023971903137862682,0
1675,5,5,0.12285447120666504,0.004172229673713446,0
1676,8,8,0.001008110586553812,4.2859005588979926e-07,0
1677,1,1,3.899622242897749e-06,6.559905396663623e-12,0
1678,2,2,1.4869619917590171e-05,5.367174066295277e-11,0
1679,7,7,1.1427582649048418e-05,3.5733811742932886e-11,0
1680,6,6,0.003488559275865555,6.0045231293770485e-06,0
1681,5,5,0.06668251752853394,0.0016397893195971847,0
1682,7,7,0.0014226604253053665,4.023831081667595e-07,0
1683,8,8,0.0012302440591156483,4.461493006147066e-07,0
1684,1,1,0.11161530017852783,0.005728601012378931,0
1685,8,2,0.35646653175354004,0.017422590404748917,1
1686,0,8,0.09565156698226929,0.008904071524739265,1
1687,8,8,0.07499578595161438,0.001322127296589315,0
1688,6,6,1.3629723980557173e-05,3.548054211544027e-11,0
1689,9,9,0.02033412456512451,0.00019871353288181126,0
1690,2,2,0.03274378180503845,0.000383203529054299,0
1691,8,8,1.0742976883193478e-05,4.145259482890573e-11,0
1692,9,9,0.0006491808453574777,2.0195295746816555e-07,0
1693,4,8,0.11234325170516968,0.00594442430883646,1
1694,0,0,0.001409204676747322,9.697148470877437e-07,0
1695,9,9,7.393865962512791e-05,2.3584931785336494e-09,0
1696,4,4,0.06892883777618408,0.0010648260358721018,0
1697,9,9,0.009110651910305023,3.3622432965785265e-05,0
1698,5,5,0.01252925768494606,6.833002407802269e-05,0
1699,7,7,0.010870294645428658,4.933942182105966e-05,0
1700,5,5,0.06134191155433655,0.0038589101750403643,0
1701,5,5,0.024754539132118225,0.0002693314163479954,0
1702,9,9,0.0033220406621694565,3.0095077363512246e-06,0
1703,5,5,0.004462738521397114,9.803887223824859e-06,0
1704,3,3,0.021350741386413574,0.0004909526323899627,0
1705,0,0,6.4599116740282625e-06,9.472809689436978e-12,0
1706,1,1,0.00014141926658339798,4.662073394001709e-09,0
1707,9,9,2.1546271455008537e-05,2.0142912338094732e-10,0
1708,7,7,0.0627291202545166,0.001688672578893602,0
1709,2,2,8.60320869833231e-05,1.5718433221678652e-09,0
1710,4,4,0.03820493072271347,0.00044529029401019216,0
1711,1,1,0.03415152058005333,0.0004929194692522287,0
1712,0,0,0.04339437186717987,0.00101346499286592,0
1713,8,1,0.08221754431724548,0.0019680624827742577,1
1714,0,0,0.06920427083969116,0.0038023951929062605,0
1715,3,5,0.06503283977508545,0.004778460133820772,1
1716,1,1,1.2750679161399603e-06,5.465816059306572e-13,0
1717,7,7,0.0028024613857269287,2.8763518002961064e-06,0
1718,0,8,0.04772961139678955,0.0010315250838175416,1
1719,0,0,0.0004910861607640982,7.119533051991311e-08,0
1720,4,4,0.005311677232384682,7.024534170341212e-06,0
1721,8,2,0.18662142753601074,0.007647690828889608,1
1722,6,6,0.00041815638542175293,4.0846270366046156e-08,0
1723,2,3,0.15409719944000244,0.008359496481716633,1
1724,4,4,0.027501657605171204,0.0003944818745367229,0
1725,0,0,0.0002699826145544648,2.1125396543197894e-08,0
1726,0,0,0.0020900219678878784,2.26233009925636e-06,0
1727,9,8,0.14674758911132812,0.005095416679978371,1
1728,0,0,0.10742643475532532,0.003627416444942355,0
1729,8,8,4.363435436971486e-06,5.219401733730367e-12,0
1730,4,4,0.07334673404693604,0.0015377617673948407,0
1731,5,3,0.01506992056965828,6.852762453490868e-05,1
1732,9,1,0.004075916483998299,1.1571448339964263e-05,1
1733,3,3,0.03690017759799957,0.0006815051892772317,0
1734,9,9,0.04272562265396118,0.0008292187703773379,0
1735,0,0,0.01888240873813629,0.00031404182664118707,0
1736,5,5,0.0036262404173612595,5.116045031172689e-06,0
1737,6,6,0.08352795243263245,0.0017772202845662832,0
1738,5,5,0.08188986778259277,0.0065859099850058556,0
1739,0,4,0.30163776874542236,0.010140448808670044,1
1740,1,1,7.459742482751608e-05,3.476689158787849e-09,0
1741,4,4,0.10296082496643066,0.004687044769525528,0
1742,8,8,6.920649320818484e-05,1.1681859923839966e-09,0
1743,1,1,2.9054081096546724e-07,5.0109141011903113e-14,0
1744,0,0,0.0005369869759306312,5.632066546468195e-08,0
1745,5,5,0.001420672982931137,6.092717512728996e-07,0
1746,2,4,0.02975212037563324,0.0004608147428371012,1
1747,1,1,0.03493695706129074,0.0002896973746828735,0
1748,0,0,0.003183126449584961,9.162694368569646e-06,0
1749,2,2,0.0016116714105010033,5.571417887040298e-07,0
1750,8,8,0.11310094594955444,0.004670095629990101,0
1751,1,1,0.00012525409692898393,7.290354542277555e-09,0
1752,5,5,0.0003121732734143734,4.9822610037608683e-08,0
1753,6,6,0.003533434122800827,4.726825864054263e-06,0
1754,7,7,0.001843505073338747,1.1532138159964234e-06,0
1755,7,7,0.03225737810134888,0.0004652682691812515,0
1756,2,2,0.13156938552856445,0.00485618319362402,0
1757,6,3,0.05194753408432007,0.0016850018873810768,1
1758,2,2,4.807116056326777e-06,7.275771565090627e-12,0
1759,5,5,0.04851362109184265,0.0022191782481968403,0
1760,0,0,0.0020924829877913,1.5877498071859009e-06,0
1761,1,1,3.388829645700753e-05,4.643872786314063e-10,0
1762,4,4,0.0001485631219111383,8.392045280913862e-09,0
1763,2,2,0.023859485983848572,0.00022871559485793114,0
1764,5,5,0.03330838680267334,0.0005439309170469642,0
1765,4,2,0.0817795991897583,0.0031047509983181953,1
1766,6,6,0.01239342987537384,5.290083936415613e-05,0
1767,2,2,0.020020492374897003,0.00010676990495994687,0
1768,2,2,0.015485323965549469,0.00013073234003968537,0
1769,1,1,0.15049982070922852,0.006123942323029041,0
1770,7,7,0.004836253821849823,1.8999817257281393e-05,0
1771,2,2,0.0010334048420190811,2.3793965908680548e-07,0
1772,8,0,0.17571890354156494,0.0076105608604848385,1
1773,5,5,0.05175378918647766,0.002279637148603797,0
1774,5,5,8.776827598921955e-05,1.2781155023233737e-09,0
1775,3,3,0.0004897871986031532,1.2246538005911134e-07,0
1776,0,0,0.041704148054122925,0.0004110900335945189,0
1777,4,4,0.0026622461155056953,1.7919185211212607e-06,0
1778,8,8,8.144299499690533e-06,2.3063332493800104e-11,0
1779,3,3,0.24366164207458496,0.012205880135297775,0
1780,7,7,0.0014453227631747723,6.342619371935143e-07,0
1781,6,6,7.80714035499841e-05,1.8160918324738873e-09,0
1782,3,3,0.11140179634094238,0.005180917214602232,0
1783,8,8,0.0007196520455181599,2.092854884949702e-07,0
1784,1,1,0.0005687179509550333,1.4114769442130637e-07,0
1785,0,0,0.03589224815368652,0.0011535760713741183,0
1786,1,1,0.023233557119965553,0.0002632677787914872,0
1787,3,3,0.05166143178939819,0.0025765832979232073,0
1788,3,2,0.341516375541687,0.016552641987800598,1
1789,0,0,0.007134664803743362,1.0247848877042998e-05,0
1790,7,7,0.05389600992202759,0.0020461082458496094,0
1791,4,6,0.01235230267047882,6.986338121350855e-05,1
1792,9,9,5.446941031550523e-07,1.1999544424507597e-13,0
1793,5,5,0.007869169116020203,2.957414289994631e-05,0
1794,3,4,0.11644423007965088,0.003956176340579987,1
1795,6,6,0.01479186862707138,4.806220385944471e-05,0
1796,0,0,0.03520527482032776,0.0011267627123743296,0
1797,1,1,0.013101868331432343,5.325641905074008e-05,0
1798,4,6,0.08985573053359985,0.002706600818783045,1
1799,4,4,0.003080938011407852,2.2245881154958624e-06,0
1800,4,4,0.057246133685112,0.0008668371592648327,0
1801,4,4,0.00017015240155160427,8.160769837672888e-09,0
1802,2,2,0.03616034984588623,0.0003885493497364223,0
1803,2,2,0.11195623874664307,0.005930224433541298,0
1804,5,4,0.1260477900505066,0.0038585264701396227,1
1805,8,8,4.994300979888067e-06,1.0815355555582329e-11,0
1806,1,1,0.0008769598789513111,3.821213852006622e-07,0
1807,5,5,0.042606547474861145,0.0005469262832775712,0
1808,9,9,4.71084495075047e-05,6.140611907845539e-10,0
1809,8,8,8.725663064979017e-05,3.042084584237159e-09,0
1810,1,1,6.243324605748057e-06,1.5013741985758777e-11,0
1811,1,8,0.09580481052398682,0.0029277335852384567,1
1812,5,7,0.15445280075073242,0.008183666504919529,1
1813,3,2,0.09779977798461914,0.003624706994742155,1
1814,9,9,0.03476075828075409,0.0005322201177477837,0
1815,9,9,0.00011992876534350216,6.7078231857919945e-09,0
1816,7,7,0.0017457883805036545,1.028687051984889e-06,0
1817,6,6,0.014599211513996124,7.500132778659463e-05,0
1818,5,5,0.02769007533788681,0.0002984383318107575,0
1819,0,0,0.0006465036422014236,1.3772061890904297e-07,0
1820,8,8,0.01289365440607071,3.857865885947831e-05,0
1821,4,4,0.007320348173379898,1.8251303117722273e-05,0
1822,7,2,0.07623320817947388,0.001953402068465948,1
1823,0,7,0.07885867357254028,0.001522931270301342,1
1824,9,9,2.1950239897705615e-05,2.1928051041619767e-10,0
1825,2,2,3.196634623670036e-11,1.4419079829023188e-22,0
1826,8,8,0.00015295622870326042,6.676601937982696e-09,0
1827,4,4,0.016601841896772385,7.475232996512204e-05,0
1828,7,7,0.017005018889904022,7.130204176064581e-05,0
1829,1,1,0.005667239427566528,7.886019375291653e-06,0
1830,3,3,0.10560488700866699,0.004015450365841389,0
1831,9,9,3.508974623400718e-05,3.196078401934699e-10,0
1832,6,6,0.0013796566054224968,4.873437546848436e-07,0
1833,8,8,8.65796027937904e-06,2.5187411184512953e-11,0
1834,9,9,7.51200714148581e-05,2.9529760858792997e-09,0
1835,0,4,0.16289061307907104,0.006891922559589148,1
1836,4,4,0.008094673976302147,2.4842078346409835e-05,0
1837,9,6,0.27520859241485596,0.01582906022667885,1
1838,6,6,0.043380409479141235,0.0007338873692788184,0
1839,7,7,1.3315313296402564e-09,3.095944713293564e-19,0
1840,8,8,0.006399171426892281,1.1261064173595514e-05,0
1841,9,1,0.15535318851470947,0.0053217848762869835,1
1842,4,4,6.253911124076694e-06,5.997696696929955e-12,0
1843,8,8,0.0915953516960144,0.004736953414976597,0
1844,9,9,0.00019678130047395825,6.226181348267801e-09,0
1845,7,7,0.08052921295166016,0.003821571124717593,0
1846,2,2,0.0005259700119495392,1.1821183676374858e-07,0
1847,5,5,0.050024837255477905,0.0023884184192866087,0
1848,3,3,0.0005520177073776722,9.18919198511503e-08,0
1849,7,7,9.051778761204332e-06,3.102410342514794e-11,0
1850,1,5,0.06119239330291748,0.0026961027178913355,1
1851,0,0,0.0030562561005353928,5.182350832910743e-06,0
1852,2,9,0.0371992290019989,0.0003161380300298333,1
1853,9,9,3.3229189284611493e-06,3.191979233013731e-12,0
1854,5,5,0.026927493512630463,0.0003869555366691202,0
1855,5,5,0.00017551041673868895,7.930649914555943e-09,0
1856,8,8,9.416417015017942e-06,3.79236191061505e-11,0
1857,5,5,0.0025443644262850285,2.8040863071510103e-06,0
1858,4,7,0.13681769371032715,0.005369062535464764,1
1859,2,2,0.003314785659313202,2.3345332920143846e-06,0
1860,8,8,0.04557576775550842,0.0008589290082454681,0
1861,3,4,0.12368476390838623,0.007444550283253193,1
1862,5,4,0.05808180570602417,0.0032879351638257504,1
1863,5,5,0.353504478931427,0.01834244653582573,0
1864,7,7,2.249871613457799e-06,2.125262856325638e-12,0
1865,7,7,1.0849929822143167e-05,2.3567359869192117e-11,0
1866,8,8,1.4457373254117556e-06,5.81294018996148e-13,0
1867,6,4,0.10496640205383301,0.004112216643989086,1
1868,2,7,0.09604418277740479,0.003907044418156147,1
1869,8,8,7.659858965780586e-05,2.3584301178658507e-09,0
1870,2,2,0.001374142011627555,5.474206545841298e-07,0
1871,3,3,0.07228511571884155,0.0017113812500610948,0
1872,5,5,0.17694082856178284,0.012336480431258678,0
1873,6,6,0.0055617354810237885,1.5954847185639665e-05,0
1874,8,8,8.516632078681141e-06,1.8232786808125567e-11,0
1875,0,0,0.00945097953081131,6.138598109828308e-05,0
1876,2,2,0.0012622522190213203,6.758397148587392e-07,0
1877,3,3,0.005027102306485176,1.2476632036850788e-05,0
1878,7,7,0.0020939912647008896,1.4485050314760883e-06,0
1879,0,0,0.0019370545633137226,1.5759002280901768e-06,0
1880,1,1,4.030391210108064e-06,4.767374429254234e-12,0
1881,9,9,0.0002765486715361476,1.8771029175468357e-08,0
1882,1,1,9.150047844741493e-06,2.3652194786061287e-11,0
1883,3,3,0.18051910400390625,0.008189796470105648,0
1884,7,5,0.05163908004760742,0.0012491600355133414,1
1885,5,3,0.21009278297424316,0.008401010185480118,1
1886,8,2,0.14249324798583984,0.004386403597891331,1
1887,3,3,0.018937036395072937,0.00013235010555945337,0
1888,2,2,4.3493055272847414e-05,4.244323226210156e-10,0
1889,9,9,2.1797415683977306e-05,1.239258001772825e-10,0
1890,6,6,0.00561906211078167,7.46558134778752e-06,0
1891,8,8,6.971997208893299e-06,1.6533297300669325e-11,0
1892,6,6,0.03440046310424805,0.00037271270412020385,0
1893,9,9,1.797376899048686e-05,1.923433357031712e-10,0
1894,3,3,0.0008672893745824695,3.291768848612264e-07,0
1895,8,0,0.056405991315841675,0.0011722997296601534,1
1896,9,9,0.00991833582520485,3.949196980101988e-05,0
1897,8,0,0.13205337524414062,0.011091193184256554,1
1898,0,2,0.10618191957473755,0.003470142837613821,1
1899,7,7,0.0029905475676059723,3.904576260538306e-06,0
1900,8,8,1.9733192857529502e-08,5.893177202775815e-16,0
1901,5,5,0.004044322296977043,7.165101123973727e-06,0
1902,0,0,0.016658514738082886,0.00033762509701773524,0
1903,0,0,0.030979320406913757,0.00019316221005283296,0
1904,1,1,0.00010321298032067716,5.04536101786357e-09,0
1905,3,2,0.14104795455932617,0.007972375489771366,1
1906,9,9,0.22012317180633545,0.009198322892189026,0
1907,1,1,0.0015092347748577595,1.6016467725421535e-06,0
1908,5,5,0.030575573444366455,0.0008079460822045803,0
1909,3,3,0.0460551381111145,0.0005774242454208434,0
1910,4,4,0.03584112226963043,0.00044616832747124135,0
1911,4,4,0.015524551272392273,0.00015117929433472455,0
1912,0,0,0.004981406033039093,6.781039701309055e-06,0
1913,9,9,0.0026760129258036613,1.961829639185453e-06,0
1914,9,9,0.00012811890337616205,4.0329966033425535e-09,0
1915,9,9,0.0003033868269994855,2.965720469205735e-08,0
1916,9,9,0.01897432655096054,6.420508725568652e-05,0
1917,8,8,0.0004699273267760873,1.0089197388651883e-07,0
1918,2,2,0.0015535512939095497,1.1193916407137294e-06,0
1919,4,4,0.024779267609119415,0.00023653931566514075,0
1920,2,2,2.8764698072336614e-06,2.2087305942553037e-12,0
1921,2,2,0.04621422290802002,0.001618084730580449,0
1922,5,5,3.814618685282767e-05,2.599724324703345e-10,0
1923,1,1,0.00012119067832827568,4.488077465225615e-09,0
1924,9,6,0.14055252075195312,0.005152581725269556,1
1925,1,1,3.189113340340555e-05,4.609634063346135e-10,0
1926,0,0,0.00526551716029644,9.51460788201075e-06,0
1927,9,9,0.0028935647569596767,3.746691163541982e-06,0
1928,4,4,0.0038161901757121086,3.0277656151156407e-06,0
1929,2,4,0.1259385347366333,0.003869280219078064,1
1930,1,1,4.926417022943497e-05,8.36706093299e-10,0
1931,6,6,6.728369044139981e-05,1.5411751874694346e-09,0
1932,0,0,0.010750245302915573,4.47847050963901e-05,0
1933,3,5,0.09968799352645874,0.004596889950335026,1
1934,7,7,0.058353692293167114,0.0013663626741617918,0
1935,6,2,0.04890787601470947,0.0006305278511717916,1
1936,3,3,0.03536275029182434,0.0005183818866498768,0
1937,1,9,0.1257660984992981,0.004798096604645252,1
1938,8,0,0.008102171123027802,5.034173227613792e-05,1
1939,6,5,0.06466108560562134,0.0008732110145501792,1
1940,5,5,0.06345322728157043,0.001895318040624261,0
1941,7,7,0.15160170197486877,0.007361795753240585,0
1942,2,2,0.07030037045478821,0.0037143572699278593,0
1943,8,8,0.000665200175717473,1.8777848254103446e-07,0
1944,4,4,0.09154137969017029,0.0018225538078695536,0
1945,4,4,0.117992103099823,0.009181531146168709,0
1946,8,8,0.00011410046136006713,3.2533680194291037e-09,0
1947,3,3,0.0311509370803833,0.0005187707720324397,0
1948,5,5,0.03413516283035278,0.0004755686386488378,0
1949,0,0,0.013386823236942291,4.798416921403259e-05,0
1950,5,5,0.09042912721633911,0.0024496372789144516,0
1951,7,7,0.0037815291434526443,4.391114089230541e-06,0
1952,4,4,0.00013371004024520516,4.473062809040584e-09,0
1953,4,4,0.05077771842479706,0.0016270698979496956,0
1954,2,2,0.0940045714378357,0.0031247041188180447,0
1955,2,2,0.034721240401268005,0.00041988701559603214,0
1956,7,7,1.4253186236601323e-05,1.083112696753652e-10,0
1957,3,7,0.09563720226287842,0.004804207943379879,1
1958,6,4,0.11230742931365967,0.003306456608697772,1
1959,0,2,0.06871247291564941,0.0052103581838309765,1
1960,2,5,0.08397352695465088,0.002651226706802845,1
1961,7,7,0.011759933084249496,5.219516606302932e-05,0
1962,6,6,0.00016998196952044964,6.51291864883774e-09,0
1963,2,2,0.00016740107093937695,1.1347142780948616e-08,0
1964,3,3,0.022305147722363472,0.00022091103892307729,0
1965,0,0,0.0006873253732919693,1.749691307395551e-07,0
1966,7,7,6.072665564715862e-05,1.3567893475396886e-09,0
1967,7,7,0.003484289161860943,4.285317118046805e-06,0
1968,8,8,0.00037649995647370815,4.7276497383563765e-08,0
1969,1,9,0.0015077493153512478,3.6037710060554673e-07,1
1970,1,1,0.000617404468357563,1.553981263668902e-07,0
1971,4,4,0.010614950209856033,3.977155574830249e-05,0
1972,6,6,0.09266769886016846,0.004980082623660564,0
1973,0,0,0.014650680124759674,6.167450919747353e-05,0
1974,6,6,5.256767326500267e-05,5.802847091729291e-10,0
1975,6,6,0.0908980667591095,0.0021179767791181803,0
1976,5,5,0.017425715923309326,0.00020107619639020413,0
1977,5,5,0.0018061604350805283,1.7103072877944214e-06,0
1978,6,6,0.0007303983438760042,1.9242725102230906e-07,0
1979,3,3,0.06889134645462036,0.001150335418060422,0
1980,9,9,8.983747102320194e-05,2.952587063731471e-09,0
1981,3,3,0.03746315836906433,0.0009684652322903275,0
1982,6,6,2.6108988095074892e-05,2.7889818232651464e-10,0
1983,8,3,0.24788540601730347,0.01657872274518013,1
1984,7,7,0.00049806316383183,6.666054730430915e-08,0
1985,6,6,0.01650756224989891,9.134340507443994e-05,0
1986,4,4,0.17242532968521118,0.008547956123948097,0
1987,9,9,2.1485589968506247e-05,1.7163417909138445e-10,0
1988,5,5,0.0012476351112127304,7.99407018803322e-07,0
1989,6,6,0.01594102382659912,7.960894436109811e-05,0
1990,4,4,0.017150089144706726,0.00013908479013480246,0
1991,1,1,8.357683327631094e-07,2.094013981310261e-13,0
1992,6,6,7.080999785102904e-05,1.2568661666989556e-09,0
1993,3,2,0.09442965686321259,0.00293554225936532,1
1994,8,9,0.19114148616790771,0.009807354770600796,1
1995,2,2,0.0033501144498586655,2.1234402538539143e-06,0
1996,3,5,0.04669111967086792,0.0024246934335678816,1
1997,9,9,0.0011697972659021616,5.733309080824256e-07,0
1998,8,8,0.16793113946914673,0.007670073304325342,0
1999,5,5,3.217928679077886e-06,3.0684339617781387e-12,0
2000,1,1,0.05232544243335724,0.0006011325167492032,0
2001,5,5,0.10031425952911377,0.003809509798884392,0
2002,4,2,0.14664041996002197,0.008168983273208141,1
2003,5,5,0.06879693269729614,0.0029010141734033823,0
2004,7,7,0.0005960667040199041,2.0928628430283425e-07,0
2005,5,2,0.05619540810585022,0.0012492961250245571,1
2006,7,7,0.0001871708082035184,1.2722996878267168e-08,0
2007,8,8,0.10605257749557495,0.003345149802044034,0
2008,9,9,0.003770465962588787,3.0401058666029712e-06,0
2009,1,1,0.0003664697287604213,3.188139174881144e-08,0
2010,7,7,0.169966459274292,0.007131881080567837,0
2011,2,2,0.016564570367336273,0.00016900591435842216,0
2012,5,5,6.677184137515724e-05,1.932666027215646e-09,0
2013,6,6,0.02313048392534256,0.00015898467972874641,0
2014,8,8,0.029831841588020325,0.0006179761840030551,0
2015,4,4,0.006849907338619232,1.2593995961651672e-05,0
2016,6,6,0.016273148357868195,9.499597945250571e-05,0
2017,5,2,0.1549166440963745,0.008459785021841526,1
2018,3,0,0.20683014392852783,0.011007757857441902,1
2019,9,9,0.042205750942230225,0.0002892141055781394,0
2020,9,9,3.904788172803819e-06,2.72375177967632e-12,0
2021,8,8,0.00024977175053209066,2.5084409216447057e-08,0
2022,5,3,0.03633064031600952,0.0017689222004264593,1
2023,5,5,0.14595472812652588,0.009030959568917751,0
2024,6,6,0.0016437824815511703,5.905604893996497e-07,0
2025,4,4,0.00012090714881196618,3.82754539174357e-09,0
2026,5,5,0.043025195598602295,0.003033315297216177,0
2027,9,9,0.0031917886808514595,2.6213697310595307e-06,0
2028,7,7,0.0002476770896464586,1.7220893155922568e-08,0
2029,3,5,0.12303772568702698,0.0037335827946662903,1
2030,4,4,0.0005496612284332514,5.2191808208590373e-08,0
2031,1,1,0.003423069603741169,5.2033951760677155e-06,0
2032,4,2,0.21714740991592407,0.01095906738191843,1
2033,2,2,0.07554283738136292,0.0019873199053108692,0
2034,3,4,0.11104393005371094,0.005386492237448692,1
2035,6,6,0.06444165110588074,0.001722961664199829,0
2036,5,3,0.06856435537338257,0.0019028401002287865,1
2037,5,5,0.0137065090239048,8.852624159771949e-05,0
2038,2,2,0.008401542901992798,3.72050199075602e-05,0
2039,8,8,0.010662909597158432,2.4598735762992874e-05,0
2040,0,0,0.00047404144424945116,6.070192881679759e-08,0
2041,0,0,0.1388624906539917,0.00465104915201664,0
2042,1,1,2.0520783436950296e-06,1.7414743692240053e-12,0
2043,8,8,0.0038218721747398376,3.467163423920283e-06,0
2044,3,3,0.01597970724105835,0.00020253208640497178,0
2045,1,1,0.001693714875727892,5.646394356517703e-07,0
2046,3,3,0.029744595289230347,0.0005616903654299676,0
2047,5,5,0.05129444599151611,0.0027114388067275286,0
2048,8,8,1.99493661057204e-05,1.656792758542025e-10,0
2049,3,3,0.11294341087341309,0.00475997943431139,0
2050,8,8,1.1403913958929479e-05,3.053380465134481e-11,0
2051,5,5,0.019247356802225113,0.00020250954548828304,0
2052,8,8,5.181765300221741e-05,9.202899553528709e-10,0
2053,6,6,0.0004647409077733755,5.7874309788985556e-08,0
2054,3,3,0.007320821285247803,2.8325783205218613e-05,0
2055,5,5,9.775999933481216e-05,2.4882180760243955e-09,0
2056,5,5,0.017328564077615738,7.410431135213003e-05,0
2057,5,5,0.0013833374250680208,8.158164064298035e-07,0
2058,0,8,0.006317220628261566,1.8272157831233926e-05,1
2059,9,0,0.21142184734344482,0.010397830046713352,1
2060,5,3,0.02259702980518341,0.0004962721723131835,1
2061,5,4,0.08624923229217529,0.004461153410375118,1
2062,7,7,0.000342564657330513,3.1453627258315464e-08,0
2063,1,1,0.00012172351125627756,6.242450556470658e-09,0
2064,8,8,0.0005237057339400053,4.8095650129198475e-08,0
2065,2,2,0.033655136823654175,0.0007789519149810076,0
2066,2,2,0.20797628164291382,0.014624091796576977,0
2067,7,7,0.25982987880706787,0.011058129370212555,0
2068,3,3,0.012455575168132782,4.647366949939169e-05,0
2069,4,4,0.01176287978887558,3.920544622815214e-05,0
2070,2,2,0.002996840514242649,3.0875053198542446e-06,0
2071,9,9,7.9531833762303e-05,2.773209661910414e-09,0
2072,6,6,0.0019525829702615738,7.595009492433746e-07,0
2073,2,2,3.6129989894106984e-05,3.3516561748214713e-10,0
2074,2,2,3.1137119549384806e-08,4.797306622046291e-16,0
2075,4,7,0.09614211320877075,0.007045575883239508,1
2076,3,3,0.012962192296981812,6.359528924804181e-05,0
2077,0,0,0.0018880963325500488,8.496753025610815e-07,0
2078,2,3,0.1167839765548706,0.0035110139288008213,1
2079,0,0,0.006329897791147232,2.967882937809918e-05,0
2080,1,9,0.09851115942001343,0.007633200380951166,1
2081,3,6,0.09115678071975708,0.005199595354497433,1
2082,2,2,3.1735486118122935e-05,2.635025253550083e-10,0
2083,2,5,0.2570086717605591,0.014833579771220684,1
2084,7,7,2.974871313199401e-05,3.229547185235049e-10,0
2085,0,8,0.12393158674240112,0.005000367294996977,1
2086,1,1,0.0036377795040607452,5.5691489251330495e-06,0
2087,0,0,0.06233680248260498,0.0014599841088056564,0
2088,7,7,0.03803947567939758,0.0010558587964624166,0
2089,7,7,0.00014363264199346304,7.881517660734971e-09,0
2090,2,2,0.0006282029207795858,7.146883973518925e-08,0
2091,0,2,0.12376523017883301,0.00409187376499176,1
2092,1,1,0.00023536517983302474,2.089181094788728e-08,0
2093,6,6,0.0012553490232676268,5.149701109985472e-07,0
2094,5,5,0.0008572409860789776,2.04995416197562e-07,0
2095,0,2,0.0249214768409729,0.0021849863696843386,1
2096,2,9,0.15417104959487915,0.006247226148843765,1
2097,2,2,2.7479662094265223e-05,1.4404097359310697e-10,0
2098,0,0,0.04082687199115753,0.00044941919622942805,0
2099,1,1,0.0016094627790153027,1.1747493999791914e-06,0
2100,2,2,0.0011698408052325249,3.150732368339959e-07,0
2101,6,3,0.20087426900863647,0.015331806614995003,1
2102,0,0,0.0037759188562631607,3.6434089452086482e-06,0
2103,1,1,0.017572909593582153,0.00012978861923329532,0
2104,6,6,1.1982952855760232e-05,5.52823689603521e-11,0
2105,6,6,0.012403428554534912,5.3429295803653076e-05,0
2106,5,5,0.013804920017719269,0.00010369597293902189,0
2107,3,3,0.0015811566263437271,1.3293890788190765e-06,0
2108,4,4,0.06692475080490112,0.0017695075366646051,0
2109,0,0,0.0014322753995656967,7.07954882273043e-07,0
2110,0,0,0.004762245342135429,4.331836407800438e-06,0
2111,9,9,0.2978718876838684,0.01889025792479515,0
2112,1,1,0.020832844078540802,0.00023260088346432894,0
2113,0,0,1.0612843652779702e-06,2.7021370167454317e-13,0
2114,2,2,0.018232375383377075,7.943763921502978e-05,0
2115,5,5,0.018836405128240585,0.0001614378998056054,0
2116,9,9,0.024938911199569702,0.000535920902621001,0
2117,7,7,0.0003250760491937399,3.647162571951412e-08,0
2118,8,8,0.0013837532605975866,7.206195391518122e-07,0
2119,6,6,0.006850004196166992,1.805572355806362e-05,0
2120,4,4,0.183945894241333,0.007709651254117489,0
2121,6,6,0.018708035349845886,0.00013209250755608082,0
2122,0,0,0.0017881393432617188,1.2200980563648045e-06,0
2123,2,2,0.00021009083138778806,2.131182341713611e-08,0
2124,0,0,0.0011569228954613209,4.935849915455037e-07,0
2125,1,1,0.004441610537469387,8.366854672203772e-06,0
2126,9,9,0.08463308215141296,0.003912421874701977,0
2127,2,3,0.1223607063293457,0.0047994875349104404,1
2128,4,6,0.017761506140232086,0.00011486352741485462,1
2129,9,9,0.04770275950431824,0.0007020360790193081,0
2130,0,0,0.20189329981803894,0.014495084062218666,0
2131,7,7,0.18522411584854126,0.00837542675435543,0
2132,2,2,0.017087053507566452,0.00010184561688220128,0
2133,3,3,0.004384700208902359,1.6864363715285435e-05,0
2134,4,4,0.0008898715022951365,3.1240290354617173e-07,0
2135,8,8,7.341850505326875e-08,5.003070406692147e-15,0
2136,0,0,0.09489202499389648,0.0024939936120063066,0
2137,2,3,0.09780383110046387,0.0040579731576144695,1
2138,6,6,0.0007741227746009827,1.3874736737307103e-07,0
2139,8,8,1.9388957298360765e-05,9.881419293922278e-11,0
2140,9,9,0.02667326293885708,0.0002917626406997442,0
2141,7,5,0.042801469564437866,0.0007768417708575726,1
2142,1,1,0.01959630846977234,0.00020013276662211865,0
2143,9,9,0.0011468622833490372,7.263958536896098e-07,0
2144,3,3,0.019670873880386353,0.0001515739131718874,0
2145,7,4,0.13199692964553833,0.008360564708709717,1
2146,2,2,0.00011535338126122952,2.3414794547704787e-09,0
2147,7,7,0.007935013622045517,1.4638682841905393e-05,0
2148,9,9,0.010647498071193695,5.1675295253517106e-05,0
2149,6,6,0.00027869665063917637,2.272675558856463e-08,0
2150,9,9,7.153954356908798e-05,2.3492316980622263e-09,0
2151,5,5,0.03798624873161316,0.0009432135848328471,0
2152,7,7,0.052792683243751526,0.0006362309213727713,0
2153,8,8,0.00029413611628115177,2.2596085003101507e-08,0
2154,5,5,0.1590874195098877,0.007005512714385986,0
2155,9,0,0.12141114473342896,0.0069159553386271,1
2156,8,8,6.952352123335004e-05,1.6738501695812147e-09,0
2157,3,3,0.0362849235534668,0.0019957160111516714,0
2158,9,9,2.7319591026753187e-05,3.5238845175200595e-10,0
2159,8,0,0.12285149097442627,0.0038996830116957426,1
2160,0,0,0.000721663935109973,2.057396102372877e-07,0
2161,5,3,0.1551564335823059,0.007981469854712486,1
2162,5,5,0.025354929268360138,0.00016024742217268795,0
2163,7,7,0.03894853591918945,0.0007900308119133115,0
2164,1,1,3.506327630020678e-06,3.422464351851562e-12,0
2165,2,0,0.14945727586746216,0.005282391328364611,1
2166,0,0,0.017600536346435547,0.00018522852042224258,0
2167,7,7,0.028296396136283875,0.0003067537327297032,0
2168,5,5,0.012257881462574005,6.442621815949678e-05,0
2169,8,8,0.019366681575775146,0.00024043951998464763,0
2170,2,2,0.00033739651553332806,2.400519782952415e-08,0
2171,2,5,0.12448877096176147,0.0079897316172719,1
2172,5,0,0.20306968688964844,0.008312510326504707,1
2173,3,3,0.07379376888275146,0.0022737891413271427,0
2174,9,9,0.15638351440429688,0.008148010820150375,0
2175,3,7,0.23917603492736816,0.013751445338129997,1
2176,1,8,0.1981528401374817,0.013213098049163818,1
2177,9,9,0.00041610398329794407,8.234351156488628e-08,0
2178,3,3,0.056651771068573,0.0014988844050094485,0
2179,1,1,5.332145519787446e-06,9.56214968317326e-12,0
2180,4,4,0.014673039317131042,0.00010790161468321458,0
2181,3,3,0.11181926727294922,0.003117011394351721,0
2182,4,4,0.00018599140457808971,9.51719236752524e-09,0
2183,4,4,6.783480057492852e-05,1.0884222412244071e-09,0
2184,9,9,0.0003260161029174924,4.513868390176867e-08,0
2185,0,0,0.0021420414559543133,1.891739884740673e-06,0
2186,9,9,0.09826141595840454,0.007349339313805103,0
2187,5,3,0.025147855281829834,0.00048081710701808333,1
2188,9,9,0.023778291419148445,0.00021198131435085088,0
2189,2,2,3.176505742885638e-07,2.7978619719431705e-14,0
2190,9,1,0.12685197591781616,0.00996481440961361,1
2191,4,4,0.033974066376686096,0.0006183501100167632,0
2192,0,0,0.1873372197151184,0.00708963256329298,0
2193,2,2,0.17267143726348877,0.008322957903146744,0
2194,8,8,1.9049502952839248e-06,7.489500556193129e-13,0
2195,4,4,0.007209606468677521,1.7170028513646685e-05,0
2196,8,8,5.9355690609663725e-05,9.669467448958358e-10,0
2197,6,6,0.0003868023632094264,6.381413442113626e-08,0
2198,8,8,0.0005116448737680912,1.1195652405149303e-07,0
2199,2,2,0.043339118361473083,0.0008596153929829597,0
2200,0,2,0.03591066598892212,0.0030606731306761503,1
2201,5,5,0.0006202512886375189,1.1124593868316879e-07,0
2202,9,9,7.07765320839826e-06,1.207648998163835e-11,0
2203,6,6,0.011742237955331802,7.208777969935909e-05,0
2204,9,9,0.0003163544461131096,2.175329072429122e-08,0
2205,5,3,0.08152878284454346,0.004771545063704252,1
2206,1,1,0.00867709331214428,2.521504575270228e-05,0
2207,3,3,0.02132396399974823,0.0005192153621464968,0
2208,4,4,1.7773190847947262e-06,6.058906631620231e-13,0
2209,4,4,0.04062202572822571,0.000541017681825906,0
2210,2,2,0.008690182119607925,2.958066397695802e-05,0
2211,7,7,0.0013362988829612732,7.791468306095339e-07,0
2212,2,2,0.03052946925163269,0.0003754697972908616,0
2213,4,6,0.15323084592819214,0.006737305782735348,1
2214,4,6,0.12715017795562744,0.005849828012287617,1
2215,0,0,0.004054570570588112,4.8989350034389645e-06,0
2216,2,5,0.23253679275512695,0.010031220503151417,1
2217,8,8,5.723442882299423e-06,1.3462011019815812e-11,0
2218,4,4,6.465914339059964e-06,6.344060693441733e-12,0
2219,5,5,0.016298644244670868,9.167814278043807e-05,0
2220,1,1,3.466366251814179e-07,4.1289630677184e-14,0
2221,2,2,0.0033095041289925575,3.868609383061994e-06,0
2222,6,6,0.010531414300203323,2.798875175358262e-05,0
2223,8,8,0.000294616911560297,3.546298543710691e-08,0
2224,1,1,0.00026463635731488466,1.6982436790158317e-08,0
2225,7,7,0.00022620230447500944,2.371621299346316e-08,0
2226,2,6,0.0006147446110844612,1.3068844850749883e-07,1
2227,8,8,0.002103462815284729,1.499638983659679e-06,0
2228,7,7,0.0004905711393803358,9.577757964507327e-08,0
2229,4,4,0.006658153608441353,1.3978949937154539e-05,0
2230,3,3,0.012661784887313843,7.245830784086138e-05,0
2231,3,3,0.019345998764038086,0.000984370126388967,0
2232,0,3,0.060006558895111084,0.001951819285750389,1
2233,3,5,0.06949907541275024,0.004861012566834688,1
2234,7,7,0.009999197907745838,3.5416964237811044e-05,0
2235,2,2,4.055089084431529e-05,5.014625936716754e-10,0
2236,5,5,0.004711192101240158,5.783041615359252e-06,0
2237,6,6,0.1960631012916565,0.01258043386042118,0
2238,1,1,1.392380909237545e-06,8.02940884354203e-13,0
2239,7,7,0.0005657302681356668,1.0427451968553214e-07,0
2240,9,9,0.009515475481748581,5.83169749006629e-05,0
2241,0,0,0.017790213227272034,0.00014251991524361074,0
2242,2,2,0.08964669704437256,0.0036034658551216125,0
2243,3,3,0.02903178334236145,0.00025910494150593877,0
2244,9,9,0.01974276453256607,0.0002708382089622319,0
2245,8,8,0.007824920117855072,2.8113543521612883e-05,0
2246,9,1,0.12594866752624512,0.007711924612522125,1
2247,5,5,0.0015811906196177006,7.768483669678972e-07,0
2248,0,0,0.14887011051177979,0.008003789000213146,0
2249,0,0,5.643309123115614e-06,1.3029194043112646e-11,0
2250,7,7,0.020302698016166687,0.0001007772734737955,0
2251,6,3,0.1262645721435547,0.004539479501545429,1
2252,3,3,0.011828109622001648,5.364803291740827e-05,0
2253,3,2,0.09518676996231079,0.0034987516701221466,1
2254,8,8,0.0019547874107956886,1.0356236543884734e-06,0
2255,1,1,0.011048831045627594,6.835707608843222e-05,0
2256,4,4,0.002508445642888546,1.7246666175196879e-06,0
2257,0,0,0.002561715431511402,2.183559445256833e-06,0
2258,1,1,0.008791156113147736,5.780843639513478e-05,0
2259,5,5,0.00022448122035712004,2.1021008933530538e-08,0
2260,4,4,0.0010778019204735756,3.048450025744387e-07,0
2261,3,3,0.00571722537279129,1.0059795386041515e-05,0
2262,2,4,0.15541130304336548,0.008251065388321877,1
2263,6,6,4.0864961192710325e-08,1.6022803455529406e-15,0
2264,0,2,0.1695476770401001,0.010292822495102882,1
2265,8,8,3.722574911080301e-05,3.2123984028409325e-10,0
2266,8,8,0.0014277035370469093,5.164844196769991e-07,0
2267,6,3,0.1245148777961731,0.007797244004905224,1
2268,3,3,0.0002087200991809368,1.1548488387802536e-08,0
2269,3,3,0.015168488025665283,6.60567675367929e-05,0
2270,2,4,0.06169205904006958,0.0013649677857756615,1
2271,9,9,0.07124876976013184,0.0027630841359496117,0
2272,7,7,5.1042879931628704e-05,1.399063864759853e-09,0
2273,5,5,0.08711981773376465,0.0027855706866830587,0
2274,1,1,2.680892066564411e-05,2.9715829796828075e-10,0
2275,6,6,0.0009224675595760345,2.2869994609209243e-07,0
2276,0,0,0.2538069188594818,0.014363439753651619,0
2277,5,5,0.053825050592422485,0.0018981050234287977,0
2278,9,9,0.0001187034067697823,6.9779453326646035e-09,0
2279,9,9,0.007267456501722336,1.922069895954337e-05,0
2280,4,4,0.016931578516960144,6.571796984644607e-05,0
2281,5,5,3.168455441482365e-05,5.633710165042771e-10,0
2282,9,9,0.0018577133305370808,1.5043502799017006e-06,0
2283,4,4,0.12337172031402588,0.006123073864728212,0
2284,8,8,0.02584679424762726,0.000355393422069028,0
2285,3,3,0.09003186225891113,0.005572557915002108,0
2286,3,7,0.14464658498764038,0.009000353515148163,1
2287,2,2,0.010313570499420166,2.72269007837167e-05,0
2288,5,5,0.019653037190437317,0.0001253172813449055,0
2289,1,1,0.004836361855268478,7.916426511656027e-06,0
2290,9,9,3.9097812987165526e-08,2.6264964917468428e-15,0
2291,5,5,0.00021215598098933697,8.101270765337176e-09,0
2292,5,5,0.08323681354522705,0.006848576478660107,0
2293,8,1,0.1875232458114624,0.008022895082831383,1
2294,1,1,0.02367900311946869,0.0004585551214404404,0
2295,8,8,5.9246798628009856e-05,9.475753515175711e-10,0
2296,9,9,0.0002803620882332325,2.682107336227091e-08,0
2297,7,7,3.575965092750266e-05,5.458627994059384e-10,0
2298,0,0,0.010906964540481567,4.936901314067654e-05,0
2299,6,3,0.07901835441589355,0.006520441267639399,1
2300,3,5,0.19719398021697998,0.008226715959608555,1
2301,2,2,0.04290057718753815,0.0006541705806739628,0
2302,0,0,0.0003063799813389778,1.9845519005912138e-08,0
2303,2,2,0.0013658278621733189,3.261968117840297e-07,0
2304,6,6,0.024729548022150993,0.00018636658205650747,0
2305,9,2,0.08985753357410431,0.0020558631513267756,1
2306,3,3,0.03973504900932312,0.0005361968651413918,0
2307,9,9,0.00021642690990120173,1.575969932332555e-08,0
2308,1,1,8.227810030803084e-05,3.127761605270507e-09,0
2309,6,6,0.12675964832305908,0.005433441139757633,0
2310,6,7,0.3552614450454712,0.018581829965114594,1
2311,7,7,0.0077786073088645935,2.896309524658136e-05,0
2312,2,2,0.0002497636014595628,2.6227292337921426e-08,0
2313,6,6,0.10125130414962769,0.004684962797909975,0
2314,3,3,0.12814265489578247,0.002971888519823551,0
2315,2,2,9.014061652123928e-05,3.7075384984319726e-09,0
2316,5,5,0.16278493404388428,0.008101416751742363,0
2317,5,5,0.0013448651880025864,5.984505264677864e-07,0
2318,2,2,0.00010926194954663515,2.6091235838521243e-09,0
2319,7,7,0.007485043257474899,1.4571740393876098e-05,0
2320,5,3,0.07637453079223633,0.0027011525817215443,1
2321,2,2,0.26024138927459717,0.013624252751469612,0
2322,0,0,0.07986307144165039,0.006831384263932705,0
2323,8,8,0.01063072681427002,3.229892536182888e-05,0
2324,0,0,0.009275004267692566,4.714859460364096e-05,0
2325,7,3,0.1281794309616089,0.004327403847128153,1
2326,7,7,5.8013712987303734e-05,1.4811821769100675e-09,0
2327,1,0,0.20457369089126587,0.01324194110929966,1
2328,7,7,0.005567053332924843,1.9604314729804173e-05,0
2329,4,4,0.024059593677520752,0.0002255473518744111,0
2330,0,0,0.0005302249919623137,7.413383684706787e-08,0
2331,2,4,0.15697598457336426,0.006940584629774094,1
2332,2,2,1.910976425278932e-05,1.5200038450124964e-10,0
2333,6,6,0.00327866617590189,2.056366156466538e-06,0
2334,1,1,0.003122270107269287,6.723908882122487e-06,0
2335,5,5,0.010693114250898361,7.596411887789145e-05,0
2336,9,9,0.0005847146967425942,1.3274032539811742e-07,0
2337,7,7,0.0008755200542509556,3.034687949821091e-07,0
2338,6,6,0.0012082234025001526,7.154814056775649e-07,0
2339,2,2,0.01781037449836731,0.00014059389650356025,0
2340,7,7,4.774067201651633e-05,5.458603569152842e-10,0
2341,0,0,0.0010904856026172638,6.046886369404092e-07,0
2342,5,5,0.11657971143722534,0.0073311822488904,0
2343,6,6,0.010095030069351196,3.891612504958175e-05,0
2344,0,0,0.00020938960369676352,1.663239856952714e-08,0
2345,1,1,4.807966433872934e-07,6.189500138548826e-14,0
2346,1,1,0.0017892839387059212,1.3040605608694023e-06,0
2347,8,8,0.0002874191850423813,2.1018733420419267e-08,0
2348,4,4,0.015385352075099945,7.296429976122454e-05,0
2349,5,5,0.00011277245357632637,7.014627101398219e-09,0
2350,3,3,0.11126410961151123,0.004891729913651943,0
2351,1,1,0.10498704761266708,0.004121157340705395,0
2352,2,2,0.0627765953540802,0.0019722902216017246,0
2353,4,4,0.0011541112326085567,4.26352642080019e-07,0
2354,8,8,1.0263975127600133e-05,3.168136239461994e-11,0
2355,9,1,0.1867309808731079,0.010973772034049034,1
2356,8,8,0.000144491670653224,6.273615404950306e-09,0
2357,1,1,3.1336276151705533e-06,4.035557912146492e-12,0
2358,7,4,0.08452892303466797,0.0031195860356092453,1
2359,2,2,0.0018920605070888996,1.4781473964831093e-06,0
2360,7,7,0.012671500444412231,5.069462349638343e-05,0
2361,2,2,0.10445797443389893,0.004779044073075056,0
2362,3,2,0.11078214645385742,0.0052083078771829605,1
2363,2,2,0.06359907984733582,0.002509497571736574,0
2364,6,6,3.314632340334356e-05,2.799462328617608e-10,0
2365,7,7,0.005953727290034294,1.0651435331965331e-05,0
2366,9,9,0.0014010574668645859,6.410961077563115e-07,0
2367,4,4,0.009173087775707245,1.9089913621428423e-05,0
2368,0,0,0.0024240557104349136,3.99837836084771e-06,0
2369,1,1,0.0016688783653080463,1.1462134352768771e-06,0
2370,0,0,1.2654127203859389e-05,3.199153095212459e-11,0
2371,4,4,9.853503433987498e-05,1.964763018946769e-09,0
2372,5,3,0.05943489074707031,0.001415991340763867,1
2373,0,0,1.2296557542867959e-05,3.820432165069221e-11,0
2374,8,8,3.4781129215843976e-05,4.4573983393192407e-10,0
2375,0,0,0.002315213903784752,1.3874887372367084e-06,0
2376,7,7,0.1302298605442047,0.0056544216349720955,0
2377,6,4,0.14381062984466553,0.011304078623652458,1
2378,1,1,0.00044650654308497906,6.663415064167566e-08,0
2379,0,8,0.04625791311264038,0.001821362180635333,1
2380,8,8,7.187481969594955e-05,8.111153415590877e-10,0
2381,5,5,0.023300766944885254,0.00038108372245915234,0
2382,9,9,1.999166124733165e-05,1.885700484649533e-10,0
2383,2,2,0.07167738676071167,0.002561220433562994,0
2384,5,5,0.08098748326301575,0.003183473600074649,0
2385,4,4,0.14091402292251587,0.0074957446195185184,0
2386,4,5,0.018844470381736755,0.00011307679960737005,1
2387,9,9,0.0039537809789180756,3.816894604824483e-06,0
2388,0,0,0.0012330538593232632,3.7546425346590695e-07,0
2389,6,6,0.00011397094931453466,4.7814276982194315e-09,0
2390,1,1,0.05438724160194397,0.0021064705215394497,0
2391,2,2,0.12343281507492065,0.009430206380784512,0
2392,5,5,0.05033060908317566,0.0017590441275388002,0
2393,1,1,0.02743580937385559,0.0005242254701443017,0
2394,6,6,0.024545222520828247,0.00028921294142492115,0
2395,7,7,0.01885169744491577,9.881581354420632e-05,0
2396,1,1,0.001600074116140604,1.0845673159565195e-06,0
2397,5,2,0.2084641456604004,0.00810182373970747,1
2398,8,8,0.006496623158454895,1.2552906810014974e-05,0
2399,8,8,5.102738214191049e-07,7.957562153703204e-14,0
2400,0,0,0.010444805026054382,2.1366811779444106e-05,0
2401,3,3,0.08528387546539307,0.0021058362908661366,0
2402,9,9,2.713208004934131e-07,1.1655024276420456e-14,0
2403,4,4,0.1582074761390686,0.004312041215598583,0
2404,0,0,0.03344567120075226,0.00023528878227807581,0
2405,3,6,3.0404517019633204e-06,3.0374179733894113e-12,1
2406,4,4,0.00012615829473361373,3.1811850931262597e-09,0
2407,9,9,0.0012202579528093338,6.543342010445485e-07,0
2408,2,2,0.008335605263710022,3.0082324883551337e-05,0
2409,4,4,0.04805263876914978,0.0008036944782361388,0
2410,3,3,0.002337368205189705,1.750242290654569e-06,0
2411,0,0,0.00014955445658415556,6.381652983833419e-09,0
2412,6,6,0.0033581694588065147,2.644552296260372e-06,0
2413,4,6,0.020815923810005188,0.00017582150758244097,1
2414,5,5,0.02091437578201294,0.00013478561595547944,0
2415,6,6,0.0003057410940527916,1.9215317337284432e-08,0
2416,6,2,0.19776606559753418,0.0077986763790249825,1
2417,7,7,0.013598326593637466,8.228217484429479e-05,0
2418,8,8,9.783628047443926e-05,3.893343869521004e-09,0
2419,4,4,0.013041019439697266,5.4623658797936514e-05,0
2420,8,8,0.028596796095371246,0.00017498587840236723,0
2421,8,8,0.019139505922794342,0.0001479233178542927,0
2422,3,4,0.07951617240905762,0.004402006510645151,1
2423,2,2,0.1389380693435669,0.004407445900142193,0
2424,8,8,0.0030928421765565872,1.9168223843735177e-06,0
2425,0,0,0.0023377882316708565,1.216987243424228e-06,0
2426,2,2,0.014571908861398697,0.00012201339995954186,0
2427,5,5,0.03151428699493408,0.0008819339564070106,0
2428,6,6,0.0016280030831694603,7.818986205165857e-07,0
2429,8,8,0.0003563880454748869,5.136701730634741e-08,0
2430,7,7,0.02735920250415802,0.0003715550119522959,0
2431,8,8,0.0001613604836165905,6.956839992966479e-09,0
2432,9,9,0.00511305034160614,1.1649654879875015e-05,0
2433,9,9,0.03445011377334595,0.0008743036305531859,0
2434,0,0,0.06455805897712708,0.0018192436546087265,0
2435,6,6,0.0725536048412323,0.001552687375806272,0
2436,6,6,0.07081317901611328,0.0011810672003775835,0
2437,8,8,0.00353187695145607,2.722257022469421e-06,0
2438,1,1,0.038720905780792236,0.0004381481558084488,0
2439,1,1,9.866973414318636e-06,3.745762033879885e-11,0
2440,7,7,0.011326193809509277,3.516197466524318e-05,0
2441,4,4,0.12059426307678223,0.005447563715279102,0
2442,4,3,0.14830103516578674,0.008577718399465084,1
2443,2,2,0.002427276223897934,1.0532045280342572e-06,0
2444,3,6,0.10406890511512756,0.0029450946021825075,1
2445,6,6,0.008460833691060543,2.7189249522052705e-05,0
2446,9,9,0.00025346188340336084,3.135647119734131e-08,0
2447,6,3,0.1453186273574829,0.0054312413558363914,1
2448,2,2,0.0041270144283771515,6.237577508727554e-06,0
2449,4,7,0.2200413942337036,0.013002376072108746,1
2450,1,1,0.000327911926433444,4.604601855362489e-08,0
2451,8,8,0.00024177622981369495,1.1929830456836044e-08,0
2452,2,2,0.0040498217567801476,3.086879587499425e-06,0
2453,3,4,0.0037204185500741005,3.944656782550737e-06,1
2454,1,1,0.009096603840589523,2.0801557184313424e-05,0
2455,6,3,0.05630302429199219,0.001031000865623355,1
2456,8,8,0.00022223021369427443,1.2210746191954058e-08,0
2457,6,6,5.626275378745049e-05,1.305619612423925e-09,0
2458,8,8,0.004860099405050278,1.533555769128725e-05,0
2459,5,5,0.04843078553676605,0.0013655598741024733,0
2460,9,9,0.00279034860432148,1.973119651665911e-06,0
2461,0,0,0.013017117977142334,0.0003131582634523511,0
2462,1,1,1.1170675861649215e-05,4.379755585981471e-11,0
2463,0,0,0.020614661276340485,7.581945101264864e-05,0
2464,2,2,0.08253148198127747,0.0016008255770429969,0
2465,9,9,0.014103800058364868,0.00010252367064822465,0
2466,2,2,0.1307816505432129,0.003916270099580288,0
2467,9,9,7.778595318086445e-06,1.3349722369215833e-11,0
2468,0,0,0.04063224792480469,0.001791875227354467,0
2469,9,9,0.00015586800873279572,5.881527709306056e-09,0
2470,7,7,3.7367281038314104e-05,4.5104905921355964e-10,0
2471,8,8,0.002042715437710285,9.858774774329504e-07,0
2472,5,5,0.08725625276565552,0.003947208169847727,0
2473,0,8,0.0776820182800293,0.006281143985688686,1
2474,6,6,0.013074126094579697,7.029281550785527e-05,0
2475,6,6,0.0029156506061553955,1.5570072946502478e-06,0
2476,8,8,0.00018915010150521994,1.576369257350052e-08,0
2477,1,1,0.0046401359140872955,7.493201792385662e-06,0
2478,6,6,2.1733896574005485e-05,1.2143323846469656e-10,0
2479,5,5,0.014366641640663147,6.091657996876165e-05,0
2480,8,8,5.711417543352582e-07,8.653409206641621e-14,0
2481,7,7,0.12461274862289429,0.005762143991887569,0
2482,9,1,0.07747158408164978,0.0025610742159187794,1
2483,2,2,0.000322365784086287,1.2818087036237102e-08,0
2484,1,1,8.619381333119236e-07,3.0597925452027774e-13,0
2485,6,6,0.0007724899332970381,2.488238521891617e-07,0
2486,7,4,0.1418687105178833,0.011321722529828548,1
2487,5,5,0.01251763105392456,4.446832826943137e-05,0
2488,6,6,0.0004649276379495859,5.8292346949428975e-08,0
2489,3,4,0.19849824905395508,0.01619643345475197,1
2490,0,0,0.08080554008483887,0.001735722878947854,0
2491,9,9,0.08586649596691132,0.0020729817915707827,0
2492,8,8,0.0002682637423276901,1.5157420207856376e-08,0
2493,9,9,0.012879490852355957,8.533603977411985e-05,0
2494,5,4,0.1173347681760788,0.005125194787979126,1
2495,9,8,0.23860585689544678,0.010850167833268642,1
2496,9,9,0.016857191920280457,0.0001910452701849863,0
2497,9,9,0.009809575974941254,2.3293319827644154e-05,0
2498,3,3,0.01162942498922348,5.2360126574058086e-05,0
2499,6,2,0.060716599225997925,0.0012641826178878546,1
2500,4,6,0.18374377489089966,0.0061212219297885895,1
2501,4,4,0.1422339677810669,0.006256000604480505,0
2502,8,8,0.0011726035736501217,4.4206549887348956e-07,0
2503,8,8,0.045964524149894714,0.0009163479553535581,0
2504,1,1,5.522184073925018e-05,6.879199432319183e-10,0
2505,7,7,0.0016222763806581497,9.027222631630138e-07,0
2506,3,3,0.24595624208450317,0.010314615443348885,0
2507,0,0,0.025141507387161255,0.00024006966850720346,0
2508,6,6,0.08186861872673035,0.004027299117296934,0
2509,2,6,0.27265632152557373,0.012757438234984875,1
2510,4,4,0.029624387621879578,0.00021750861196778715,0
2511,8,8,0.09320133924484253,0.007053723093122244,0
2512,2,2,0.0015825694426894188,7.451582746398344e-07,0
2513,2,2,4.9252335543314985e-09,9.722674302503387e-17,0
2514,9,9,0.025593042373657227,0.00016624442650936544,0
2515,2,2,0.2029244303703308,0.010335907340049744,0
2516,2,2,0.2308427095413208,0.010302023962140083,0
2517,9,9,0.011227168142795563,3.928613296011463e-05,0
2518,7,7,0.0012191981077194214,4.809700158148189e-07,0
2519,4,4,0.029412612318992615,0.00035964034032076597,0
2520,1,1,0.10199153423309326,0.00396744767203927,0
2521,9,9,0.10522502660751343,0.0024086274206638336,0
2522,1,1,0.0011967550963163376,4.119661412005371e-07,0
2523,4,4,0.01921263337135315,0.00010486275277798995,0
2524,3,5,0.10729897022247314,0.008289062418043613,1
2525,5,0,0.2533552646636963,0.010346006602048874,1
2526,3,2,0.1441255807876587,0.006040551699697971,1
2527,8,8,0.0001715273829177022,1.2314183450712335e-08,0
2528,9,9,0.0002917300444096327,2.1497871927067536e-08,0
2529,3,3,0.29883283376693726,0.020040620118379593,0
2530,6,2,0.06194932758808136,0.0014168188208714128,1
2531,2,2,2.589109499240294e-06,1.748385073871428e-12,0
2532,0,1,0.045603007078170776,0.0007982905954122543,1
2533,8,6,0.17829883098602295,0.006759001407772303,1
2534,9,9,0.0004967504646629095,4.910227247023613e-08,0
2535,0,4,0.11623013019561768,0.004871964920312166,1
2536,5,5,0.00543791800737381,1.7927386579685844e-05,0
2537,1,1,0.0009929519146680832,3.4745966104310355e-07,0
2538,5,5,0.17339086532592773,0.007052898406982422,0
2539,8,8,0.00038993777707219124,2.7283283188239693e-08,0
2540,2,3,0.059813618659973145,0.0017745135119184852,1
2541,1,1,1.533784597995691e-06,5.729734178436252e-13,0
2542,2,0,0.1016618013381958,0.005006097722798586,1
2543,3,3,0.02184993028640747,0.001015205169096589,0
2544,2,2,0.0038291271775960922,3.873249625030439e-06,0
2545,4,4,0.006316943094134331,9.452031008549966e-06,0
2546,8,8,5.4713484132662416e-05,1.064182963972371e-09,0
2547,4,4,0.0007813172414898872,1.3303882440141024e-07,0
2548,0,0,0.004055937752127647,5.549964043893851e-06,0
2549,6,6,0.04306761175394058,0.0005940907285548747,0
2550,4,4,0.0021449942141771317,1.1579550118767656e-06,0
2551,2,2,0.014979757368564606,4.967867425875738e-05,0
2552,9,9,0.04795394837856293,0.0006517120636999607,0
2553,8,8,6.10098140896298e-06,9.287309636618613e-12,0
2554,4,4,0.02041255682706833,0.00011115237430203706,0
2555,7,7,0.015416063368320465,5.8888690546154976e-05,0
2556,6,6,0.00011910893954336643,4.228742245260264e-09,0
2557,2,2,0.022817686200141907,0.0002138880518032238,0
2558,4,4,0.004455991089344025,5.967895958747249e-06,0
2559,7,7,0.007590845227241516,2.237782427982893e-05,0
2560,7,7,0.0013906336389482021,9.747157037054421e-07,0
2561,6,6,1.1474130587885156e-06,2.2645278122297718e-13,0
2562,4,4,0.0006981673650443554,1.3115547403685923e-07,0
2563,2,2,0.006077595055103302,1.7973059584619477e-05,0
2564,2,2,0.00017996050883084536,1.2120034753593245e-08,0
2565,3,3,0.009064756333827972,3.083053888985887e-05,0
2566,2,2,0.004330933094024658,4.5815295379725285e-06,0
2567,4,4,0.08008325099945068,0.0015734726330265403,0
2568,9,4,0.11737465858459473,0.003946383949369192,1
2569,0,0,0.017633330076932907,7.029922562651336e-05,0
2570,0,2,0.042823970317840576,0.0025357906706631184,1
2571,9,9,0.0021337177604436874,1.1602587619563565e-06,0
2572,6,6,0.004463274031877518,9.835025593929458e-06,0
2573,5,5,0.05634182691574097,0.0017025033012032509,0
2574,8,8,9.93688331618614e-09,8.183377209325908e-18,0
2575,5,5,0.07319498062133789,0.004179994575679302,0
2576,2,2,0.00041002850048244,3.643835100319848e-08,0
2577,4,4,0.00036146282218396664,3.6132437486458e-08,0
2578,8,8,5.82193024456501e-05,9.73074287813347e-10,0
2579,8,8,0.00046492181718349457,5.359394350534785e-08,0
2580,6,6,0.24013209342956543,0.011483341455459595,0
2581,4,4,0.15477633476257324,0.0067554437555372715,0
2582,5,5,0.005813898518681526,1.1569391062948853e-05,0
2583,7,7,0.015337511897087097,8.973233343567699e-05,0
2584,6,6,0.00011988298501819372,5.322879026437022e-09,0
2585,3,3,0.005792491137981415,2.1092437236802652e-05,0
2586,7,4,0.3125065565109253,0.01574903540313244,1
2587,0,0,0.20424985885620117,0.014149805530905724,0
2588,4,4,0.011975020170211792,4.512147279456258e-05,0
2589,0,0,0.04094552993774414,0.003076998982578516,0
2590,5,2,0.09421515464782715,0.003328610211610794,1
2591,8,8,0.004428727552294731,3.9231395021488424e-06,0
2592,2,4,0.07525914907455444,0.005489368923008442,1
2593,8,8,0.00018511037342250347,1.3461045611506961e-08,0
2594,0,0,0.0007709832862019539,1.3273617582854058e-07,0
2595,4,4,0.0004129437729716301,4.235818806819225e-08,0
2596,9,9,0.06922271847724915,0.0011001147795468569,0
2597,2,7,0.1657368540763855,0.0108824223279953,1
2598,3,3,0.035954415798187256,0.0006968510570004582,0
2599,6,3,0.11326831579208374,0.007191964890807867,1
2600,8,8,0.00025459821335971355,1.0615680778869319e-08,0
2601,1,1,5.770509596914053e-05,1.6721095619232074e-09,0
2602,6,6,2.0910204057145165e-07,3.677024657656016e-15,0
2603,0,0,0.05819869041442871,0.0013039704645052552,0
2604,8,8,0.0018915547989308834,1.502445797996188e-06,0
2605,4,4,0.0027077961713075638,1.9125891412841156e-06,0
2606,3,5,0.13858848810195923,0.0063901012763381,1
2607,1,1,1.6551297221667483e-08,4.589490264811e-16,0
2608,4,4,0.11528629064559937,0.006020217668265104,0
2609,5,5,0.018008410930633545,0.0001537033822387457,0
2610,2,2,2.61561363004148e-05,1.100289442890201e-10,0
2611,4,4,0.07090802490711212,0.0022931769490242004,0
2612,3,5,0.04499882459640503,0.0035047722049057484,1
2613,6,6,0.026274636387825012,0.00022699273540638387,0
2614,0,0,0.005925886332988739,9.861692888080142e-06,0
2615,7,7,0.0038108741864562035,5.943407359154662e-06,0
2616,1,1,0.005951574072241783,1.0553551874181721e-05,0
2617,3,3,0.03360338509082794,0.00028569644200615585,0
2618,5,5,0.010193787515163422,3.450331132626161e-05,0
2619,7,7,0.0005735957529395819,6.944795671870452e-08,0
2620,1,1,4.8769215936772525e-05,8.585152033724341e-10,0
2621,8,8,2.3463526304112747e-06,3.269968931046696e-12,0
2622,0,0,0.03473573923110962,0.0025331382639706135,0
2623,4,4,0.004630681127309799,4.6972031668701675e-06,0
2624,8,8,0.2513287365436554,0.008635260164737701,0
2625,2,2,0.0044681718572974205,8.231802894442808e-06,0
2626,7,7,0.01219574548304081,4.0789407648844644e-05,0
2627,7,7,0.0007792660035192966,1.62544480986071e-07,0
2628,0,0,0.016660533845424652,7.18234950909391e-05,0
2629,2,2,0.06928461790084839,0.0011270062532275915,0
2630,2,6,0.040372371673583984,0.0007348920335061848,1
2631,4,4,0.0009558084420859814,3.4443613117218774e-07,0
2632,3,5,0.042919307947158813,0.0012983859051018953,1
2633,3,3,0.02534306049346924,0.00028958969051018357,0
2634,1,9,0.06404253840446472,0.004286322742700577,1
2635,6,4,0.16313326358795166,0.008822573348879814,1
2636,1,1,3.918237780453637e-06,5.16345039641708e-12,0
2637,6,6,0.11159348487854004,0.005441660527139902,0
2638,4,4,0.0066834669560194016,1.0565493539616e-05,0
2639,6,6,0.003196124918758869,3.306066446384648e-06,0
2640,7,7,0.00014990137424319983,5.832966998298161e-09,0
2641,4,4,0.0004545641131699085,4.00477553341716e-08,0
2642,7,7,0.08271700143814087,0.0024305975530296564,0
2643,3,3,0.015467196702957153,0.00033006156445480883,0
2644,8,8,0.0033919354900717735,3.614135493990034e-06,0
2645,1,1,0.00962440948933363,3.939867383451201e-05,0
2646,3,3,0.02232973277568817,0.0002566743060015142,0
2647,1,1,8.053393685258925e-06,2.096073661861375e-11,0
2648,4,4,0.07007670402526855,0.0018385372823104262,0
2649,6,6,0.0006308942101895809,1.7553443854012585e-07,0
2650,5,2,0.09803551435470581,0.0027690702117979527,1
2651,5,3,0.11421489715576172,0.004258303437381983,1
2652,7,7,0.002320437226444483,1.8317480225960026e-06,0
2653,4,4,0.0011614477261900902,5.511730591933883e-07,0
2654,5,5,0.010913698002696037,6.0322363424347714e-05,0
2655,4,4,0.005202975124120712,8.499553587171249e-06,0
2656,9,9,0.0006828815676271915,1.7096083126943995e-07,0
2657,7,7,0.004909174516797066,4.799152975465404e-06,0
2658,7,7,0.00010481372009962797,1.8655232913999953e-09,0
2659,2,2,0.03470081090927124,0.00041629414772614837,0
2660,3,3,0.005402803421020508,4.8565656470600516e-05,0
2661,3,3,0.037517815828323364,0.0010140746599063277,0
2662,6,6,0.10956910252571106,0.005242239683866501,0
2663,7,7,0.01589732989668846,8.68479983182624e-05,0
2664,4,4,0.003825761377811432,4.933125637762714e-06,0
2665,1,1,0.0013515623286366463,8.99697340628336e-07,0
2666,6,6,0.006847001612186432,2.5155217372230254e-05,0
2667,1,1,1.5086858184076846e-05,1.1263545651729601e-10,0
2668,0,0,0.03461986780166626,0.0006906980415806174,0
2669,6,6,9.240413783118129e-05,2.331678183864483e-09,0
2670,9,9,0.0014678789302706718,7.410409921249084e-07,0
2671,6,6,0.008684571832418442,3.4864078770624474e-05,0
2672,0,0,0.026032492518424988,0.00023843809321988374,0
2673,2,2,0.14929473400115967,0.007398006971925497,0
2674,0,0,0.11871780455112457,0.005454982630908489,0
2675,2,4,0.02147640287876129,0.00012515491107478738,1
2676,4,4,0.10526072978973389,0.004233251325786114,0
2677,7,7,2.4750246666371822e-05,1.857525938619986e-10,0
2678,0,0,0.006612908095121384,1.231077294505667e-05,0
2679,0,0,0.2774037718772888,0.01058020256459713,0
2680,0,0,0.0001993047771975398,8.573943333090028e-09,0
2681,0,0,0.012286745011806488,6.668828427791595e-05,0
2682,7,7,0.0011725106742233038,6.002528039061872e-07,0
2683,5,5,2.5505483790766448e-05,2.9293284464770863e-10,0
2684,3,3,0.03713196516036987,0.002449982799589634,0
2685,2,2,0.036854639649391174,0.0004003990034107119,0
2686,7,7,0.023614197969436646,0.00015162903582677245,0
2687,8,8,3.120569454040378e-05,4.5517647984105736e-10,0
2688,5,5,0.04194900393486023,0.0005571975489147007,0
2689,5,5,0.011920101940631866,0.00010628270683810115,0
2690,2,2,0.24525350332260132,0.012548333033919334,0
2691,2,2,8.562050061300397e-05,1.1185408155256482e-09,0
2692,8,8,0.02433124929666519,0.00018380403344053775,0
2693,9,9,0.003114983905106783,4.012813406006899e-06,0
2694,1,1,3.241927970520919e-08,8.02299125606551e-16,0
2695,2,2,0.03504952788352966,0.00023153124493546784,0
2696,2,2,0.004058687016367912,7.2400516728521325e-06,0
2697,0,0,0.14425736665725708,0.007611525245010853,0
2698,3,3,0.004407976754009724,1.1584766980377026e-05,0
2699,4,4,0.020680248737335205,0.00022448529489338398,0
2700,9,9,0.00935046374797821,5.285872612148523e-05,0
2701,1,8,0.20663172006607056,0.008438369259238243,1
2702,6,6,0.0005568445194512606,7.686962533171027e-08,0
2703,9,0,0.036447882652282715,0.0003132419951725751,1
2704,0,0,0.1260967254638672,0.007455064449459314,0
2705,8,0,0.01184450089931488,7.47053709346801e-05,1
2706,3,3,0.00789964571595192,1.8618116882862523e-05,0
2707,6,6,5.670491373166442e-05,8.335655499180916e-10,0
2708,4,4,0.14925545454025269,0.007812161929905415,0
2709,6,6,0.008448375388979912,1.9288421754026785e-05,0
2710,7,7,0.011679632589221,3.995243241661228e-05,0
2711,5,5,0.00010232103522866964,4.840071010647762e-09,0
2712,1,1,0.011312641203403473,4.9374088121112436e-05,0
2713,8,8,3.813985927081376e-08,5.674462178487322e-16,0
2714,9,9,0.008093912154436111,2.3651129595236853e-05,0
2715,0,0,5.103170406073332e-05,5.01040264833108e-10,0
2716,5,5,0.04429084062576294,0.0015546182403340936,0
2717,0,0,0.018687382340431213,0.00029820550116710365,0
2718,5,5,0.09634482860565186,0.004106911830604076,0
2719,4,3,0.024493306875228882,0.00032261060550808907,1
2720,3,3,0.002235766965895891,2.5745350740180584e-06,0
2721,8,6,0.14789491891860962,0.004953586496412754,1
2722,5,5,0.09685057401657104,0.004765661899000406,0
2723,2,4,0.149428129196167,0.005529876332730055,1
2724,0,0,0.0009593353606760502,2.1588785159565305e-07,0
2725,8,8,0.03923112154006958,0.000653947121463716,0
2726,5,5,0.02030441164970398,0.00020191026851534843,0
2727,9,9,0.03895297646522522,0.0007235311204567552,0
2728,2,2,0.0008110092021524906,1.3760868000645132e-07,0
2729,5,3,0.052877604961395264,0.0025555165484547615,1
2730,6,6,0.0005452744662761688,9.953661361805644e-08,0
2731,5,5,0.009610235691070557,3.986428055213764e-05,0
2732,7,7,0.001060308888554573,6.156263339107682e-07,0
2733,3,3,0.21088117361068726,0.014121321961283684,0
2734,7,7,7.559004006907344e-05,1.887571432490631e-09,0
2735,2,2,0.026592455804347992,0.00038645026506856084,0
2736,8,8,0.009576305747032166,3.045602898055222e-05,0
2737,8,0,0.04384410381317139,0.001058126799762249,1
2738,4,4,0.01173325628042221,4.1068356949836016e-05,0
2739,2,2,0.00020853627938777208,1.2723181619378465e-08,0
2740,1,1,0.0020420500077307224,1.2395742032822454e-06,0
2741,6,6,0.00021677801851183176,8.547887730969705e-09,0
2742,2,2,0.0005415701307356358,8.021277153602568e-08,0
2743,9,9,0.0005172267556190491,6.475265479366499e-08,0
2744,9,9,0.0004254584200680256,9.035376535848627e-08,0
2745,8,8,0.0005844695260748267,1.5113153040147154e-07,0
2746,2,2,0.04802462458610535,0.0010810294188559055,0
2747,3,3,0.05684006214141846,0.0007495339377783239,0
2748,1,1,0.0003391095669940114,5.108981326884532e-08,0
2749,0,0,0.0019915495067834854,2.594624675111845e-06,0
2750,5,5,0.051010772585868835,0.0013602053513750434,0
2751,2,2,0.003093857318162918,3.8413463698816486e-06,0
2752,3,3,0.10223668813705444,0.007697327993810177,0
2753,7,7,0.0034263525158166885,5.4572660701524e-06,0
2754,9,9,0.16102135181427002,0.010343557223677635,0
2755,5,7,0.13505947589874268,0.00846043135970831,1
2756,9,9,0.2747408151626587,0.014938185922801495,0
2757,1,1,0.0006253814790397882,1.6572161598560342e-07,0
2758,1,1,0.014678344130516052,0.00010804923658724874,0
2759,3,3,0.050825655460357666,0.001033369218930602,0
2760,2,2,0.013772629201412201,3.9336111512966454e-05,0
2761,7,7,0.0005473135970532894,1.2510132307852473e-07,0
2762,4,7,0.08445847034454346,0.0036569698713719845,1
2763,4,4,0.0167502760887146,0.00012375992082525045,0
2764,1,1,6.26055225438904e-08,7.820210509701647e-15,0
2765,9,9,0.0024775778874754906,2.2244798856263515e-06,0
2766,4,4,0.0044248513877391815,3.7309139315766515e-06,0
2767,5,3,0.07649922370910645,0.004180370829999447,1
2768,5,5,0.19237059354782104,0.012527530081570148,0
2769,2,2,0.0016292175278067589,6.180704872349452e-07,0
2770,7,3,0.07142823934555054,0.0018396349623799324,1
2771,7,7,0.008320940658450127,2.2812519091530703e-05,0
2772,6,6,0.03504389524459839,0.0005707509117200971,0
2773,1,1,0.027194172143936157,0.00020470547315198928,0
2774,2,5,0.08723914623260498,0.003884522942826152,1
2775,3,3,0.08471992611885071,0.001955981831997633,0
2776,7,7,0.0018687406554818153,1.3334561117517296e-06,0
2777,5,5,0.06663313508033752,0.004066593945026398,0
2778,4,4,0.008463870733976364,2.923870852100663e-05,0
2779,3,2,0.03431011736392975,0.0003271254536230117,1
2780,7,7,6.522943749587284e-07,8.768207243169818e-14,0
2781,7,7,0.012099061161279678,3.0735489417565987e-05,0
2782,0,0,0.05923318862915039,0.0005508015165105462,0
2783,0,9,0.22696912288665771,0.010135142132639885,1
2784,1,1,9.734893683344126e-05,4.518379448370524e-09,0
2785,4,5,0.18860232830047607,0.008085309527814388,1
2786,4,4,0.013688594102859497,3.1882940675131977e-05,0
2787,3,3,0.03034183382987976,0.00018572350381873548,0
2788,7,7,0.1702498197555542,0.006353429052978754,0
2789,9,9,0.0003136155428364873,3.609033072393686e-08,0
2790,8,8,0.00012109166709706187,5.423293369943849e-09,0
2791,7,7,0.00024729862343519926,2.4986238855717602e-08,0
2792,0,0,0.0005410686135292053,5.585471996027991e-08,0
2793,9,9,0.19223737716674805,0.011031080968677998,0
2794,0,0,0.00921190157532692,4.909456038149074e-05,0
2795,3,3,0.050959110260009766,0.001196259050630033,0
2796,7,7,0.0024144351482391357,4.967194399796426e-06,0
2797,6,6,0.027278900146484375,0.0005217658472247422,0
2798,3,5,0.050752460956573486,0.0038554102648049593,1
2799,8,8,1.5157720554270782e-06,5.382260392580718e-13,0
2800,4,4,0.0008748308755457401,3.2170459007829777e-07,0
2801,5,5,4.99902234878391e-05,9.071243201042023e-10,0
2802,6,6,1.0001513146562502e-05,3.3446152097882376e-11,0
2803,5,5,4.916262696497142e-06,1.4426189409721957e-11,0
2804,3,4,0.11114895343780518,0.003800908802077174,1
2805,4,4,0.00046367524191737175,8.832715536755131e-08,0
2806,2,2,0.00982382521033287,1.7014632248901762e-05,0
2807,9,9,0.09539857506752014,0.001373612554743886,0
2808,2,3,0.12793618440628052,0.0060285781510174274,1
2809,4,4,0.09123075008392334,0.0036429285537451506,0
2810,9,7,0.3593940734863281,0.013467478565871716,1
2811,2,2,0.03708389401435852,0.000532816571649164,0
2812,0,0,0.014212362468242645,0.00014311997801996768,0
2813,1,1,2.8401331064742408e-08,5.971623570998996e-16,0
2814,1,1,0.013942219316959381,0.00012875690299551934,0
2815,3,3,0.014004550874233246,9.260366641683504e-05,0
2816,7,7,0.009555600583553314,2.453359411447309e-05,0
2817,9,9,0.00017390470020473003,1.624798073862621e-08,0
2818,5,5,0.07595163583755493,0.0016394916456192732,0
2819,1,1,0.0003274680348113179,5.392631763356803e-08,0
2820,6,6,0.0013315584510564804,3.1930989052852965e-07,0
2821,0,0,0.06520682573318481,0.0011583330342546105,0
2822,3,5,0.07561790943145752,0.003877142444252968,1
2823,3,3,0.07180285453796387,0.0014459769008681178,0
2824,7,7,3.491993993520737e-05,3.7294514698693604e-10,0
2825,2,6,0.015554919838905334,0.0001614639477338642,1
2826,4,4,0.0012917965650558472,6.493934847640048e-07,0
2827,5,5,0.002705628052353859,3.4552372198959347e-06,0
2828,2,2,0.004304734990000725,7.842269042157568e-06,0
2829,3,3,0.021862342953681946,0.00015407225873786956,0
2830,6,6,6.937698344700038e-07,2.011557153486221e-13,0
2831,3,9,0.19010645151138306,0.006642562802881002,1
2832,3,3,0.04967540502548218,0.0026915590278804302,0
2833,0,0,4.24241297878325e-05,3.4844432894587385e-10,0
2834,4,2,0.0755690336227417,0.005171154160052538,1
2835,4,4,0.07873368263244629,0.0019116830080747604,0
2836,3,3,0.1707751750946045,0.007457539439201355,0
2837,8,8,5.906411388423294e-06,1.0070571113129922e-11,0
2838,1,1,0.0002559500280767679,3.2190612841986876e-08,0
2839,2,2,1.1419935617595911e-05,5.598490421254709e-11,0
2840,3,3,0.03413975238800049,0.0005554641829803586,0
2841,2,2,0.009243138134479523,2.6762892957776785e-05,0
2842,7,7,9.8883465398103e-05,2.3924910941275357e-09,0
2843,1,8,0.0748346745967865,0.001944055431522429,1
2844,4,3,0.0866929292678833,0.0025983520317822695,1
2845,5,5,0.1262282133102417,0.004997723735868931,0
2846,6,6,0.00045259553007781506,6.280513531464749e-08,0
2847,8,8,0.17237603664398193,0.009668169543147087,0
2848,6,6,0.0002193896216340363,1.95907965405695e-08,0
2849,6,6,0.01611374318599701,7.56545050535351e-05,0
2850,5,5,0.0540449321269989,0.0014753059949725866,0
2851,4,4,0.004588993266224861,4.3466575334605295e-06,0
2852,2,2,0.1468644142150879,0.007132530212402344,0
2853,9,9,0.0002702552592381835,2.2785169306871467e-08,0
2854,9,9,0.16329240798950195,0.005885633174329996,0
2855,3,4,0.20660912990570068,0.011297406628727913,1
2856,2,2,0.0060949064791202545,2.147574195987545e-05,0
2857,0,0,0.0009574233554303646,3.47570761505267e-07,0
2858,4,4,0.0047087520360946655,8.817061825538985e-06,0
2859,1,2,0.25966978073120117,0.011336470022797585,1
2860,5,5,0.005949638783931732,7.675515007576905e-06,0
2861,5,5,0.00025745341554284096,2.901439266622674e-08,0
2862,6,6,0.04723113775253296,0.0006822658469900489,0
2863,6,6,0.0003989371471107006,5.540973546658279e-08,0
2864,5,5,0.0020145364105701447,1.936150056280894e-06,0
2865,6,6,0.001959756948053837,1.8742426846074522e-06,0
2866,9,9,0.00013339088764041662,7.577463989605349e-09,0
2867,7,7,0.14385908842086792,0.00646322313696146,0
2868,9,3,0.04928332567214966,0.00108174083288759,1
2869,4,4,0.04040046036243439,0.0006290373275987804,0
2870,8,8,0.00017799704801291227,1.4215421728636102e-08,0
2871,3,3,0.01680077612400055,7.942895899759606e-05,0
2872,1,1,0.032516226172447205,0.0004088861751370132,0
2873,9,9,0.00850684568285942,2.861264511011541e-05,0
2874,8,8,0.05162745714187622,0.0006487773498520255,0
2875,1,1,0.03363537788391113,0.00042876918450929224,0
2876,9,9,0.0008360869251191616,2.657575919329247e-07,0
2877,0,0,0.0035893209278583527,3.72085855815385e-06,0
2878,3,3,0.039842814207077026,0.001531443907879293,0
2879,0,0,0.07376256585121155,0.001670725061558187,0
2880,4,4,0.0002580885775387287,2.721777470071629e-08,0
2881,7,7,0.017160438001155853,0.00013236052473075688,0
2882,7,7,6.921723252162337e-05,1.9830330710846056e-09,0
2883,2,2,0.00011928344611078501,4.923101926124218e-09,0
2884,6,4,0.08708399534225464,0.003286180552095175,1
2885,5,5,0.002457818016409874,2.540503601267119e-06,0
2886,6,6,0.00011196138802915812,2.5641111456309318e-09,0
2887,9,9,3.14971839543432e-06,3.076230893281351e-12,0
2888,7,7,0.033747971057891846,0.00025253728381358087,0
2889,7,7,0.026973262429237366,0.0003961003967560828,0
2890,5,5,0.062354087829589844,0.0035795830190181732,0
2891,7,7,0.0027494747191667557,1.956636197064654e-06,0
2892,0,0,0.005051737651228905,1.0524594472371973e-05,0
2893,8,8,1.4397055565495975e-06,5.224899289266172e-13,0
2894,6,6,0.0005944119766354561,1.0774821390668876e-07,0
2895,7,5,0.06025135517120361,0.0021998684387654066,1
2896,8,8,3.958552042604424e-06,5.114645686143948e-12,0
2897,3,3,0.010152168571949005,6.627693073824048e-05,0
2898,8,8,0.004430752247571945,5.0077755986421835e-06,0
2899,9,9,0.0017741401679813862,4.6467607717204373e-07,0
2900,3,2,0.16083025932312012,0.009207889437675476,1
2901,2,2,0.0005643871845677495,1.109424232481615e-07,0
2902,9,9,0.02134309709072113,0.0001991789322346449,0
2903,2,2,0.052566200494766235,0.001283343299292028,0
2904,7,7,0.011406254023313522,4.8647554649505764e-05,0
2905,4,4,0.020243793725967407,0.00014006157289259136,0
2906,1,1,0.10882288217544556,0.005647801794111729,0
2907,9,9,0.001694126520305872,8.109083751151047e-07,0
2908,7,7,0.00010792125249281526,2.692618128463664e-09,0
2909,0,0,0.010264333337545395,2.6913126930594444e-05,0
2910,8,8,0.0434095561504364,0.0006294488557614386,0
2911,1,1,1.3586875866167247e-05,4.9528776913110306e-11,0
2912,2,6,0.03253242373466492,0.0004178061499260366,1
2913,0,0,3.09585448121652e-05,2.5006427484264293e-10,0
2914,6,6,0.029568880796432495,0.00046780280536040664,0
2915,5,5,0.00023764802608639002,2.7486279918775836e-08,0
2916,1,1,0.0021066395565867424,9.944699286279501e-07,0
2917,4,4,1.996153878280893e-05,9.956085955664662e-11,0
2918,2,2,0.07347676157951355,0.0023916775826364756,0
2919,8,8,0.00015037442790344357,1.0352238177802064e-08,0
2920,2,2,0.00010590910096652806,3.971674544800408e-09,0
2921,8,8,8.365310350200161e-06,2.5508378395655562e-11,0
2922,3,3,0.0015250267460942268,8.400373303629749e-07,0
2923,3,5,0.11216503381729126,0.004790885373950005,1
2924,1,1,9.000502177514136e-05,3.0544669016308035e-09,0
2925,4,4,0.0003615310415625572,2.600360105020627e-08,0
2926,9,9,0.009664833545684814,4.152185647399165e-05,0
2927,8,8,7.402828487101942e-06,2.47060462366111e-11,0
2928,1,1,1.049246930051595e-05,4.220598870396941e-11,0
2929,1,1,1.762275496730581e-05,6.934586238571683e-11,0
2930,7,5,0.14590483903884888,0.00880234781652689,1
2931,9,9,0.021422863006591797,0.00010111268784385175,0
2932,9,9,2.937785757239908e-05,2.4210522475698326e-10,0
2933,4,4,0.005293633788824081,9.248999958799686e-06,0
2934,6,6,0.06346312165260315,0.001710209297016263,0
2935,8,8,0.00028593861497938633,4.500640926607957e-08,0
2936,5,5,0.0008754292502999306,3.7166418564993364e-07,0
2937,3,5,0.03959818184375763,0.0010073172161355615,1
2938,2,2,0.018224969506263733,6.166824459796771e-05,0
2939,2,2,0.010342825204133987,2.7331101591698825e-05,0
2940,3,0,0.0784991979598999,0.0022282456047832966,1
2941,8,8,0.018910855054855347,0.00010885321535170078,0
2942,5,5,0.011702120304107666,9.645407408243045e-05,0
2943,1,1,0.0023015905171632767,2.7211663109483197e-06,0
2944,9,9,0.000954178161919117,3.58114363052664e-07,0
2945,7,7,0.0029343031346797943,6.530261543957749e-06,0
2946,9,9,0.0009719619993120432,2.3201512533432833e-07,0
2947,1,1,1.1065940270782448e-06,5.225627873126082e-13,0
2948,5,3,0.2984575033187866,0.011322805657982826,1
2949,3,3,0.039845287799835205,0.0006802960997447371,0
2950,1,1,0.01666315644979477,0.00017064758867491037,0
2951,0,0,0.06713330745697021,0.0018954776460304856,0
2952,3,3,0.08175617456436157,0.0035608187317848206,0
2953,8,8,9.263440006179735e-06,3.1579079629029394e-11,0
2954,9,9,0.0016557392664253712,1.4423824268305907e-06,0
2955,2,2,0.055766284465789795,0.001138149993494153,0
2956,0,0,0.003452906385064125,3.1189515539153945e-06,0
2957,8,0,0.23514854907989502,0.011770013719797134,1
2958,0,0,0.1539837121963501,0.008553290739655495,0
2959,7,7,0.2536112666130066,0.012578467838466167,0
2960,9,0,0.1339857578277588,0.010177181102335453,1
2961,4,4,0.07634246349334717,0.003747445996850729,0
2962,8,8,0.00048486096784472466,6.24738021315352e-08,0
2963,3,3,0.02404605597257614,0.0001112219033529982,0
2964,0,0,0.004062341526150703,4.8107735892699566e-06,0
2965,7,7,0.0005425531417131424,5.923137180730009e-08,0
2966,0,2,0.13796007633209229,0.0056488909758627415,1
2967,7,7,0.009630762971937656,3.962834307458252e-05,0
2968,0,0,0.13684362173080444,0.012122523970901966,0
2969,5,5,0.011490322649478912,3.347089295857586e-05,0
2970,5,5,0.1027449369430542,0.004221137147396803,0
2971,4,4,0.006767282262444496,1.7472877516411245e-05,0
2972,3,3,0.02023400366306305,0.00023794101434759796,0
2973,0,0,0.02313140034675598,0.0001914270978886634,0
2974,9,9,0.0009348676539957523,3.5314809565534233e-07,0
2975,9,9,0.02978155016899109,0.00018911354709416628,0
2976,0,0,0.014825686812400818,7.148155418690294e-05,0
2977,2,2,0.010162882506847382,3.024884790647775e-05,0
2978,2,2,0.1617642641067505,0.006928483489900827,0
2979,0,0,0.00021036318503320217,8.227202030752778e-09,0
2980,8,8,6.441038567572832e-05,1.7865959822671584e-09,0
2981,4,4,0.04976043105125427,0.0008974516531452537,0
2982,4,4,0.000610026647336781,1.5790175211805035e-07,0
2983,5,5,0.007446287199854851,2.4405453586950898e-05,0
2984,2,2,9.352032066090032e-06,2.248252972680831e-11,0
2985,2,5,0.18392419815063477,0.007373434491455555,1
2986,1,1,0.1382526457309723,0.007267462555319071,0
2987,1,6,0.13531625270843506,0.004763204604387283,1
2988,5,5,0.06825584173202515,0.003699564142152667,0
2989,5,5,0.06393030285835266,0.001731380121782422,0
2990,4,4,0.0010833311825990677,5.270140945867752e-07,0
2991,3,3,0.0277203768491745,0.00048307477845810354,0
2992,4,4,0.013733133673667908,3.662404196802527e-05,0
2993,0,0,0.0019607627764344215,6.925434945515008e-07,0
2994,8,8,0.0010560057125985622,3.723598069882428e-07,0
2995,4,4,0.005579667165875435,1.1814364370366093e-05,0
2996,8,8,0.001143946312367916,4.952006520397845e-07,0
2997,2,5,0.34961265325546265,0.021383699029684067,1
2998,5,5,0.007479481399059296,1.8575399735709652e-05,0
2999,6,6,0.0660409927368164,0.0015884399181231856,0
3000,5,5,0.03269773721694946,0.0005753996665589511,0
3001,1,1,7.756170816719532e-08,8.450163312134773e-15,0
3002,7,7,0.002525893971323967,1.688039674263564e-06,0
3003,2,2,0.05286911129951477,0.002512758830562234,0
3004,4,4,0.00018675351748242974,1.4980836127165276e-08,0
3005,0,0,0.146492600440979,0.004960583057254553,0
3006,5,5,0.007422696799039841,3.22008527291473e-05,0
3007,6,6,0.0015495875850319862,9.852722087089205e-07,0
3008,8,8,0.011172972619533539,6.0764206864405423e-05,0
3009,7,7,0.0002401280216872692,1.573801888810067e-08,0
3010,6,6,0.00010453004506416619,3.0188782584872342e-09,0
3011,3,3,0.09554088115692139,0.004521859809756279,0
3012,1,1,0.0011251205578446388,3.3259641440963605e-07,0
3013,3,5,0.09632569551467896,0.00501546123996377,1
3014,6,3,0.08524787425994873,0.0019291670760139823,1
3015,6,6,0.0004309238865971565,5.260591251499136e-08,0
3016,4,4,0.10674691200256348,0.00788463931530714,0
3017,5,5,0.0003338395617902279,3.232131007280259e-08,0
3018,5,5,0.0001047991681843996,3.1287221702314127e-09,0
3019,5,5,0.013880550861358643,0.00016362663882318884,0
3020,1,1,0.05809655785560608,0.0013317933771759272,0
3021,8,8,0.005259625613689423,5.726371909986483e-06,0
3022,7,7,1.77493056980893e-05,1.1020656609517232e-10,0
3023,3,3,0.01794789731502533,0.00019204228010494262,0
3024,0,0,0.005090571939945221,1.8599992472445592e-05,0
3025,2,6,0.0345839262008667,0.0005832439055666327,1
3026,5,7,0.18887466192245483,0.013679420575499535,1
3027,1,1,6.308499723672867e-05,1.426657902925399e-09,0
3028,1,1,3.0289782444015145e-05,3.4928096526165575e-10,0
3029,1,1,0.20047667622566223,0.01725136674940586,0
3030,6,6,0.0005645626224577427,1.3992449510169536e-07,0
3031,7,7,0.09097295999526978,0.005581719800829887,0
3032,2,6,0.20346802473068237,0.005514891818165779,1
3033,1,1,3.586968523450196e-05,6.228505489147551e-10,0
3034,2,2,0.0028120968490839005,1.6032523717512959e-06,0
3035,3,5,0.05462777614593506,0.0033956230618059635,1
3036,9,9,0.0015266621485352516,4.0357298303206335e-07,0
3037,8,8,0.006975374184548855,1.572882138134446e-05,0
3038,3,3,0.08089280128479004,0.0027538954745978117,0
3039,1,1,1.1761061614379287e-05,3.881248794579406e-11,0
3040,7,7,0.001146762166172266,6.30335478035704e-07,0
3041,4,4,0.0024329274892807007,1.449034016332007e-06,0
3042,8,8,0.0002524320734664798,1.530324666987326e-08,0
3043,4,4,0.011419713497161865,5.9719452110584825e-05,0
3044,7,5,0.07119482755661011,0.005532457027584314,1
3045,5,5,0.00039313884917646646,5.134918268367983e-08,0
3046,8,8,0.00190721545368433,1.7418642528355122e-06,0
3047,6,6,0.025012269616127014,0.0003928203077521175,0
3048,0,0,0.0038821417838335037,5.4924830692471005e-06,0
3049,3,5,0.05335232615470886,0.001980691682547331,1
3050,0,0,0.009016931056976318,3.614022716647014e-05,0
3051,8,8,0.031003020703792572,0.00037801777943968773,0
3052,3,2,0.05222976207733154,0.0009712213650345802,1
3053,4,4,0.06448891758918762,0.001341810217127204,0
3054,4,4,0.022175341844558716,0.00011967469617957249,0
3055,9,9,9.211260476149619e-06,3.406983722920032e-11,0
3056,4,4,0.056879639625549316,0.0018778197700157762,0
3057,6,6,0.013275215402245522,5.418789078248665e-05,0
3058,1,1,0.00011273246491327882,4.759185934233301e-09,0
3059,5,2,0.11709803342819214,0.003794437274336815,1
3060,7,7,0.0005095403175801039,1.0965169394694385e-07,0
3061,7,7,0.0009063789620995522,2.071093661015766e-07,0
3062,9,9,0.0002678607124835253,1.7200047608412206e-08,0
3063,0,0,0.09677565097808838,0.005754041485488415,0
3064,1,1,0.0001453410368412733,8.981668742080728e-09,0
3065,3,3,0.024115025997161865,0.0001600321993464604,0
3066,1,1,2.8631024179048836e-05,2.4821397714980264e-10,0
3067,3,5,0.1437510848045349,0.008803949691355228,1
3068,2,0,0.009600639343261719,0.0005865092971362174,1
3069,4,4,0.004670418798923492,1.0464556908118539e-05,0
3070,0,0,0.0012762481346726418,3.256837146636826e-07,0
3071,7,7,0.0003409443888813257,5.1619132079849805e-08,0
3072,8,8,0.12654095888137817,0.007233012467622757,0
3073,3,5,0.051956504583358765,0.0011352633591741323,1
3074,1,1,2.664087514858693e-05,1.7359338966294047e-10,0
3075,6,3,0.12487208843231201,0.004186310339719057,1
3076,2,2,0.0006104991771280766,1.3450173241835728e-07,0
3077,1,1,2.3294242055271752e-06,2.546714141654638e-12,0
3078,8,8,0.00039131916128098965,6.255983464598103e-08,0
3079,8,8,0.18243736028671265,0.012866628356277943,0
3080,1,1,0.001258724369108677,4.809446068065881e-07,0
3081,9,9,3.445887705311179e-05,2.9116759003855464e-10,0
3082,7,3,0.18721234798431396,0.010329226963222027,1
3083,5,3,0.05954945087432861,0.0012764136772602797,1
3084,3,3,0.032438188791275024,0.00037926348159089684,0
3085,2,2,0.06309795379638672,0.0017327435780316591,0
3086,9,9,0.00027379964012652636,3.577693519218883e-08,0
3087,0,0,0.06174613535404205,0.0007962469244375825,0
3088,6,6,0.0007957583293318748,1.7746202729540528e-07,0
3089,8,8,3.9903443393995985e-06,3.4525242907645914e-12,0
3090,4,4,2.6496651116758585e-05,2.56074050852817e-10,0
3091,1,1,0.05331963300704956,0.001224156585521996,0
3092,5,5,0.028923436999320984,0.0004126867279410362,0
3093,7,7,0.00041451165452599525,6.797463925067859e-08,0
3094,2,0,0.03392690420150757,0.0007875910960137844,1
3095,4,6,0.1140826940536499,0.005525184795260429,1
3096,7,7,2.501745620975271e-05,2.9347169139271045e-10,0
3097,0,7,0.07403752207756042,0.0012747106375172734,1
3098,4,4,0.0004648424219340086,4.1491034608043265e-08,0
3099,9,9,3.662660219561076e-08,6.415625324697255e-15,0
3100,0,0,0.040022969245910645,0.000599990482442081,0
3101,7,7,0.01887807622551918,9.91147244349122e-05,0
3102,0,0,0.00015770288882777095,5.895929966470703e-09,0
3103,6,6,0.31178295612335205,0.015707742422819138,0
3104,7,7,1.7627586203161627e-05,1.3562465039917981e-10,0
3105,1,1,0.060084983706474304,0.0014930109027773142,0
3106,8,8,0.0003400661516934633,3.820711214075345e-08,0
3107,5,5,0.03701236844062805,0.000813838210888207,0
3108,8,8,0.06005805730819702,0.0007867927779443562,0
3109,8,8,0.024982810020446777,0.000219262350583449,0
3110,7,5,0.10025113821029663,0.003243244020268321,1
3111,0,0,0.009999506175518036,2.3851140213082545e-05,0
3112,0,0,0.0015923390164971352,8.291855237985146e-07,0
3113,3,6,0.1306990385055542,0.005979470908641815,1
3114,2,8,0.014070369303226471,5.499714825418778e-05,1
3115,5,3,0.1178135871887207,0.005586995743215084,1
3116,7,7,0.003569113090634346,7.309430657187477e-06,0
3117,0,0,0.02232833206653595,9.20317106647417e-05,0
3118,6,6,0.0049419039860367775,1.2653229532588739e-05,0
3119,4,4,0.016992002725601196,6.130740803200752e-05,0
3120,4,4,0.027599483728408813,0.0002989613567478955,0
3121,9,9,7.049540727166459e-06,1.0859166864329861e-11,0
3122,1,1,0.014501921832561493,3.856328476103954e-05,0
3123,8,8,0.008814586326479912,2.3924199922475964e-05,0
3124,6,6,0.0281008780002594,0.0002139887510566041,0
3125,3,3,0.014786191284656525,6.310944445431232e-05,0
3126,9,9,3.246846972615458e-06,4.514335519983925e-12,0
3127,4,4,0.011193839833140373,4.2908006435027346e-05,0
3128,9,9,0.0009948641527444124,4.2004603528766893e-07,0
3129,3,3,0.011719346046447754,0.0003493026888463646,0
3130,3,3,0.020745381712913513,0.000391161855077371,0
3131,7,7,0.0647353082895279,0.00220241816714406,0
3132,5,5,0.0030380534008145332,4.1850548768707085e-06,0
3133,9,9,0.00030640955083072186,2.025963397045416e-08,0
3134,7,7,2.6231035008095205e-05,3.6588948537641386e-10,0
3135,7,7,0.13696807622909546,0.010605443269014359,0
3136,4,4,0.002996449824422598,3.69957456314296e-06,0
3137,5,5,0.013877272605895996,9.634273737901822e-05,0
3138,8,8,0.009580738842487335,2.5211204047081992e-05,0
3139,2,2,0.17795926332473755,0.004802758805453777,0
3140,8,8,0.018576323986053467,0.00012288491416256875,0
3141,9,9,3.288700827397406e-05,3.3155342360480233e-10,0
3142,5,5,0.009023793041706085,2.4285900508402847e-05,0
3143,3,3,0.006252471357584,2.020233660005033e-05,0
3144,1,1,3.876106347888708e-05,3.9833469855921066e-10,0
3145,9,9,0.00022180285304784775,9.226589270383556e-09,0
3146,2,2,0.21746981143951416,0.01091768965125084,0
3147,2,2,0.0001907797995954752,1.3574687152129172e-08,0
3148,0,0,0.0014186389744281769,3.968126236486569e-07,0
3149,1,1,0.00011737499153241515,5.245870404735342e-09,0
3150,1,9,0.007743269205093384,3.698979344335385e-05,1
3151,8,8,0.024787582457065582,0.0002781455114018172,0
3152,1,1,5.250528920441866e-05,1.235344049277387e-09,0
3153,1,1,8.261831681011245e-06,3.032966586213881e-11,0
3154,9,9,0.1780916452407837,0.014358890242874622,0
3155,8,8,0.0004161318065598607,5.6173156792738155e-08,0
3156,9,9,1.2110795069020241e-05,6.704291288794906e-11,0
3157,9,9,3.583829766284907e-08,8.000363300275203e-16,0
3158,0,8,0.12170785665512085,0.008454112336039543,1
3159,2,2,0.0008108280599117279,1.448843960361046e-07,0
3160,6,2,0.006309282034635544,1.4200313671608455e-05,1
3161,9,9,3.937685687560588e-05,6.654056194932423e-10,0
3162,1,1,1.4040106179891154e-06,9.32198437365861e-13,0
3163,9,9,0.005402782931923866,7.672992978768889e-06,0
3164,0,2,0.0024793418124318123,1.8600800331114442e-06,1
3165,1,1,0.0016691237688064575,1.7436435655326932e-06,0
3166,9,9,0.04839426279067993,0.002715030685067177,0
3167,2,2,0.022152327001094818,0.00010503902012715116,0
3168,9,9,0.05868124961853027,0.0014720886247232556,0
3169,9,9,0.009188786149024963,1.9067334505962208e-05,0
3170,9,9,0.0003989064134657383,6.279847042378606e-08,0
3171,0,1,0.04556608200073242,0.0007210373878479004,1
3172,9,9,0.021940775215625763,9.794865036383271e-05,0
3173,9,9,0.006766803562641144,2.921959458035417e-05,0
3174,2,2,0.025837115943431854,0.00020897419017273933,0
3175,1,1,0.00029287918005138636,3.770728795871037e-08,0
3176,7,7,0.00043789646588265896,7.362423559698072e-08,0
3177,0,0,0.024494484066963196,0.0006468871142715216,0
3178,5,5,0.04176554083824158,0.0007316631963476539,0
3179,6,6,0.0191003680229187,0.00012879936548415571,0
3180,3,6,0.10756343603134155,0.0030556682031601667,1
3181,9,9,0.018459782004356384,9.082036558538675e-05,0
3182,8,8,0.00020783039508387446,9.713064130778548e-09,0
3183,3,3,0.13726341724395752,0.008421903476119041,0
3184,0,0,0.0001227661268785596,4.3213428391197795e-09,0
3185,2,2,0.05032023787498474,0.0006678623030893505,0
3186,7,0,0.21285498142242432,0.008091436699032784,1
3187,7,7,0.019494086503982544,0.00013880760525353253,0
3188,4,4,0.0336650013923645,0.00038752349792048335,0
3189,8,8,0.008923381567001343,3.432431913097389e-05,0
3190,3,3,0.02859276533126831,0.0013951529981568456,0
3191,0,0,0.017674341797828674,9.312784823123366e-05,0
3192,5,4,0.0046678632497787476,7.75490298110526e-06,1
3193,2,2,0.00817730650305748,3.014798858202994e-05,0
3194,3,3,0.10855889320373535,0.005156207364052534,0
3195,5,5,0.020824655890464783,0.00022376631386578083,0
3196,7,7,0.06048929691314697,0.0015675544273108244,0
3197,6,6,0.001165859866887331,3.788045432884246e-07,0
3198,6,6,0.00043989322148263454,8.03871245125265e-08,0
3199,6,6,0.0012261648662388325,4.136448410463345e-07,0
3200,5,5,0.018010586500167847,0.00013859040336683393,0
3201,6,6,0.11523917317390442,0.00420674541965127,0
3202,5,3,0.061415016651153564,0.002447236329317093,1
3203,4,4,1.1897252989001572e-05,2.817030463064807e-11,0
3204,5,3,0.04612964391708374,0.0010269456543028355,1
3205,8,8,0.00015939894365146756,5.091572496951358e-09,0
3206,8,8,2.045700966846198e-06,1.1899272799736904e-12,0
3207,0,3,0.06914985179901123,0.0030068382620811462,1
3208,9,9,0.0020506600849330425,2.012105369431083e-06,0
3209,7,6,0.24328041076660156,0.010005819611251354,1
3210,9,9,0.0036579687148332596,3.777269057536614e-06,0
3211,0,9,0.12535017728805542,0.009039697237312794,1
3212,6,6,0.011114619672298431,3.910427403752692e-05,0
3213,9,9,1.1131436622235924e-05,5.005933861879086e-11,0
3214,6,6,0.12125569581985474,0.003371334169059992,0
3215,1,1,6.227041012607515e-06,1.6419457807281823e-11,0
3216,4,2,0.07244133949279785,0.0019123449455946684,1
3217,7,7,0.0005381465889513493,1.2052944953211409e-07,0
3218,9,0,0.18174982070922852,0.006429832428693771,1
3219,0,0,0.16086387634277344,0.005238274112343788,0
3220,3,3,0.11958849430084229,0.003824472427368164,0
3221,5,5,0.0014526746235787868,5.338099526852602e-07,0
3222,4,4,0.0004602994304150343,4.314088286605511e-08,0
3223,7,7,3.9042824937496334e-06,3.981421529269946e-12,0
3224,6,6,3.705882409121841e-05,5.456916585266924e-10,0
3225,9,9,0.0001917142071761191,1.896111179178206e-08,0
3226,8,8,0.0007107616402208805,1.2127466675337928e-07,0
3227,2,2,0.06197279691696167,0.0015652365982532501,0
3228,3,3,0.06512284278869629,0.0015448845224455,0
3229,9,9,0.00034996005706489086,2.805088072932449e-08,0
3230,3,3,0.01797909289598465,7.901570643298328e-05,0
3231,3,3,0.10969936847686768,0.0032857083715498447,0
3232,7,7,0.005987156182527542,1.2581496775965206e-05,0
3233,8,8,5.3009658586233854e-05,1.2864658227584869e-09,0
3234,3,3,0.023160263895988464,0.00031508985557593405,0
3235,5,5,0.03434041142463684,0.0007849178509786725,0
3236,5,5,0.10058683156967163,0.008331631310284138,0
3237,9,1,0.103118896484375,0.009511803276836872,1
3238,6,6,0.0005278063472360373,1.0888246748663732e-07,0
3239,1,1,0.01208047941327095,7.530239963671193e-05,0
3240,4,4,0.17971044778823853,0.009252889081835747,0
3241,7,7,2.837106876540929e-05,3.469641796094436e-10,0
3242,4,4,0.010463088750839233,3.65588057320565e-05,0
3243,8,8,0.00033661117777228355,3.91465846405481e-08,0
3244,7,7,0.03555026650428772,0.0002829151344485581,0
3245,7,7,6.013433448970318e-05,1.1859493387333941e-09,0
3246,1,1,0.13425183296203613,0.004014145117253065,0
3247,3,5,0.03904476761817932,0.001694869832135737,1
3248,0,0,0.0028009172528982162,4.181000349490205e-06,0
3249,3,3,0.004404840990900993,6.719903467455879e-06,0
3250,2,2,0.017213061451911926,7.715593528700992e-05,0
3251,5,5,0.09857073426246643,0.00465414859354496,0
3252,4,4,0.060993075370788574,0.0016153830802068114,0
3253,9,1,0.08931136131286621,0.0074648307636380196,1
3254,3,3,0.027524486184120178,0.00018847270985133946,0
3255,5,5,0.005925863981246948,1.0493266927369405e-05,0
3256,4,4,0.0005453792400658131,8.11588023452714e-08,0
3257,7,7,0.06442663073539734,0.0028565977700054646,0
3258,0,0,0.10350975394248962,0.004850565455853939,0
3259,3,3,0.000274640042334795,3.9820289288172717e-08,0
3260,7,7,3.244087565690279e-05,4.851071766509563e-10,0
3261,0,0,0.011279262602329254,2.4629447580082342e-05,0
3262,2,2,0.015899956226348877,6.274520274018869e-05,0
3263,1,1,0.030727341771125793,0.0003443276509642601,0
3264,5,0,0.08504652976989746,0.0030544421169906855,1
3265,8,8,0.001227645669132471,4.5529955627898744e-07,0
3266,7,7,0.0006038433639332652,1.6165171246029786e-07,0
3267,3,3,0.0186002254486084,0.0007286375621333718,0
3268,5,5,0.0004744920879602432,7.64595569080484e-08,0
3269,7,7,1.3521088249035529e-08,2.0406151973711617e-17,0
3270,8,8,1.6533187590539455e-05,9.556126029375278e-11,0
3271,5,5,0.0003318830858916044,2.1129858751578467e-08,0
3272,7,7,6.223347736522555e-05,9.05433394926547e-10,0
3273,8,8,7.3126757342834026e-06,2.1994831303495666e-11,0
3274,1,1,8.868527947925031e-05,4.2094625563038335e-09,0
3275,5,5,0.1405789852142334,0.007211192511022091,0
3276,4,4,2.132329245796427e-05,9.979652521030502e-11,0
3277,7,7,0.002674470655620098,2.1816263142682146e-06,0
3278,0,0,0.09543591737747192,0.0032017636112868786,0
3279,8,8,0.003093002364039421,4.384571639093338e-06,0
3280,3,3,0.031461164355278015,0.000857861596159637,0
3281,2,2,0.00044451653957366943,4.443496237627187e-08,0
3282,9,9,0.006717639043927193,1.1686202014971059e-05,0
3283,7,7,0.029644325375556946,0.0002816491178236902,0
3284,4,4,0.025024496018886566,0.0002832614700309932,0
3285,1,1,0.0021102922037243843,1.6627343484287849e-06,0
3286,6,6,1.2396154488669708e-05,6.024578058649865e-11,0
3287,5,5,0.0036548487842082977,3.5314155866217334e-06,0
3288,9,9,3.689183358801529e-06,4.1398963250560694e-12,0
3289,8,8,3.571281558834016e-05,2.1170110109380857e-10,0
3290,5,5,0.01818659156560898,0.0001805962820071727,0
3291,5,5,0.017464108765125275,0.00019608193542808294,0
3292,4,4,0.006827356293797493,1.586434336786624e-05,0
3293,1,1,2.1335827113944106e-06,1.7786539385430955e-12,0
3294,0,0,0.0021080365404486656,1.6600419030510238e-06,0
3295,9,9,6.2822036852594465e-06,1.725756690329483e-11,0
3296,4,4,0.0004852924030274153,4.6862133729064226e-08,0
3297,4,3,0.06746721267700195,0.002246221760287881,1
3298,3,3,0.04145509749650955,0.00038723141187801957,0
3299,0,0,0.25632619857788086,0.012231807224452496,0
3300,4,4,0.00024733052123337984,2.2353495054971972e-08,0
3301,8,0,0.12406206130981445,0.0038169019389897585,1
3302,0,0,0.0007867324165999889,1.4802643022449047e-07,0
3303,8,8,0.00862034410238266,3.4054981369990855e-05,0
3304,2,2,0.0001628698082640767,5.958036286557444e-09,0
3305,9,9,5.965193849988282e-07,6.004610464448515e-14,0
3306,5,5,0.15064752101898193,0.005102713592350483,0
3307,9,9,7.38977687433362e-05,2.3298392104464938e-09,0
3308,7,7,0.020965181291103363,0.00013277803373057395,0
3309,4,7,0.03365865349769592,0.0005294244620017707,1
3310,6,6,0.0026401961222290993,2.889977622544393e-06,0
3311,7,7,0.004576552659273148,5.918181159358937e-06,0
3312,9,5,0.2069178819656372,0.009086054749786854,1
3313,2,2,0.000323794549331069,2.267228538244126e-08,0
3314,9,1,0.027204081416130066,0.0006538068992085755,1
3315,3,3,0.026523873209953308,0.00028392934473231435,0
3316,7,7,0.0006070126546546817,1.5234783745654568e-07,0
3317,7,7,7.746202754788101e-07,1.4582448746788823e-13,0
3318,8,8,0.007217921316623688,1.5291936506400816e-05,0
3319,2,2,0.03240939974784851,0.0007214770885184407,0
3320,2,9,0.237798810005188,0.00830707885324955,1
3321,0,0,0.038874685764312744,0.0004312303790356964,0
3322,2,2,0.0006747562438249588,9.502431197461192e-08,0
3323,5,5,0.005662964656949043,1.2603128197952174e-05,0
3324,3,9,0.5265129208564758,0.023598654195666313,1
3325,6,6,0.020809993147850037,0.00017794496670830995,0
3326,4,4,0.0017004027031362057,1.3213359579822281e-06,0
3327,7,6,0.20407843589782715,0.009726142510771751,1
3328,2,2,0.04266434907913208,0.0007673138752579689,0
3329,3,3,0.02015244960784912,0.0002874371421057731,0
3330,7,5,0.052378714084625244,0.0017862559761852026,1
3331,8,8,0.00012730987509712577,4.741945058839292e-09,0
3332,7,4,0.007072854787111282,2.5580569854355417e-05,1
3333,2,2,0.003174730110913515,4.474549314181786e-06,0
3334,5,5,0.0017426274716854095,1.0244118584523676e-06,0
3335,0,9,0.15299052000045776,0.011251358315348625,1
3336,0,0,0.015497259795665741,6.816646782681346e-05,0
3337,7,7,0.0015612151473760605,4.426389637046668e-07,0
3338,0,0,0.02086557447910309,0.00027120226877741516,0
3339,9,9,0.04690113663673401,0.0014872848987579346,0
3340,6,6,0.0024675847962498665,2.5603535505069885e-06,0
3341,1,1,0.0006134230643510818,1.749754687807581e-07,0
3342,0,8,0.12656128406524658,0.0034302440471947193,1
3343,3,5,0.10126304626464844,0.003867215011268854,1
3344,9,9,0.10833138227462769,0.005423578433692455,0
3345,7,7,0.00017583201406523585,1.36812330353564e-08,0
3346,4,0,0.11001408100128174,0.003461261512711644,1
3347,9,9,0.11424416303634644,0.003399587469175458,0
3348,1,1,0.005327550694346428,1.1388476195861585e-05,0
3349,6,6,0.12618273496627808,0.008468804880976677,0
3350,8,8,0.007601041346788406,1.6352081729564816e-05,0
3351,1,1,5.087388854008168e-05,1.2606415911164959e-09,0
3352,2,2,0.09866014122962952,0.004249279387295246,0
3353,3,3,0.01161561906337738,7.176412327680737e-05,0
3354,3,5,0.03126931190490723,0.0003452202945481986,1
3355,5,5,0.03379973769187927,0.0003101691254414618,0
3356,4,4,0.0644940435886383,0.001520790858194232,0
3357,8,8,0.00750177726149559,1.924699972732924e-05,0
3358,9,9,0.039162859320640564,0.0004127614083699882,0
3359,7,5,0.04058033227920532,0.0014770373236387968,1
3360,4,4,4.512793384492397e-05,6.829367071858883e-10,0
3361,4,4,0.02073568105697632,0.000102777368738316,0
3362,1,1,0.0032681897282600403,2.589578343759058e-06,0
3363,2,2,0.04177410900592804,0.0004411606932990253,0
3364,4,4,0.013131164014339447,6.935244164196774e-05,0
3365,9,9,0.0032825153321027756,6.407072760339361e-06,0
3366,8,8,0.07716327905654907,0.0053381300531327724,0
3367,7,7,0.00016637897351756692,9.033803038960286e-09,0
3368,9,9,0.00019838177831843495,1.4728169794864243e-08,0
3369,5,3,0.06289137899875641,0.0022056330926716328,1
3370,1,1,5.199190127314068e-07,1.1984605473823462e-13,0
3371,2,2,0.000773073872551322,1.4497351230602362e-07,0
3372,1,1,3.263642156525748e-07,3.124477198778071e-14,0
3373,6,2,0.10608446598052979,0.005040839780122042,1
3374,6,6,4.729945430881344e-06,9.034446801781115e-12,0
3375,4,4,0.10788625478744507,0.00275191362015903,0
3376,5,5,0.017016083002090454,0.0001298187708016485,0
3377,7,7,0.0005789550486952066,1.2509887881151371e-07,0
3378,4,4,0.06278172135353088,0.0009557753801345825,0
3379,5,5,0.05452239513397217,0.003259367775171995,0
3380,8,8,1.1443222319940105e-05,3.825842073701402e-11,0
3381,5,5,0.028169915080070496,0.00040658959187567234,0
3382,2,4,0.0853453278541565,0.002705993829295039,1
3383,8,8,5.305324157234281e-05,1.2772256585691366e-09,0
3384,7,7,0.010811112821102142,5.5743177654221654e-05,0
3385,8,8,0.0018926514312624931,1.1034097724405e-06,0
3386,2,2,0.01784445345401764,6.844338349765167e-05,0
3387,3,3,0.09320276975631714,0.005035027861595154,0
3388,6,6,0.00028248829767107964,3.158655914603514e-08,0
3389,1,1,6.383030267897993e-06,1.8179730290612817e-11,0
3390,3,5,0.02028874307870865,0.00022613522014580667,1
3391,3,3,0.07796645164489746,0.0016119040083140135,0
3392,1,1,0.047982215881347656,0.0033434152137488127,0
3393,5,5,0.001243856269866228,6.39975723970565e-07,0
3394,1,1,0.0001349161029793322,7.889314979081519e-09,0
3395,9,9,3.973926141043194e-06,3.94970211051171e-12,0
3396,0,0,0.031595051288604736,0.0009342427365481853,0
3397,9,9,0.0008007348515093327,1.8597106077322678e-07,0
3398,2,2,0.034700095653533936,0.0010425696382299066,0
3399,0,0,0.005113828927278519,9.043450518220197e-06,0
3400,6,6,0.20184171199798584,0.0062447721138596535,0
3401,2,2,0.17102882266044617,0.0062346975319087505,0
3402,4,4,0.0033407118171453476,3.0284456897788914e-06,0
3403,8,8,1.537833327347471e-08,2.3386473794572826e-17,0
3404,5,5,0.0013089240528643131,4.08956196906729e-07,0
3405,7,7,0.023805886507034302,0.00043081678450107574,0
3406,6,6,2.269037941005081e-05,1.7153488351961954e-10,0
3407,1,1,3.7849589716643095e-05,3.9605102530870795e-10,0
3408,2,2,0.020007222890853882,0.0001261252473341301,0
3409,9,9,7.690448546782136e-05,1.949391315037019e-09,0
3410,4,4,0.00019509653793647885,5.1514046361944565e-09,0
3411,5,5,0.04182359576225281,0.002414450515061617,0
3412,0,0,0.025729551911354065,0.00014681117318104953,0
3413,3,3,0.03933119773864746,0.001007442711852491,0
3414,3,3,0.06876349449157715,0.002256101695820689,0
3415,7,7,0.003697063773870468,2.8612319056264823e-06,0
3416,7,4,0.18982356786727905,0.008701272308826447,1
3417,7,5,0.07298564910888672,0.002376372227445245,1
3418,1,1,0.000634204363450408,1.819369543909488e-07,0
3419,4,4,0.0001716561382636428,1.0437274156060994e-08,0
3420,5,3,0.07296168804168701,0.0018825174774974585,1
3421,0,0,0.0013565700501203537,4.7065077524166554e-07,0
3422,2,4,0.12453973293304443,0.0058822548016905785,1
3423,8,8,0.0014937575906515121,7.728472155577037e-07,0
3424,5,5,0.0006150614935904741,9.40335880272869e-08,0
3425,0,0,0.03174474835395813,0.0005777727928943932,0
3426,0,0,0.007212743163108826,2.8941105483681895e-05,0
3427,6,6,0.000621092738583684,1.1358459772736751e-07,0
3428,2,3,0.15891826152801514,0.008709607645869255,1
3429,0,0,0.024183213710784912,0.0012768784072250128,0
3430,8,8,0.036902278661727905,0.0008216118440032005,0
3431,4,4,1.8895487301051617e-05,8.419531738468322e-11,0
3432,5,5,6.286871212068945e-05,1.3471899151795697e-09,0
3433,4,4,0.07649815082550049,0.003677905071526766,0
3434,5,5,0.11336266994476318,0.004636061377823353,0
3435,6,6,0.0023519950918853283,2.5202955384884262e-06,0
3436,4,4,0.04942399263381958,0.0009509683586657047,0
3437,7,7,2.853977093764115e-06,1.8472122702978266e-12,0
3438,9,9,0.00010657904203981161,4.478409643127179e-09,0
3439,4,6,0.16365158557891846,0.00774746248498559,1
3440,2,3,0.12633001804351807,0.005338053219020367,1
3441,0,0,4.48047649115324e-05,3.5724306846063314e-10,0
3442,6,6,0.11784350872039795,0.003971512895077467,0
3443,4,2,0.005771193653345108,1.2417697689670604e-05,1
3444,0,2,0.04887048900127411,0.0013227899326011539,1
3445,0,0,0.0003204834647476673,4.808028819525134e-08,0
3446,6,5,0.07278627157211304,0.006449532695114613,1
3447,4,4,0.004650503396987915,8.577222615713254e-06,0
3448,6,6,0.003589097410440445,5.286944542604033e-06,0
3449,1,1,0.02162262797355652,0.00036094459937885404,0
3450,9,1,0.004522794857621193,7.067304977681488e-06,1
3451,5,5,0.0013902662321925163,6.302715291894856e-07,0
3452,5,3,0.05480152368545532,0.0025038898456841707,1
3453,2,2,0.003149159252643585,4.777803042088635e-06,0
3454,2,2,3.202163534332669e-11,2.1810012313347474e-22,0
3455,6,6,0.056929558515548706,0.001287687337026,0
3456,3,3,0.0022512171417474747,1.1653235105768545e-06,0
3457,4,4,0.030060753226280212,0.0003391726058907807,0
3458,5,5,0.005799241364002228,2.889377901738044e-05,0
3459,9,0,0.05516798794269562,0.000654376985039562,1
3460,1,1,0.00010016505257226527,4.314046009312733e-09,0
3461,7,5,0.1740138828754425,0.013364720158278942,1
3462,2,2,0.02711184322834015,0.00024014993687160313,0
3463,3,3,0.07217133045196533,0.003377910004928708,0
3464,9,9,0.0019782446324825287,1.9150668322254205e-06,0
3465,6,6,0.0056206053122878075,9.789962859940715e-06,0
3466,5,5,1.831805275287479e-05,1.207944994030541e-10,0
3467,0,0,0.019006207585334778,8.601327135693282e-05,0
3468,2,2,0.0012293271720409393,3.995366455455951e-07,0
3469,9,9,0.0034519052132964134,6.371934432536364e-06,0
3470,7,7,0.03807304799556732,0.00044245077879168093,0
3471,1,1,6.840389687567949e-05,1.9740673540269427e-09,0
3472,7,7,0.0161830373108387,7.2308728704229e-05,0
3473,2,2,9.212869917973876e-05,2.656836972647625e-09,0
3474,2,2,0.22743529081344604,0.012494712136685848,0
3475,0,0,0.012280113995075226,0.00015360259567387402,0
3476,8,8,0.008406400680541992,1.891472675197292e-05,0
3477,6,6,0.01613783836364746,7.828179514035583e-05,0
3478,4,4,4.965843982063234e-05,9.692590063892226e-10,0
3479,3,3,0.03623105585575104,0.0003712920588441193,0
3480,2,2,8.228694787248969e-05,1.8039132410052616e-09,0
3481,7,7,0.029802948236465454,0.0005604825564660132,0
3482,7,7,0.027006737887859344,0.0002878960804082453,0
3483,0,0,0.0006894818507134914,9.814812074182555e-08,0
3484,4,4,0.0012401328422129154,3.9724409361951984e-07,0
3485,1,1,0.0003535156138241291,3.430121253700236e-08,0
3486,6,6,6.405371823348105e-05,9.278324775152669e-10,0
3487,5,5,1.6732160474930424e-06,1.220468821491738e-12,0
3488,1,1,7.201553671620786e-05,2.271768551054265e-09,0
3489,3,3,0.20528513193130493,0.010555025190114975,0
3490,0,4,0.1237335205078125,0.0035743843764066696,1
3491,3,3,0.028308391571044922,0.0004204620490781963,0
3492,9,9,0.0010851947590708733,6.539868309118901e-07,0
3493,0,0,0.0065171197056770325,1.124707796407165e-05,0
3494,0,7,0.17197465896606445,0.00788512546569109,1
3495,2,7,0.19787967205047607,0.011203339323401451,1
3496,5,3,0.12364721298217773,0.004952470306307077,1
3497,0,1,0.1737465262413025,0.006665777415037155,1
3498,4,4,0.06270694732666016,0.0012087383074685931,0
3499,0,0,0.00025866006035357714,3.0900203285000316e-08,0
3500,1,1,0.019650444388389587,0.00041528791189193726,0
3501,9,1,0.0001839997712522745,1.5644051387653235e-08,1
3502,8,8,0.008790023624897003,1.686579162196722e-05,0
3503,4,4,0.08821535110473633,0.006232965737581253,0
3504,9,9,2.946568201878108e-06,2.1121780539867796e-12,0
3505,4,4,0.004676066339015961,1.1383385754015762e-05,0
3506,2,2,0.0035424791276454926,4.0846457523002755e-06,0
3507,4,4,0.00082573969848454,2.9491297937056515e-07,0
3508,3,3,0.003316212445497513,2.910091552621452e-06,0
3509,3,3,0.1728028655052185,0.006975000258535147,0
3510,4,4,0.0031220298260450363,3.1100225896807387e-06,0
3511,0,0,0.004145525395870209,3.7344295833463548e-06,0
3512,4,2,0.11945390701293945,0.005876125302165747,1
3513,3,3,0.061196327209472656,0.0014240170130506158,0
3514,2,5,0.12497735023498535,0.005766520742326975,1
3515,8,8,1.0154744813917205e-06,2.428784712411869e-13,0
3516,9,9,0.0006378581747412682,1.8690572289870033e-07,0
3517,1,1,0.054299354553222656,0.001425617840141058,0
3518,5,5,0.014172270894050598,0.0002062755374936387,0
3519,8,8,0.0006450144574046135,1.0458775534516462e-07,0
3520,1,1,5.019217496737838e-05,4.779621698425274e-10,0
3521,8,8,0.0001819436438381672,1.6273371983288598e-08,0
3522,2,2,0.0075836628675460815,1.981404420803301e-05,0
3523,4,6,0.06928247213363647,0.0018804557621479034,1
3524,5,7,0.1492605209350586,0.012180645950138569,1
3525,2,2,0.029244691133499146,0.00021758271032013,0
3526,4,4,0.0003779784310609102,4.9873484897489107e-08,0
3527,1,1,0.016053427010774612,5.427193173090927e-05,0
3528,1,1,0.0010203514248132706,5.650542220791976e-07,0
3529,6,6,0.0350617840886116,0.000716515991371125,0
3530,6,6,0.0002380075166001916,1.7927265005823756e-08,0
3531,8,8,0.013772167265415192,4.351410461822525e-05,0
3532,5,5,7.32608896214515e-05,2.840482293819946e-09,0
3533,2,2,0.019233353435993195,0.00010514729365240782,0
3534,2,2,0.012286633253097534,3.869526699418202e-05,0
3535,5,5,0.012106314301490784,9.056714770849794e-05,0
3536,0,0,0.002018699422478676,8.99166025192244e-07,0
3537,8,8,0.05144155025482178,0.0013210887555032969,0
3538,2,2,0.07462573051452637,0.0012390001211315393,0
3539,3,3,0.0668947696685791,0.0014552075881510973,0
3540,6,6,0.0006419559940695763,2.1837695385329425e-07,0
3541,2,2,6.576033774763346e-05,1.2815301042579108e-09,0
3542,9,9,2.280802436871454e-05,2.379301478061535e-10,0
3543,6,6,0.0018345722928643227,9.792056516744196e-07,0
3544,1,1,0.055319011211395264,0.0010770810768008232,0
3545,4,4,0.00033596321009099483,2.942816479389876e-08,0
3546,5,5,0.002019118517637253,2.0518696146609727e-06,0
3547,9,9,1.9711354980245233e-05,1.555441331291263e-10,0
3548,0,0,0.00010237237438559532,3.298345818691928e-09,0
3549,1,1,0.004442214034497738,1.0504908459552098e-05,0
3550,0,4,0.18985748291015625,0.00776278879493475,1
3551,0,0,0.004716377705335617,7.809438102412969e-06,0
3552,8,8,0.00011913978960365057,3.5377496487853932e-09,0
3553,1,1,0.01452450081706047,4.608942981576547e-05,0
3554,1,1,0.053820542991161346,0.0012971812393516302,0
3555,6,6,0.09240671992301941,0.004530944861471653,0
3556,6,6,0.0017866436392068863,8.776189019954472e-07,0
3557,9,6,0.221160888671875,0.010343319736421108,1
3558,5,5,3.8200392737053335e-05,6.260195695162452e-10,0
3559,4,4,0.032895028591156006,0.0009231396834366024,0
3560,1,9,0.04822796583175659,0.003460442181676626,1
3561,7,7,0.25140321254730225,0.016227180138230324,0
3562,8,8,0.0055521465837955475,1.1667327271425165e-05,0
3563,6,6,2.0715051505248994e-06,1.2634133106023682e-12,0
3564,9,9,0.0007363662589341402,2.0232967301581084e-07,0
3565,1,1,4.0094178984873e-05,4.720467350338708e-10,0
3566,7,7,0.013370051980018616,6.601803033845499e-05,0
3567,6,6,4.407829692354426e-06,4.10861405661378e-12,0
3568,0,0,0.00012453319504857063,4.258642327670259e-09,0
3569,9,9,0.0010892555583268404,2.5322140118078096e-07,0
3570,3,3,0.02565363049507141,0.00022274574439506978,0
3571,5,5,0.033922046422958374,0.0012743615079671144,0
3572,3,3,0.0032898634672164917,4.441019882506225e-06,0
3573,2,2,0.0036253463476896286,2.865353508241242e-06,0
3574,5,3,0.09960615634918213,0.0034596137702465057,1
3575,3,3,0.029923439025878906,0.00042396868229843676,0
3576,4,4,3.504287451505661e-05,4.968613298572677e-10,0
3577,9,9,0.027437686920166016,0.00013416048022918403,0
3578,7,7,0.05858069658279419,0.0007230564369820058,0
3579,1,1,0.00012164044892415404,3.3325568971065422e-09,0
3580,4,4,0.0208626389503479,9.748668526299298e-05,0
3581,4,4,0.029263406991958618,0.0003021993034053594,0
3582,6,6,1.2346710718702525e-05,3.3626067208469834e-11,0
3583,1,1,4.24318500336085e-08,2.0747178423234734e-15,0
3584,3,3,0.1092100739479065,0.009612224996089935,0
3585,8,8,5.980714922770858e-05,1.4347751875476433e-09,0
3586,8,8,0.0041730101220309734,7.944290700834244e-06,0
3587,0,7,0.29823732376098633,0.014584995806217194,1
3588,6,6,3.661477876448771e-07,6.016681022760068e-14,0
3589,7,7,0.004785427823662758,4.9909608605958056e-06,0
3590,7,7,5.201363819651306e-06,1.1388688603286568e-11,0
3591,6,6,0.0012475489638745785,4.655597365399444e-07,0
3592,7,7,4.50184743385762e-05,5.208538600420809e-10,0
3593,2,2,0.05333501100540161,0.0008118362165987492,0
3594,3,3,0.20185965299606323,0.012699732556939125,0
3595,2,2,0.01290130615234375,5.7706864026840776e-05,0
3596,2,4,0.01653239130973816,7.123503019101918e-05,1
3597,6,6,0.0018875235691666603,1.202431235469703e-06,0
3598,2,2,4.8197392743531964e-08,1.2999930272818388e-15,0
3599,7,7,2.011805190704763e-05,1.5064056946290094e-10,0
3600,4,3,0.08863496780395508,0.002234149258583784,1
3601,0,0,0.10570168495178223,0.004624583758413792,0
3602,3,3,0.027892500162124634,0.00028596603078767657,0
3603,6,6,0.14445796608924866,0.005989842116832733,0
3604,2,2,0.0002890274045057595,1.5876874925879747e-08,0
3605,6,6,0.00468720868229866,1.0327973541279789e-05,0
3606,3,3,0.00976717472076416,2.8214248231961392e-05,0
3607,3,2,0.01402328908443451,4.786785211763345e-05,1
3608,0,0,0.004638024605810642,7.83473387855338e-06,0
3609,9,9,0.0010038565378636122,4.092954952739092e-07,0
3610,5,5,0.08240745961666107,0.003053926397114992,0
3611,1,1,0.0014060954563319683,9.105646086027264e-07,0
3612,1,1,0.005121434107422829,1.1824619832623284e-05,0
3613,5,5,0.005004373379051685,1.2418643564160448e-05,0
3614,3,3,0.00753919780254364,5.6712335208430886e-05,0
3615,6,0,0.1843888759613037,0.0073873973451554775,1
3616,4,4,0.0032537877559661865,2.537187128837104e-06,0
3617,3,4,0.18770313262939453,0.013790607452392578,1
3618,4,2,0.007185298949480057,1.5574607459711842e-05,1
3619,1,1,0.08996188640594482,0.0050560487434268,0
3620,0,0,0.0037118447944521904,2.8149192985438276e-06,0
3621,4,4,0.01547456905245781,0.00011972310312557966,0
3622,5,3,0.02473270893096924,0.0010158821241930127,1
3623,5,5,0.0038565341383218765,7.641158845217433e-06,0
3624,2,4,0.08610206842422485,0.004235926084220409,1
3625,8,8,0.0010079238563776016,2.2820256617706036e-07,0
3626,9,9,0.0034049581736326218,3.6432516026252415e-06,0
3627,4,0,0.22958028316497803,0.009995856322348118,1
3628,3,3,0.007961094379425049,5.5173091823235154e-05,0
3629,1,1,0.07482615113258362,0.001355911255814135,0
3630,8,8,0.0004089020658284426,4.82816986391299e-08,0
3631,0,0,0.09791463613510132,0.002676567528396845,0
3632,1,1,0.0006857251282781363,1.7624509496272367e-07,0
3633,3,3,0.00801137089729309,3.4882603358710185e-05,0
3634,3,3,0.12254494428634644,0.00916246511042118,0
3635,4,7,0.1012241542339325,0.0036807458382099867,1
3636,4,4,0.010399401187896729,0.00010832086991285905,0
3637,2,2,0.17354696989059448,0.01078365370631218,0
3638,9,9,0.005180152133107185,8.874543709680438e-06,0
3639,7,7,0.00014064903371036053,5.835411265309176e-09,0
3640,6,6,0.0716049075126648,0.0015189151745289564,0
3641,8,8,0.0001592262415215373,9.281646562442347e-09,0
3642,1,1,5.3987838327884674e-05,1.1168536095951254e-09,0
3643,8,8,0.0001638379180803895,7.779362043436322e-09,0
3644,9,9,0.0034644613042473793,4.825358246307587e-06,0
3645,1,9,0.00510716438293457,1.0643268979038112e-05,1
3646,3,3,0.03605891764163971,0.00032768520759418607,0
3647,1,1,0.0009895565453916788,4.868517748946033e-07,0
3648,7,7,0.008173740468919277,2.8839282094850205e-05,0
3649,3,3,0.0052790772169828415,8.530432751285844e-06,0
3650,0,0,0.16444265842437744,0.006924194749444723,0
3651,0,0,0.16434815526008606,0.008752865716814995,0
3652,2,2,0.00981569942086935,3.7801619328092784e-05,0
3653,8,0,0.011347398161888123,3.181712236255407e-05,1
3654,3,3,0.053303420543670654,0.003787832334637642,0
3655,9,9,0.006204083561897278,1.0776472663565073e-05,0
3656,2,2,0.003949342295527458,3.2772422855487093e-06,0
3657,7,7,0.0013806680217385292,5.518269290405442e-07,0
3658,2,4,0.0630389153957367,0.0008039966342039406,1
3659,6,6,5.5465527111664414e-05,8.029875653292606e-10,0
3660,0,0,0.005507512018084526,1.0626645234879106e-05,0
3661,1,1,0.00022332346998155117,2.1247007708780075e-08,0
3662,6,6,0.00960039347410202,5.051814878243022e-05,0
3663,1,1,2.255810613860376e-06,2.2429642778515335e-12,0
3664,6,6,5.875728675164282e-06,8.62523680950078e-12,0
3665,7,7,0.002155955880880356,2.313052618774236e-06,0
3666,5,5,0.00014039536472409964,1.1634584851094587e-08,0
3667,5,5,0.0005035987123847008,1.195254952790492e-07,0
3668,2,2,0.0017722900956869125,9.99285248326487e-07,0
3669,5,3,0.05877542495727539,0.0019740022253245115,1
3670,9,9,3.4136377507820725e-05,3.6496827782173114e-10,0
3671,4,4,0.003579237498342991,5.329279247234808e-06,0
3672,0,0,0.0012567355297505856,4.0137584278454597e-07,0
3673,2,2,0.011190265417098999,3.211176226614043e-05,0
3674,3,3,0.016036257147789,8.778853953117505e-05,0
3675,4,4,6.150680746941362e-07,1.9692898028424166e-13,0
3676,9,9,0.04483875632286072,0.0022928023245185614,0
3677,4,4,0.04400107264518738,0.0005980933783575892,0
3678,1,1,6.260328518692404e-06,1.5837983702304825e-11,0
3679,0,0,0.004656934179365635,7.311545232369099e-06,0
3680,0,0,0.005908846855163574,1.6327252524206415e-05,0
3681,2,2,0.000330320093780756,2.882113747659787e-08,0
3682,3,3,0.1257646083831787,0.0049481624737381935,0
3683,8,8,0.20582950115203857,0.009084062650799751,0
3684,9,9,0.0010160831734538078,6.120113198448962e-07,0
3685,2,2,0.00010799069423228502,4.90449636458834e-09,0
3686,8,8,0.00011466402793303132,1.9060046874130876e-09,0
3687,9,9,0.022607795894145966,0.00023102476552594453,0
3688,5,5,0.011700496077537537,8.731400885153562e-05,0
3689,7,7,0.11740696430206299,0.00377022591419518,0
3690,9,9,0.0022773388773202896,1.3069768556306371e-06,0
3691,1,1,0.00040008570067584515,6.394084550720436e-08,0
3692,4,4,5.645757482852787e-06,7.323275666437645e-12,0
3693,6,6,0.015411093831062317,9.064193000085652e-05,0
3694,2,2,0.03222810477018356,0.0003050921659450978,0
3695,8,8,0.0018449565395712852,1.3844271506968653e-06,0
3696,4,5,0.10148203372955322,0.004410166759043932,1
3697,4,4,0.03903523087501526,0.00043594729504548013,0
3698,8,8,0.0006410903297364712,9.970477776732878e-08,0
3699,9,9,0.00015336525393649936,1.0695488938949893e-08,0
3700,3,3,0.02505671977996826,0.0008880081586539745,0
3701,1,1,9.472330566495657e-05,1.9632691028448335e-09,0
3702,1,1,0.12185609340667725,0.004311102908104658,0
3703,6,6,0.0013901572674512863,9.935681646311423e-07,0
3704,5,5,0.10998380184173584,0.007910279557108879,0
3705,8,8,0.0016671586781740189,7.251096576510463e-07,0
3706,4,4,0.004341844469308853,4.990033175999997e-06,0
3707,6,6,0.04243201017379761,0.0008192022214643657,0
3708,4,4,0.055582284927368164,0.0011185037437826395,0
3709,5,5,0.009348193183541298,2.989811764564365e-05,0
3710,2,2,5.336522008292377e-05,6.635385019215789e-10,0
3711,6,4,0.18679726123809814,0.007302958518266678,1
3712,4,4,0.001592434011399746,7.501402023990522e-07,0
3713,2,2,0.044944554567337036,0.00048246575170196593,0
3714,3,3,0.011256851255893707,2.546146606619004e-05,0
3715,1,1,0.18086358904838562,0.007710807956755161,0
3716,3,4,0.20917212963104248,0.010092994198203087,1
3717,6,6,2.7165704523213208e-05,3.2481195511024907e-10,0
3718,8,8,5.376318586058915e-05,1.4935765957346803e-09,0
3719,5,5,0.007475694641470909,2.5052850105566904e-05,0
3720,2,2,0.00040439236909151077,5.0822372088532575e-08,0
3721,2,0,0.105002760887146,0.0028311421629041433,1
3722,7,7,6.9099532993277535e-06,1.570136208550732e-11,0
3723,1,1,1.9207436707802117e-05,1.5816045695338232e-10,0
3724,6,6,0.13982224464416504,0.007196144666522741,0
3725,2,2,0.017899297177791595,8.701517799636349e-05,0
3726,5,5,0.06191176176071167,0.003296708222478628,0
3727,9,9,1.924178832268808e-06,1.4294328524663835e-12,0
3728,2,3,0.17986774444580078,0.008232329040765762,1
3729,8,8,0.00018469698261469603,6.730251467246262e-09,0
3730,1,1,0.0012443256564438343,6.023741434546537e-07,0
3731,6,6,0.08472531288862228,0.002468201331794262,0
3732,9,9,0.0018924595788121223,7.340321417359519e-07,0
3733,2,2,0.21555602550506592,0.01062159426510334,0
3734,7,7,0.06890228390693665,0.0014857705682516098,0
3735,5,5,0.057885944843292236,0.0036357492208480835,0
3736,3,3,0.013503745198249817,9.31915346882306e-05,0
3737,2,2,0.000758979469537735,1.248232877060218e-07,0
3738,9,9,0.0011088440660387278,6.621468742196157e-07,0
3739,7,7,1.461641204514308e-06,5.103829143170147e-13,0
3740,0,0,0.003465203568339348,4.556000931188464e-06,0
3741,2,0,0.1401880979537964,0.0042261783964931965,1
3742,9,9,0.001456607598811388,4.90481568249379e-07,0
3743,3,3,0.03650069236755371,0.0023038010112941265,0
3744,4,7,0.1512686014175415,0.009671682491898537,1
3745,1,1,0.00038447510451078415,7.911552302175551e-08,0
3746,7,7,0.06679075956344604,0.0021419599652290344,0
3747,9,9,0.0004475682508200407,6.546913766669604e-08,0
3748,5,5,0.015619786456227303,9.802011481951922e-05,0
3749,8,8,0.04737001657485962,0.0007801902247592807,0
3750,9,9,0.00604684092104435,1.810891626519151e-05,0
3751,7,7,0.0002793822204694152,2.1656424209481884e-08,0
3752,3,5,0.11580133438110352,0.004573708400130272,1
3753,4,3,0.17673587799072266,0.01019891258329153,1
3754,0,0,0.008365556597709656,1.5957124560372904e-05,0
3755,9,1,0.21671640872955322,0.007908494211733341,1
3756,7,7,0.15188860893249512,0.005764078348875046,0
3757,4,4,0.036791443824768066,0.0004142983234487474,0
3758,2,2,0.05470383167266846,0.0012258741771802306,0
3759,4,4,0.015280574560165405,5.738309846492484e-05,0
3760,7,7,1.6162357496796176e-06,5.003186450205921e-13,0
3761,0,0,0.06267189979553223,0.0020502933766692877,0
3762,1,1,0.06800299882888794,0.0014053871855139732,0
3763,8,8,0.1894209086894989,0.014530189335346222,0
3764,1,1,2.483361640770454e-07,2.6434321108458926e-14,0
3765,0,0,9.895011316984892e-05,4.0824592595356535e-09,0
3766,4,4,0.051572591066360474,0.0006218833150342107,0
3767,6,6,0.0005788013804703951,9.812221435367974e-08,0
3768,1,1,0.02259109914302826,0.00015997837181203067,0
3769,9,9,0.0035997387021780014,3.902224761986872e-06,0
3770,9,9,0.028312109410762787,0.0001230628986377269,0
3771,2,2,0.06733971834182739,0.004835343919694424,0
3772,1,1,0.0011882842518389225,4.311644374865864e-07,0
3773,2,2,0.0003718107473105192,9.425404812191118e-08,0
3774,5,3,0.03478878736495972,0.0013131166342645884,1
3775,6,6,0.0013546156696975231,7.37491916424915e-07,0
3776,9,9,0.0745861828327179,0.0018971230601891875,0
3777,7,7,0.006888356059789658,2.0071931430720724e-05,0
3778,7,7,0.07211017608642578,0.0020031756721436977,0
3779,3,2,0.08155310153961182,0.0023474986664950848,1
3780,4,4,0.001362439477816224,5.064401307208755e-07,0
3781,2,2,6.32975425105542e-05,1.2879899369266923e-09,0
3782,0,0,0.0026889676228165627,1.9361189060873585e-06,0
3783,2,2,0.015770580619573593,5.754628364229575e-05,0
3784,5,5,2.9711416573263705e-05,3.496833378413555e-10,0
3785,6,4,0.09464418888092041,0.0033799405209720135,1
3786,7,7,0.0012881890870630741,4.1499779968035e-07,0
3787,3,4,0.01322251558303833,7.13256886228919e-05,1
3788,7,7,0.002902671694755554,3.767526777664898e-06,0
3789,9,0,0.2519735097885132,0.010841293260455132,1
3790,4,4,0.009131751954555511,2.1847830794285983e-05,0
3791,2,2,0.01614377647638321,8.62893502926454e-05,0
3792,0,9,0.13611751794815063,0.009519480168819427,1
3793,6,6,0.023160278797149658,0.00013419752940535545,0
3794,1,1,1.0229578037979081e-05,4.478240694938407e-11,0
3795,7,7,0.002347695641219616,2.22235530600301e-06,0
3796,5,5,0.07590553164482117,0.0020895216148346663,0
3797,6,6,0.0020962245762348175,1.6862759366631508e-06,0
3798,5,5,0.005159568041563034,1.2132471965742297e-05,0
3799,3,7,0.1442204713821411,0.0064736949279904366,1
3800,9,9,0.0019127107225358486,1.3884648524253862e-06,0
3801,2,2,0.059501707553863525,0.005032096058130264,0
3802,7,7,0.003824608400464058,3.407276835787343e-06,0
3803,8,8,6.18922058492899e-05,1.092716028772145e-09,0
3804,5,5,0.0408162921667099,0.0005927736638113856,0
3805,9,9,0.0005975931417196989,1.1492932117107557e-07,0
3806,5,3,0.11829042434692383,0.00530946534126997,1
3807,8,8,0.00017681007739156485,1.0747856826753832e-08,0
3808,5,5,0.05820441246032715,0.002558578737080097,0
3809,4,4,0.0016459207981824875,6.327107371362217e-07,0
3810,3,3,0.04405573010444641,0.0018199493642896414,0
3811,7,7,0.04026735574007034,0.0007047881954349577,0
3812,9,9,0.004941463470458984,1.2560447430587374e-05,0
3813,8,8,0.023719429969787598,0.000300861953292042,0
3814,1,1,1.3937264156993479e-05,5.912133282937049e-11,0
3815,2,2,0.021727383136749268,0.0001564453705213964,0
3816,2,4,0.1693713665008545,0.007538290228694677,1
3817,8,8,0.00624828040599823,2.1811598344356753e-05,0
3818,9,9,3.3174037525895983e-06,5.249909448140633e-12,0
3819,3,5,0.10551941394805908,0.006389873567968607,1
3820,0,0,0.08431994915008545,0.002632096642628312,0
3821,8,3,0.1272902488708496,0.005512567702680826,1
3822,4,4,0.00044362107291817665,7.454991646227427e-08,0
3823,0,0,0.0009251143783330917,2.793536282297282e-07,0
3824,2,2,0.0026790471747517586,1.8001412627199898e-06,0
3825,0,0,0.04068349301815033,0.00038199941627681255,0
3826,1,1,0.00020907307043671608,1.4279247118054172e-08,0
3827,4,3,0.13307726383209229,0.00820941012352705,1
3828,1,0,0.18552201986312866,0.014070297591388226,1
3829,8,8,0.06197819113731384,0.0008286889642477036,0
3830,5,5,0.0016295984387397766,1.6891465293156216e-06,0
3831,5,5,0.010301679372787476,0.000185026612598449,0
3832,7,7,0.00379754975438118,5.640293238684535e-06,0
3833,9,9,0.0002449690946377814,1.9287124786160348e-08,0
3834,8,8,0.10697656869888306,0.003027602331712842,0
3835,3,3,0.050984978675842285,0.002421084325760603,0
3836,7,7,1.5312434697989374e-05,1.0287355689531097e-10,0
3837,9,9,2.4185152142308652e-05,1.0805012440329165e-10,0
3838,1,1,0.00034283800050616264,2.4195179193498006e-08,0
3839,5,5,2.2384439944289625e-05,1.214471578858678e-10,0
3840,6,6,0.05408740043640137,0.0008695936994627118,0
3841,9,9,0.00013476901222020388,1.0584699339233339e-08,0
3842,8,8,0.020918868482112885,0.00010078689956571907,0
3843,7,7,0.004503354430198669,7.332939276238903e-06,0
3844,2,2,0.0005522933788597584,5.990631990471229e-08,0
3845,0,0,0.0018752329051494598,7.513359605582082e-07,0
3846,9,9,1.5472605809918605e-06,1.1351324611177938e-12,0
3847,0,0,0.0026220493018627167,1.3114547527948162e-06,0
3848,8,8,0.0157163068652153,8.731762500246987e-05,0
3849,5,5,0.0699838399887085,0.0013746118638664484,0
3850,9,9,0.001101683359593153,6.269541472647688e-07,0
3851,4,2,0.15047654509544373,0.004981848876923323,1
3852,2,2,8.718488970771432e-07,2.6969737749495126e-13,0
3853,9,9,0.20278263092041016,0.009386601857841015,0
3854,8,8,0.0031745899468660355,4.638550308300182e-06,0
3855,1,1,1.690853423497174e-06,6.257011510475696e-13,0
3856,9,9,8.215027628466487e-05,2.906850760098223e-09,0
3857,1,1,0.2170882225036621,0.012417200952768326,0
3858,8,8,0.01247476041316986,7.04618141753599e-05,0
3859,3,3,0.024185940623283386,0.00018898193957284093,0
3860,7,7,5.346142643247731e-06,1.0739887278121696e-11,0
3861,6,2,0.11097180843353271,0.008868834003806114,1
3862,4,4,0.0016230447217822075,6.65982668124343e-07,0
3863,2,2,0.050271689891815186,0.0014708980452269316,0
3864,3,3,0.039775997400283813,0.0004854327125940472,0
3865,7,7,3.6279932828620076e-05,5.437560401944097e-10,0
3866,0,0,0.0007772557437419891,2.2277211542132136e-07,0
3867,3,5,0.0023924196138978004,1.6983445902951644e-06,1
3868,5,5,0.1174081563949585,0.005296075716614723,0
3869,8,8,0.00011642684694379568,2.7754232245769117e-09,0
3870,8,8,0.0007990074809640646,1.1621344953027801e-07,0
3871,8,8,9.785730981093366e-07,3.42160382058726e-13,0
3872,7,7,0.08609998226165771,0.0031143592204898596,0
3873,9,9,0.007492398843169212,1.6389489246648736e-05,0
3874,6,6,2.067876630462706e-05,1.003351152162324e-10,0
3875,2,2,0.0035843905061483383,2.7919797958020354e-06,0
3876,7,7,7.250951603055e-05,1.5085264148950728e-09,0
3877,4,4,4.21140794060193e-06,4.700733725881978e-12,0
3878,5,7,0.11580973863601685,0.004213158972561359,1
3879,7,7,0.005915679037570953,5.807722573081264e-06,0
3880,6,6,0.024420425295829773,0.00021629419643431902,0
3881,7,7,0.005312783643603325,8.912697921914514e-06,0
3882,1,1,0.12686783075332642,0.011556308716535568,0
3883,7,7,0.031653448939323425,0.0005121125723235309,0
3884,3,5,0.06377685070037842,0.004563004244118929,1
3885,6,6,0.0350591242313385,0.0007268841727636755,0
3886,8,8,8.889360469765961e-05,2.2878112737600986e-09,0
3887,2,4,0.02161768078804016,0.000153990913531743,1
3888,6,6,9.455843610339798e-07,3.1632362744796194e-13,0
3889,6,6,9.049213258549571e-05,3.010283577964401e-09,0
3890,7,7,0.05649504065513611,0.0019236980006098747,0
3891,1,1,0.07059849798679352,0.0022600931115448475,0
3892,5,5,0.12817633152008057,0.006678108125925064,0
3893,9,9,0.00021158310119062662,1.301953034271719e-08,0
3894,7,7,0.00012576911831274629,7.285684056057562e-09,0
3895,1,1,0.009746553376317024,3.388476761756465e-05,0
3896,7,7,0.023116305470466614,0.00020421047520358115,0
3897,0,0,0.009860780090093613,2.6011755835497752e-05,0
3898,1,1,0.0006818261463195086,1.9220188107738068e-07,0
3899,6,2,0.008793316781520844,1.883572622318752e-05,1
3900,3,6,0.2204751968383789,0.017365533858537674,1
3901,3,2,0.07575607299804688,0.0018338651861995459,1
3902,9,1,0.075958251953125,0.0062778242863714695,1
3903,0,8,0.016950316727161407,0.00017895697965286672,1
3904,1,1,0.0001422614441253245,1.1516208431316954e-08,0
3905,2,2,0.018038418143987656,0.00010966961417580023,0
3906,3,5,0.05897228419780731,0.0015575515571981668,1
3907,2,2,0.07658533751964569,0.002456019865348935,0
3908,2,2,1.0665630156836414e-08,1.3348705717232677e-17,0
3909,5,5,0.14180904626846313,0.007683713920414448,0
3910,4,4,0.09741318225860596,0.003131402190774679,0
3911,9,9,0.000809285556897521,1.8969848269989598e-07,0
3912,8,8,0.008326418697834015,1.817401425796561e-05,0
3913,7,7,0.047630757093429565,0.0005918316310271621,0
3914,4,4,0.002016892656683922,8.452319661955698e-07,0
3915,4,4,0.053649693727493286,0.0012016808614134789,0
3916,9,9,0.00011726765660569072,7.147799685469636e-09,0
3917,7,7,0.08073318004608154,0.0016757153207436204,0
3918,6,6,0.00012061570305377245,2.8511601968261857e-09,0
3919,7,7,0.00315706804394722,6.01828742219368e-06,0
3920,7,7,0.020936042070388794,0.00015785192954353988,0
3921,1,1,0.005466041155159473,1.4406565242097713e-05,0
3922,2,6,0.23499411344528198,0.010252856649458408,1
3923,3,4,0.017825886607170105,0.0001256034302059561,1
3924,5,2,0.14076685905456543,0.005389162339270115,1
3925,1,1,0.0006119057070463896,8.600785861290206e-08,0
3926,9,9,1.0234984983981121e-06,4.2339721138817676e-13,0
3927,0,0,0.004633959382772446,8.856257409206592e-06,0
3928,3,3,0.04908612370491028,0.0008408302674070001,0
3929,3,3,0.0435711145401001,0.0015857105609029531,0
3930,1,1,0.003539448603987694,8.825745680951513e-06,0
3931,5,5,3.4219301596749574e-06,2.353637467214509e-12,0
3932,6,6,0.005224745720624924,7.839215868443716e-06,0
3933,6,6,0.01390765979886055,3.737599399755709e-05,0
3934,2,2,0.00012082367902621627,5.314682471890819e-09,0
3935,4,4,0.00031273579224944115,1.890658118952615e-08,0
3936,6,6,0.0006272966274991632,1.6641949684981228e-07,0
3937,8,8,5.320245691109449e-06,7.161116317988547e-12,0
3938,8,8,4.6229062718339264e-05,5.08450281877515e-10,0
3939,9,9,0.004248499870300293,5.1741203606070485e-06,0
3940,6,6,0.0732259601354599,0.0032643266022205353,0
3941,6,6,0.07843881845474243,0.003663604613393545,0
3942,1,1,0.06677603721618652,0.0025386810302734375,0
3943,0,0,7.69599573686719e-05,2.26352048215972e-09,0
3944,7,7,0.007676020264625549,1.0924100024567451e-05,0
3945,5,5,0.014636442065238953,0.00011714197171386331,0
3946,8,8,2.0392770238686353e-05,9.680242024634467e-11,0
3947,2,2,0.00947451964020729,3.452021337579936e-05,0
3948,1,1,0.03577159345149994,0.0008763537043705583,0
3949,5,3,0.04861783981323242,0.0042381612583994865,1
3950,8,8,0.0008359854109585285,2.8383038852553e-07,0
3951,1,1,1.170853283838369e-05,4.3432479834848436e-11,0
3952,4,4,0.001561674289405346,9.027223200064327e-07,0
3953,7,2,0.1788228154182434,0.010386762209236622,1
3954,5,5,0.024817608296871185,0.0002599744766484946,0
3955,0,0,0.000906569417566061,2.5580254714441253e-07,0
3956,3,6,0.1004752516746521,0.003897949354723096,1
3957,9,0,0.008739236742258072,1.790784517652355e-05,1
3958,9,9,3.599500632844865e-05,2.6294449950725607e-10,0
3959,5,5,0.12723183631896973,0.006137917283922434,0
3960,2,2,0.00618995726108551,1.736566991894506e-05,0
3961,8,8,1.3023200153838843e-05,6.600892055175223e-11,0
3962,4,4,0.020961105823516846,0.00017743419448379427,0
3963,1,1,0.021980293095111847,0.00012117942969780415,0
3964,9,9,0.0019279681146144867,1.0883603636102634e-06,0
3965,0,0,0.002737077884376049,2.1539005956583424e-06,0
3966,4,4,0.0003186881076544523,4.772251216422774e-08,0
3967,4,4,0.002191421575844288,1.4312774965219432e-06,0
3968,8,8,0.0012326696887612343,4.95178369419591e-07,0
3969,2,2,0.0002144628670066595,9.194016215019474e-09,0
3970,9,9,0.10089370608329773,0.002813496859744191,0
3971,0,0,0.003972528502345085,3.6137080314802006e-06,0
3972,7,7,0.003733105957508087,6.438266609620769e-06,0
3973,9,9,0.0027224840596318245,1.6021898545659496e-06,0
3974,8,8,0.00014669698430225253,7.72999353415571e-09,0
3975,7,7,0.008273258805274963,1.9475615772535093e-05,0
3976,1,1,0.002031785435974598,2.0870484149781987e-06,0
3977,3,6,0.03210270404815674,0.0004758474533446133,1
3978,2,2,0.13914960622787476,0.004198228009045124,0
3979,9,9,0.017189301550388336,0.0001409790274919942,0
3980,9,2,0.15313619375228882,0.005864371545612812,1
3981,5,3,0.09435492753982544,0.005440729670226574,1
3982,9,9,1.275473550776951e-06,5.477607300033438e-13,0
3983,7,7,0.006427008658647537,1.1015732525265776e-05,0
3984,6,6,0.021399319171905518,0.00018534486298449337,0
3985,7,7,0.0008316230960190296,2.7593836193773313e-07,0
3986,7,3,0.16858899593353271,0.008748965337872505,1
3987,1,1,5.7320401538163424e-05,1.3855867564416258e-09,0
3988,1,1,0.0038143638521432877,6.620532076340169e-06,0
3989,2,2,0.006170086562633514,1.4890737475070637e-05,0
3990,4,4,0.019557669758796692,0.00015599251491948962,0
3991,2,2,0.00041302491445094347,7.504869614649579e-08,0
3992,0,0,0.0012393686920404434,4.572459602059098e-07,0
3993,6,6,0.0035416604951024055,5.118893568578642e-06,0
3994,8,8,0.0001912989537231624,1.45165257592339e-08,0
3995,7,3,0.03532329201698303,0.00042595737613737583,1
3996,6,2,0.11481606960296631,0.004268507473170757,1
3997,2,4,0.027357980608940125,0.0002638663281686604,1
3998,2,2,0.018211036920547485,7.962111703818664e-05,0
3999,9,9,0.12239634990692139,0.008504072204232216,0
4000,8,2,0.16336214542388916,0.00858281273394823,1
4001,2,2,0.010047806426882744,3.458999708527699e-05,0
4002,4,4,0.045578472316265106,0.00035996930091641843,0
4003,2,0,0.042465150356292725,0.002023043343797326,1
4004,0,0,0.005177993327379227,6.618663519475376e-06,0
4005,5,5,0.006493695080280304,2.6671643354347907e-05,0
4006,8,8,9.49417517404072e-06,3.260527958737214e-11,0
4007,6,6,0.0005972562357783318,1.2764527923536662e-07,0
4008,8,8,3.3434611395932734e-05,4.6367384931578215e-10,0
4009,2,2,0.000604074914008379,1.022141731255033e-07,0
4010,7,7,0.0013792375102639198,6.976414397286135e-07,0
4011,7,7,0.020007498562335968,6.978773308219388e-05,0
4012,3,5,0.15746748447418213,0.00831090658903122,1
4013,1,1,0.10971373319625854,0.007277269847691059,0
4014,8,8,0.00012126221554353833,3.206421794743619e-09,0
4015,1,1,0.0007589810993522406,2.1495489477274532e-07,0
4016,6,6,0.21587955951690674,0.011918514035642147,0
4017,5,5,0.009377151727676392,4.486142279347405e-05,0
4018,9,9,0.0007485705427825451,1.511317719860017e-07,0
4019,7,7,0.10909470915794373,0.003902591299265623,0
4020,8,8,0.005450820550322533,1.3250357369543053e-05,0
4021,9,9,6.384318112395704e-05,8.092508885226835e-10,0
4022,6,6,0.002878325991332531,2.9654586342076072e-06,0
4023,4,3,0.11570268869400024,0.009658195078372955,1
4024,8,8,1.6581197996856645e-06,7.753143830072085e-13,0
4025,1,1,0.010959930717945099,3.8514517655130476e-05,0
4026,9,9,0.0031688418239355087,2.283606363562285e-06,0
4027,4,4,0.0035783443599939346,4.493455890042242e-06,0
4028,0,0,0.002316056750714779,2.320841758773895e-06,0
4029,4,4,0.0032891295850276947,3.9327437661995646e-06,0
4030,1,1,0.0008815538603812456,2.8188935630169e-07,0
4031,4,4,0.008821813389658928,3.369031037436798e-05,0
4032,3,3,0.038709938526153564,0.0020798551850020885,0
4033,6,6,0.0010439443867653608,2.3844935981287563e-07,0
4034,2,2,1.7221471352968365e-05,7.978028654376246e-11,0
4035,2,2,0.0005651409737765789,1.2706234997494903e-07,0
4036,7,0,0.0652502179145813,0.001506543019786477,1
4037,0,0,0.029276274144649506,0.0005841012462042272,0
4038,0,9,0.14575833082199097,0.00898594781756401,1
4039,7,7,0.0005203138571232557,6.665030127805949e-08,0
4040,0,0,0.0002479091053828597,2.116263964069276e-08,0
4041,7,7,0.010069362819194794,2.6331956178182736e-05,0
4042,4,4,0.007644429802894592,2.4811586627038196e-05,0
4043,3,3,0.025444790720939636,0.0002096133102895692,0
4044,6,6,0.15779054164886475,0.007932479493319988,0
4045,7,7,0.00013285537716001272,5.642042832931793e-09,0
4046,7,7,0.0006367326714098454,2.055852803550806e-07,0
4047,4,4,0.0817975401878357,0.002599447499960661,0
4048,5,5,0.00920785591006279,2.177729766117409e-05,0
4049,4,4,0.002395862713456154,1.8078681023325771e-06,0
4050,3,3,0.027435660362243652,0.00048146434710361063,0
4051,5,5,0.02792765200138092,0.00033595762215554714,0
4052,5,5,0.0025886157527565956,2.5248075417039217e-06,0
4053,4,4,0.0009169089607894421,2.033393968758901e-07,0
4054,7,0,0.1110532283782959,0.00323970103636384,1
4055,1,0,0.009384240955114365,4.280162465875037e-05,1
4056,0,0,0.0015966296195983887,7.480213071175967e-07,0
4057,7,7,0.011854857206344604,6.893544923514128e-05,0
4058,7,3,0.18701958656311035,0.011026306077837944,1
4059,1,1,2.0151557691860944e-05,1.9298722342409036e-10,0
4060,6,6,1.1477706721052527e-05,4.19346155022815e-11,0
4061,5,5,0.0004359716549515724,6.733178992135436e-08,0
4062,0,0,0.11134994029998779,0.005718196742236614,0
4063,7,7,0.11074802279472351,0.006897249259054661,0
4064,7,7,0.0014673233963549137,7.093647127476288e-07,0
4065,4,4,0.004316488280892372,4.736769369628746e-06,0
4066,6,2,0.15377676486968994,0.007763971574604511,1
4067,1,1,0.0013527518603950739,8.774703701419639e-07,0
4068,8,8,0.00011541115236468613,2.2328756621448065e-09,0
4069,5,5,0.011128360405564308,4.340222949394956e-05,0
4070,9,9,8.589329081587493e-05,2.6420026166817934e-09,0
4071,3,3,0.0845678448677063,0.0019790413789451122,0
4072,5,5,2.7161542675457895e-05,1.9525928096619793e-10,0
4073,6,6,0.007318098098039627,2.9714195989072323e-05,0
4074,2,2,0.03909103572368622,0.000701479206327349,0
4075,2,2,0.03222018480300903,0.0006533426931127906,0
4076,7,7,0.017591282725334167,0.00012322294060140848,0
4077,3,3,0.07597696781158447,0.0023591488134115934,0
4078,5,5,0.031411148607730865,0.00031333399238064885,0
4079,8,8,1.7488026060163975e-05,7.700901721863218e-11,0
4080,1,1,2.2136382540338673e-06,1.6227907689500554e-12,0
4081,0,0,0.026198752224445343,0.00016915821470320225,0
4082,6,6,0.09867213666439056,0.001954271923750639,0
4083,8,8,0.000128787913126871,7.220511299976806e-09,0
4084,7,7,0.0013705817982554436,5.82604684495891e-07,0
4085,8,8,0.01735389232635498,0.00015504266775678843,0
4086,8,8,5.9068734117317945e-06,6.498294090329093e-12,0
4087,5,5,0.0024303533136844635,4.117603566555772e-06,0
4088,7,7,0.00037677318323403597,5.629705768228632e-08,0
4089,5,5,0.010059662163257599,3.425504837650806e-05,0
4090,4,4,0.014727793633937836,6.676532211713493e-05,0
4091,9,9,4.0791146602714434e-06,2.687542462881387e-12,0
4092,7,7,0.025493822991847992,0.00015105772763490677,0
4093,3,3,0.037596166133880615,0.002014175523072481,0
4094,3,5,0.07028985023498535,0.0020933463238179684,1
4095,8,8,0.0011317194439470768,6.052815706425463e-07,0
4096,8,8,0.022561147809028625,0.00030217834864743054,0
4097,3,7,0.17212152481079102,0.007153472863137722,1
4098,9,9,0.10978379845619202,0.005076846107840538,0
4099,4,4,0.13415729999542236,0.009388410486280918,0
4100,7,7,0.00033143116161227226,3.9053212219641864e-08,0
4101,2,2,0.14278709888458252,0.005482116248458624,0
4102,0,0,0.00016919913468882442,8.608386892206e-09,0
4103,8,8,0.001600142102688551,6.862229611215298e-07,0
4104,0,0,0.003451615571975708,4.439508302311879e-06,0
4105,7,7,1.8385413568466902e-05,1.2686071637624252e-10,0
4106,3,8,0.2009912133216858,0.011062735691666603,1
4107,3,3,0.08609068393707275,0.0020952452905476093,0
4108,2,2,0.003921795636415482,1.007351511361776e-05,0
4109,5,5,0.09517747163772583,0.005183594301342964,0
4110,2,2,0.0018132049590349197,7.384218747574778e-07,0
4111,4,4,0.13383936882019043,0.0048717292957007885,0
4112,4,5,0.06694144010543823,0.001973076956346631,1
4113,0,0,0.00023924070410430431,2.9264683121255075e-08,0
4114,4,4,0.026134103536605835,0.00027338863583281636,0
4115,8,8,0.02060072124004364,7.98101318650879e-05,0
4116,2,2,0.0031687160953879356,3.310239208076382e-06,0
4117,4,4,0.0742839127779007,0.0016620622482150793,0
4118,0,0,0.0011451942846179008,6.21338017481321e-07,0
4119,6,6,0.004425430670380592,6.467268576670904e-06,0
4120,4,4,9.562390914652497e-06,2.7544105885013437e-11,0
4121,5,5,0.0237429216504097,0.00023151843925006688,0
4122,6,6,0.0032413993030786514,4.014458227175055e-06,0
4123,0,0,0.016234140843153,0.00014620539150200784,0
4124,8,8,7.789346273057163e-05,1.7797473494951532e-09,0
4125,8,0,0.043258413672447205,0.0004509422869887203,1
4126,0,0,0.019858211278915405,0.00016984963440336287,0
4127,6,6,0.004536684602499008,3.5378027405386092e-06,0
4128,1,1,3.309491148684174e-06,2.4151381849274456e-12,0
4129,1,1,4.7485867980867624e-05,1.4236498646624796e-09,0
4130,6,6,0.010412409901618958,3.742720218724571e-05,0
4131,1,1,0.00014673883561044931,9.23184995116344e-09,0
4132,4,4,0.00017514015780761838,1.13627098841107e-08,0
4133,2,2,0.004230298101902008,5.186734597373288e-06,0
4134,1,1,0.09529709815979004,0.0046679554507136345,0
4135,1,2,0.2980290651321411,0.012648127973079681,1
4136,2,2,0.023615874350070953,0.00013347684580367059,0
4137,4,4,0.07250195741653442,0.001589635736308992,0
4138,4,4,0.007349265739321709,1.0634442332957406e-05,0
4139,5,0,0.0954011082649231,0.004023738205432892,1
4140,5,5,0.07929521799087524,0.0060147312469780445,0
4141,8,8,0.02323748543858528,0.0002173978864448145,0
4142,8,8,0.0007235135417431593,2.0496911190548417e-07,0
4143,5,5,0.0003969399258494377,3.511683388524034e-08,0
4144,1,1,0.00032949575688689947,3.12173433769658e-08,0
4145,8,8,0.00033200992038473487,4.018411203787764e-08,0
4146,2,2,0.055761486291885376,0.002440212992951274,0
4147,3,2,0.1967456340789795,0.008379312232136726,1
4148,3,3,0.0089657511562109,2.8221984393894672e-05,0
4149,9,9,0.0016111931763589382,6.431872066059441e-07,0
4150,6,6,4.042615182697773e-05,8.81196560165165e-10,0
4151,6,6,0.0036410950124263763,3.937412657251116e-06,0
4152,5,5,0.23528063297271729,0.0100001972168684,0
4153,0,0,9.730469901114702e-05,2.910917507037425e-09,0
4154,7,7,2.3226493794936687e-07,2.155679538410997e-14,0
4155,3,3,0.006600838154554367,1.528043139842339e-05,0
4156,3,3,0.002286714967340231,2.2385600004781736e-06,0
4157,2,2,0.0015819594264030457,8.413909995397262e-07,0
4158,7,7,0.002356115262955427,1.5714379060227657e-06,0
4159,4,4,0.0011605778709053993,3.5525516750567476e-07,0
4160,5,5,0.0030527254566550255,3.660172751551727e-06,0
4161,6,6,0.004335128702223301,5.03704495713464e-06,0
4162,0,0,0.007128700613975525,2.7713549570762552e-05,0
4163,2,2,0.015302382409572601,0.00018541308236308396,0
4164,1,1,0.010079002007842064,2.0129002223256975e-05,0
4165,8,8,0.07346707582473755,0.002714881207793951,0
4166,1,1,0.07891285419464111,0.0017570260679349303,0
4167,0,0,3.608324914239347e-05,4.750444482226612e-10,0
4168,9,9,0.0002194237895309925,1.994967568919037e-08,0
4169,3,5,0.01917816698551178,0.0003124574141111225,1
4170,1,1,0.08989793062210083,0.0027305572293698788,0
4171,0,0,0.0036714505404233932,7.129190635168925e-06,0
4172,5,5,0.004612194374203682,1.1668949809973128e-05,0
4173,4,4,0.04182782769203186,0.00044883167720399797,0
4174,2,2,0.02440473437309265,0.000239813860389404,0
4175,3,3,0.2388436198234558,0.015349514782428741,0
4176,3,3,0.001123279333114624,9.345165494778485e-07,0
4177,6,6,0.0015335800126194954,5.637780304823536e-07,0
4178,7,7,7.147513679228723e-05,1.994328480137142e-09,0
4179,6,6,0.05641472339630127,0.0007680503185838461,0
4180,0,0,0.013147011399269104,4.579782398650423e-05,0
4181,0,0,0.015801437199115753,0.00021934820688329637,0
4182,5,5,0.008814973756670952,4.0735692891757935e-05,0
4183,7,7,3.458295395830646e-06,5.356641345766189e-12,0
4184,4,4,0.0029742736369371414,2.8369213396217674e-06,0
4185,7,7,0.10390415787696838,0.00549225602298975,0
4186,7,7,5.90056151850149e-06,1.2170020199930853e-11,0
4187,0,0,0.14467495679855347,0.0063797952607274055,0
4188,6,6,0.0007462447974830866,1.313396893465324e-07,0
4189,1,1,0.000761228846386075,2.2247763808991294e-07,0
4190,3,7,0.14114081859588623,0.004935049451887608,1
4191,9,9,0.006783678196370602,1.7657959688222036e-05,0
4192,0,0,0.1308092474937439,0.00978112407028675,0
4193,9,9,0.3046346604824066,0.016879068687558174,0
4194,0,0,0.005372080951929092,1.9330958821228705e-05,0
4195,3,3,0.10350281000137329,0.0077113495208323,0
4196,8,8,3.068963997066021e-05,4.327445068952329e-10,0
4197,4,4,0.004260580986738205,5.678461548086489e-06,0
4198,8,9,0.10465610027313232,0.004041214939206839,1
4199,8,8,0.00032931077294051647,3.794846037408206e-08,0
4200,4,4,0.0036193393170833588,4.156183877057629e-06,0
4201,1,1,0.0026679113507270813,3.092475935773109e-06,0
4202,0,0,0.00612984225153923,1.298976167163346e-05,0
4203,2,2,0.007391244173049927,1.821918885980267e-05,0
4204,2,6,0.06402283906936646,0.0014408748829737306,1
4205,4,4,0.0008065521251410246,2.092769761929958e-07,0
4206,1,1,6.3276602304540575e-06,1.683816627795487e-11,0
4207,1,1,1.5767313016112894e-05,6.192486801115393e-11,0
4208,2,2,0.11177188158035278,0.003353932872414589,0
4209,4,4,0.07701030373573303,0.00361138884909451,0
4210,3,5,0.20911407470703125,0.009261666797101498,1
4211,4,4,0.007804501801729202,2.0959061657777056e-05,0
4212,1,1,0.00042459694668650627,7.659328105091845e-08,0
4213,4,4,2.2175936464918777e-07,8.923510734048894e-15,0
4214,7,7,0.004474963992834091,7.615508366143331e-06,0
4215,1,1,0.09374333918094635,0.0021113906987011433,0
4216,0,0,0.022154539823532104,0.00032135078799910843,0
4217,0,0,0.11621421575546265,0.004387429915368557,0
4218,9,9,4.3634317989926785e-06,4.415535211771404e-12,0
4219,0,0,0.023713503032922745,0.00019023857021238655,0
4220,4,4,0.026284649968147278,0.00019124468963127583,0
4221,2,2,0.013095751404762268,8.624482143204659e-05,0
4222,8,8,0.0001869300613179803,9.332793204919199e-09,0
4223,8,8,0.12571194767951965,0.007155578583478928,0
4224,5,5,0.051173239946365356,0.002210996812209487,0
4225,5,5,0.0010191299952566624,4.3003205973946024e-07,0
4226,0,0,0.00043138046748936176,4.600302005997037e-08,0
4227,4,4,0.02968631684780121,0.00033119108411483467,0
4228,0,0,0.030844181776046753,0.000628454377874732,0
4229,8,8,0.00018061487935483456,6.565470833663767e-09,0
4230,6,6,0.030803028494119644,0.00038348574889823794,0
4231,2,2,8.001516107469797e-07,1.3493430006152052e-13,0
4232,5,5,2.802275957947131e-07,3.5676350111993327e-14,0
4233,9,9,9.019322533276863e-08,8.613861746554086e-15,0
4234,2,2,1.402405814587837e-06,3.837196944737886e-13,0
4235,9,9,0.00045836344361305237,4.881199089368238e-08,0
4236,1,1,0.011862106621265411,4.7416291636181995e-05,0
4237,1,1,0.0030076224356889725,2.369901494603255e-06,0
4238,5,5,0.0732189416885376,0.005163569003343582,0
4239,4,4,0.002667812630534172,2.1059513528598472e-06,0
4240,7,7,0.004726608283817768,9.324674465460703e-06,0
4241,5,5,0.01891913264989853,0.0002295438025612384,0
4242,8,8,0.01586478389799595,9.855098323896527e-05,0
4243,6,6,0.005108099430799484,1.2208484804432373e-05,0
4244,2,4,0.2057936191558838,0.007576390169560909,1
4245,1,1,0.015304982662200928,6.983413913985714e-05,0
4246,5,5,5.5359851103276014e-06,1.2156264710128095e-11,0
4247,5,5,0.048882290720939636,0.0012991921976208687,0
4248,3,3,0.12222594022750854,0.010478874668478966,0
4249,4,4,0.00840945914387703,3.9556733099743724e-05,0
4250,1,1,0.00585329532623291,1.3437480447464623e-05,0
4251,8,8,0.10075467824935913,0.004415407776832581,0
4252,9,9,1.8446953617967665e-05,1.5262394126303036e-10,0
4253,9,9,0.019889816641807556,0.00012524097110144794,0
4254,8,8,1.3636185030918568e-05,4.4857235981243804e-11,0
4255,9,9,0.00553339347243309,5.372146461013472e-06,0
4256,8,8,1.994980266317725e-06,8.62687091901515e-13,0
4257,6,6,8.115937816910446e-06,2.5509830359204955e-11,0
4258,8,8,0.00021015090169385076,1.87211988134095e-08,0
4259,5,5,1.764748594723642e-05,1.5322199065082032e-10,0
4260,8,8,6.015071994625032e-05,1.2506995439309776e-09,0
4261,9,9,0.004526806995272636,6.772902452212293e-06,0
4262,4,4,0.00039896287489682436,7.21424555649719e-08,0
4263,6,6,1.8034497770713642e-06,1.1791925942639114e-12,0
4264,2,2,0.10348695516586304,0.004215019755065441,0
4265,6,6,0.022541046142578125,0.00024045344616752118,0
4266,3,3,0.0949738621711731,0.004878727253526449,0
4267,7,7,0.014323554933071136,6.231615407159552e-05,0
4268,4,4,0.00020383240189403296,1.2274641747467285e-08,0
4269,0,0,0.00893339142203331,3.8904323446331546e-05,0
4270,0,0,0.07412286102771759,0.001013901550322771,0
4271,1,1,0.0010852143168449402,4.658375587496266e-07,0
4272,7,7,1.3791586752631702e-06,1.0711179122477321e-12,0
4273,5,5,0.003959808498620987,7.080221166688716e-06,0
4274,1,1,0.01369912177324295,5.0967886636499316e-05,0
4275,5,5,0.018326513469219208,0.00010878982720896602,0
4276,9,1,0.18730854988098145,0.009081810712814331,1
4277,3,5,0.15833866596221924,0.009403643198311329,1
4278,1,1,1.1393376553314738e-07,1.4071038374730525e-14,0
4279,6,6,0.0005676024593412876,1.822908615167762e-07,0
4280,8,8,0.004534516483545303,8.56692986417329e-06,0
4281,7,2,0.13839191198349,0.005048809107393026,1
4282,3,3,0.2094409465789795,0.009098251350224018,0
4283,6,6,0.004355642944574356,9.194841368298512e-06,0
4284,9,9,1.3791523088002577e-06,8.511751416542812e-13,0
4285,1,1,0.010161643847823143,3.488545189611614e-05,0
4286,2,2,0.04669228196144104,0.0012211616849526763,0
4287,0,3,0.1591000258922577,0.0038651644717901945,1
4288,1,1,7.653952343389392e-05,2.389143549663686e-09,0
4289,7,7,0.12850648164749146,0.00352535885758698,0
4290,2,2,0.028037026524543762,0.0005258559831418097,0
4291,6,6,0.042443543672561646,0.0007097289199009538,0
4292,1,1,1.6395926650147885e-05,1.3135811882669657e-10,0
4293,9,9,0.003139575943350792,3.1271179068426136e-06,0
4294,0,0,0.007425278425216675,1.999911000893917e-05,0
4295,0,0,0.004568411037325859,1.3492705875250977e-05,0
4296,8,8,0.12456560134887695,0.006099822465330362,0
4297,9,9,2.7245681849308312e-05,2.870905735363749e-10,0
4298,9,9,0.06071248650550842,0.0020524323917925358,0
4299,2,2,0.10013055801391602,0.0023526842705905437,0
4300,8,8,0.0005161343142390251,5.3865299776134634e-08,0
4301,6,6,0.02580377459526062,0.00020896810747217387,0
4302,2,5,0.016161605715751648,9.083837358048186e-05,1
4303,5,5,0.005000963807106018,1.9484230506350286e-05,0
4304,6,6,0.09740501642227173,0.003535152180120349,0
4305,0,0,0.019099846482276917,0.0001330050581600517,0
4306,3,3,0.01841878890991211,0.0004190333711449057,0
4307,3,3,0.08475819230079651,0.0018366019940003753,0
4308,0,0,0.0032770633697509766,2.1101179754623445e-06,0
4309,7,3,0.07702994346618652,0.0023636568803340197,1
4310,4,4,0.005358375608921051,7.847642336855642e-06,0
4311,7,7,0.0003111684927716851,2.3041314634042465e-08,0
4312,5,5,0.033055856823921204,0.00042099738493561745,0
4313,0,3,0.19725537300109863,0.008404748514294624,1
4314,1,1,0.0007288565393537283,2.075093732401001e-07,0
4315,6,6,0.10214054584503174,0.00301012909039855,0
4316,8,8,5.08074663230218e-06,8.140523845290293e-12,0
4317,8,8,0.003025737591087818,3.925329110643361e-06,0
4318,1,1,0.0002223009942099452,2.2494969442732327e-08,0
4319,2,2,0.0012549120001494884,6.671508572253515e-07,0
4320,1,9,0.19483208656311035,0.010672949254512787,1
4321,5,5,0.007191359996795654,2.530104757170193e-05,0
4322,4,4,0.0026188138872385025,2.2146575702208793e-06,0
4323,5,5,9.928271538228728e-07,4.182119060780476e-13,0
4324,9,9,7.836305303499103e-05,3.810835202955332e-09,0
4325,6,6,0.05046268552541733,0.0005512372590601444,0
4326,7,7,0.02848546952009201,0.00016163659165613353,0
4327,1,1,4.106475159915135e-09,9.077426440853232e-17,0
4328,0,0,3.3718388294801116e-05,5.23774690286416e-10,0
4329,6,6,0.00647326186299324,1.0010271580540575e-05,0
4330,9,9,0.0005693754646927118,7.586326233877116e-08,0
4331,2,3,0.07293224334716797,0.0016904479125514627,1
4332,7,7,0.04798620939254761,0.0017718890449032187,0
4333,7,7,0.014194071292877197,5.5535325373057276e-05,0
4334,3,3,0.13976752758026123,0.006512151099741459,0
4335,9,9,0.10656276345252991,0.00434295367449522,0
4336,9,9,8.298316970467567e-05,1.4712308038511424e-09,0
4337,1,1,0.0077084265649318695,2.6669184080674313e-05,0
4338,9,9,0.00011608150089159608,4.175843226761344e-09,0
4339,7,7,8.096117198874708e-08,1.4698904935014565e-14,0
4340,0,0,0.0061662644147872925,1.0978056707244832e-05,0
4341,1,1,3.38274403475225e-05,3.7781688888571807e-10,0
4342,3,3,0.09434184432029724,0.003674490377306938,0
4343,5,5,0.01724279671907425,0.00016150865121744573,0
4344,4,4,8.993467781692743e-05,2.140840615894035e-09,0
4345,6,6,0.1103467047214508,0.007701613008975983,0
4346,3,3,0.0012835264205932617,6.083452035454684e-07,0
4347,8,8,0.0001958189532160759,1.71415948102549e-08,0
4348,8,8,0.26092302799224854,0.016013894230127335,0
4349,0,0,0.0016975905746221542,9.283157851314172e-07,0
4350,4,4,0.00044558849185705185,4.276910203770967e-08,0
4351,8,8,0.0001148545416072011,2.76826095380045e-09,0
4352,3,5,0.07832568883895874,0.003839510725811124,1
4353,6,6,0.07123661041259766,0.0019560246728360653,0
4354,7,7,0.04031679034233093,0.0007007415406405926,0
4355,0,3,0.033099621534347534,0.0003779543039854616,1
4356,0,0,0.0016912403516471386,1.2906442634630366e-06,0
4357,4,4,0.05488070845603943,0.0012537972070276737,0
4358,5,5,0.011041827499866486,3.491855022730306e-05,0
4359,2,2,0.0013524917885661125,5.394261961555458e-07,0
4360,6,6,0.00043543626088649035,3.748251486968002e-08,0
4361,8,8,1.103131944546476e-05,4.468652531341988e-11,0
4362,4,4,4.031174466945231e-05,3.279530536026698e-10,0
4363,9,9,0.006621211767196655,1.4562608157575596e-05,0
4364,9,9,0.0019090119749307632,1.2467853593989275e-06,0
4365,9,9,0.00018041377188637853,9.112264720556595e-09,0
4366,2,2,0.2017679214477539,0.009979336522519588,0
4367,0,0,0.029742196202278137,0.00020439981017261744,0
4368,4,3,0.04215085506439209,0.001097463769838214,1
4369,2,2,0.001250983215868473,3.401967774152581e-07,0
4370,8,8,3.211434318473039e-08,6.722088938914794e-16,0
4371,1,1,0.00036487565375864506,6.257105411577868e-08,0
4372,1,1,3.226072294637561e-05,4.814501575189922e-10,0
4373,0,0,0.01269233226776123,4.405598883749917e-05,0
4374,0,0,0.011279474943876266,4.355354030849412e-05,0
4375,3,3,0.033901333808898926,0.0003703366091940552,0
4376,7,7,0.25913000106811523,0.013356474228203297,0
4377,4,4,0.0006035678088665009,1.0999310973147658e-07,0
4378,1,1,0.0008995016105473042,2.584256435511634e-07,0
4379,1,1,0.0026534609496593475,3.0118139875412453e-06,0
4380,9,9,0.008017096668481827,1.4671078133687843e-05,0
4381,7,7,0.11244893074035645,0.005044267512857914,0
4382,7,7,0.003686952404677868,4.761197033076314e-06,0
4383,4,4,0.06975650787353516,0.003302202094346285,0
4384,6,6,0.0017596515826880932,1.3715978184336564e-06,0
4385,8,8,0.00033168145455420017,2.48596538909851e-08,0
4386,6,6,0.005721438676118851,1.1178284694324248e-05,0
4387,0,0,0.06314897537231445,0.0021871617063879967,0
4388,2,2,0.0029581086710095406,2.9311577236512676e-06,0
4389,8,8,0.0005336105823516846,1.226779176022319e-07,0
4390,5,5,4.105264451936819e-06,6.599525179812327e-12,0
4391,3,9,0.14039301872253418,0.004369122441858053,1
4392,5,5,0.02021913230419159,0.00032374789589084685,0
4393,3,3,0.019914597272872925,0.0001881608332041651,0
4394,5,5,0.011337947100400925,6.924437911948189e-05,0
4395,7,7,0.00012044183677062392,4.805101205818119e-09,0
4396,9,9,3.6599612940335646e-06,5.997318093531323e-12,0
4397,8,8,0.0034210942685604095,4.125821760680992e-06,0
4398,4,4,0.10145354270935059,0.003822085913270712,0
4399,4,4,0.0010302197188138962,3.5031567335863656e-07,0
4400,3,3,0.02595880627632141,0.0006166661041788757,0
4401,1,1,0.006320953369140625,8.337332474184223e-06,0
4402,4,4,0.01681322418153286,9.244623652193695e-05,0
4403,8,8,0.0026222821325063705,1.7093589121941477e-06,0
4404,3,4,0.18529009819030762,0.010278729721903801,1
4405,6,6,0.00014698493760079145,5.366575184240219e-09,0
4406,5,5,0.020301491022109985,0.00017482656403444707,0
4407,3,3,0.0006997310556471348,2.3355519829237892e-07,0
4408,0,1,0.08204105496406555,0.0016996143385767937,1
4409,8,8,0.042392656207084656,0.0006199306808412075,0
4410,9,9,0.0013460912741720676,3.62342319704112e-07,0
4411,5,5,0.005742434412240982,2.4010932975215837e-05,0
4412,7,7,0.015271276235580444,0.00012229268031660467,0
4413,6,6,1.2494791008066386e-05,3.363944539591657e-11,0
4414,2,2,0.007283046841621399,1.2586197044583969e-05,0
4415,0,0,0.0004831512924283743,8.477794466443811e-08,0
4416,4,4,0.03785233199596405,0.0005194458644837141,0
4417,9,9,0.00044162431731820107,5.1903146669474154e-08,0
4418,9,9,7.244685548357666e-05,2.0760313468315417e-09,0
4419,0,0,0.011008381843566895,5.3032999858260155e-05,0
4420,5,5,0.0010164729319512844,3.6587488239092636e-07,0
4421,2,2,0.04966193437576294,0.001103658927604556,0
4422,3,3,0.02361828088760376,0.0003740163811016828,0
4423,6,5,0.13899707794189453,0.007469235919415951,1
4424,1,1,0.00021537503926083446,1.8806096235834957e-08,0
4425,1,1,6.866303081665137e-10,4.71808473322475e-20,0
4426,0,0,0.0002504363073967397,2.6778138817462604e-08,0
4427,2,2,0.002538645640015602,1.4406721220439067e-06,0
4428,8,8,0.00933520495891571,3.901433228747919e-05,0
4429,2,2,7.227121386677027e-05,1.3028045309226854e-09,0
4430,1,1,0.013917699456214905,5.479818719322793e-05,0
4431,1,1,0.14080047607421875,0.004429975524544716,0
4432,7,7,0.026943102478981018,0.00039318614290095866,0
4433,5,5,1.928876736201346e-05,1.3038066459802877e-10,0
4434,2,2,1.3673400189873064e-08,1.4026250184155474e-16,0
4435,3,3,0.02308863401412964,0.0007408492965623736,0
4436,4,2,0.13446998596191406,0.005740755703300238,1
4437,1,1,0.0032907985150814056,3.2762400223873556e-06,0
4438,2,2,0.03941839933395386,0.0005645756027661264,0
4439,9,9,0.2809593081474304,0.014008375816047192,0
4440,2,2,0.01521872729063034,7.124437252059579e-05,0
4441,1,1,0.03743305802345276,0.0011568503687158227,0
4442,3,3,0.18657875061035156,0.006714327726513147,0
4443,4,4,0.0015682652592658997,5.769235258412664e-07,0
4444,8,8,0.0012282459065318108,6.254453523979464e-07,0
4445,9,9,7.730405195616186e-05,1.1812690825507843e-09,0
4446,0,0,0.030381515622138977,0.0005261983023956418,0
4447,0,0,0.15725696086883545,0.012527592480182648,0
4448,4,4,0.011031262576580048,2.43770355154993e-05,0
4449,9,1,0.1181563138961792,0.010268022306263447,1
4450,0,0,0.20374155044555664,0.009038073942065239,0
4451,2,2,0.0017890026792883873,1.1158465440530563e-06,0
4452,2,2,0.008182130753993988,2.434545604046434e-05,0
4453,0,2,0.18668067455291748,0.007599715143442154,1
4454,6,6,4.926098426949466e-07,8.288961422624197e-14,0
4455,8,8,1.6325628848790075e-08,1.156466523682709e-16,0
4456,7,7,1.8652732251212e-05,1.2868374421604045e-10,0
4457,3,3,0.09946739673614502,0.004953994415700436,0
4458,3,3,0.03078259527683258,0.00019928187248297036,0
4459,8,8,1.6877720554475673e-08,1.1689033496285663e-15,0
4460,9,9,0.00021536287385970354,8.684826191540651e-09,0
4461,0,0,0.00018474587704986334,1.5432082278721282e-08,0
4462,2,2,0.0003089269157499075,2.0987997118027124e-08,0
4463,5,0,0.10868483781814575,0.008959973230957985,1
4464,3,3,0.025288909673690796,0.0002617758000269532,0
4465,6,6,0.00966591015458107,5.444589623948559e-05,0
4466,1,1,0.002075348049402237,1.932765826495597e-06,0
4467,3,3,0.0035604890435934067,4.800000624527456e-06,0
4468,9,8,0.027358971536159515,0.00023164991580415517,1
4469,5,5,0.005221564322710037,1.3420171853795182e-05,0
4470,0,0,0.19904303550720215,0.0105071309953928,0
4471,5,3,0.124794602394104,0.010469257831573486,1
4472,4,4,0.0011327657848596573,4.6163313527358696e-07,0
4473,4,4,0.0006923200562596321,1.4934035164060333e-07,0
4474,0,0,0.0026555033400654793,2.6867071483138716e-06,0
4475,1,1,0.06765329837799072,0.0011961056152358651,0
4476,1,5,0.1201322078704834,0.005488208495080471,1
4477,6,2,0.2089771032333374,0.010099750012159348,1
4478,1,1,0.0003583063371479511,5.885096854285621e-08,0
4479,7,7,0.010248567909002304,3.162486245855689e-05,0
4480,9,9,1.1485557479318231e-05,4.308476492242974e-11,0
4481,9,8,0.14323914051055908,0.006147861480712891,1
4482,6,6,0.0023782034404575825,1.1643953712336952e-06,0
4483,2,2,0.027046680450439453,0.00025985698448494077,0
4484,4,4,0.046567291021347046,0.000704130856320262,0
4485,3,7,0.02789132297039032,0.000302059983368963,1
4486,8,1,0.17683687806129456,0.008698142133653164,1
4487,3,3,0.014737643301486969,0.00013557009515352547,0
4488,4,4,0.006430258974432945,1.1203752364963293e-05,0
4489,7,7,1.4337792890728451e-06,6.760902601654628e-13,0
4490,0,3,0.2484433650970459,0.010929863899946213,1
4491,2,2,0.1191408634185791,0.003409163560718298,0
4492,8,8,0.002676883712410927,1.6263209090539021e-06,0
4493,4,4,0.09661495685577393,0.002860614098608494,0
4494,8,8,0.017314575612545013,7.460861525032669e-05,0
4495,3,2,0.2195805311203003,0.010594111867249012,1
4496,8,8,0.00028465018840506673,3.123420100337171e-08,0
4497,8,8,0.00018368841847404838,1.4203953568880934e-08,0
4498,8,8,0.0007451691199094057,1.557439901489488e-07,0
4499,3,3,0.08112764358520508,0.002653049770742655,0
4500,3,3,0.015720658004283905,9.376727393828332e-05,0
4501,5,5,0.02532658725976944,0.00019613960466813296,0
4502,7,7,4.1831008275039494e-05,7.08630543133637e-10,0
4503,7,4,0.1262202262878418,0.005130286328494549,1
4504,0,2,0.08085787296295166,0.0029029634315520525,1
4505,4,4,0.023903250694274902,0.00023223189054988325,0
4506,1,1,0.0032565155997872353,3.1029092042444972e-06,0
4507,5,5,0.01168280839920044,3.606326936278492e-05,0
4508,9,9,0.0008046473376452923,2.0525483535038802e-07,0
4509,7,7,0.019877571612596512,0.00014614823157899082,0
4510,0,0,0.0006630781572312117,1.202650139475736e-07,0
4511,6,6,1.6487283573951572e-06,1.012882052536801e-12,0
4512,8,8,0.04814507067203522,0.0015252174343913794,0
4513,4,4,0.19503366947174072,0.012922102585434914,0
4514,9,9,0.0005805478431284428,7.515361488685812e-08,0
4515,0,0,0.008720412850379944,2.0844996470259503e-05,0
4516,1,1,0.008930303156375885,4.060679202666506e-05,0
4517,8,8,8.710299152880907e-05,3.310130392009114e-09,0
4518,9,9,1.3670587577507831e-06,3.4775155845212513e-13,0
4519,6,6,0.003879852592945099,5.342290023691021e-06,0
4520,3,3,0.03473542630672455,0.000471929699415341,0
4521,9,9,0.15535718202590942,0.005366331897675991,0
4522,2,2,6.485730409622192e-06,6.909151202549868e-12,0
4523,4,4,0.026915639638900757,0.0005635960842482746,0
4524,4,4,0.001049589365720749,7.659016887373582e-07,0
4525,0,0,0.02813594788312912,0.00018515571719035506,0
4526,3,3,0.04191124439239502,0.002319510793313384,0
4527,3,5,0.016797274351119995,0.00016750562645029277,1
4528,5,4,0.0503382533788681,0.0010767383500933647,1
4529,4,4,0.013822488486766815,0.00010398532322142273,0
4530,5,5,0.07718950510025024,0.005681111477315426,0
4531,1,1,3.22054063417454e-08,9.331552339246181e-16,0
4532,1,1,0.008157901465892792,4.001201159553602e-05,0
4533,8,8,0.01119060069322586,5.773544398834929e-05,0
4534,2,2,8.339813211932778e-05,1.0892533541806415e-09,0
4535,2,2,1.162693661171943e-05,2.7172666894337283e-11,0
4536,9,9,0.01879577338695526,0.00016365900228265673,0
4537,3,3,0.019993305206298828,0.0004607051087077707,0
4538,7,7,0.06711043417453766,0.0015301118837669492,0
4539,8,8,0.0002250174293294549,1.436562246937001e-08,0
4540,9,9,0.0032576671801507473,3.816214302787557e-06,0
4541,2,2,0.0002559394924901426,2.7761737797504793e-08,0
4542,3,2,0.06366759538650513,0.0020573658403009176,1
4543,1,1,0.00037585850805044174,8.857989541866118e-08,0
4544,7,7,0.0005324017256498337,7.46745101309898e-08,0
4545,3,4,0.042162805795669556,0.0011981865391135216,1
4546,2,2,0.07114404439926147,0.0014394200406968594,0
4547,3,3,0.09769773483276367,0.0038841862697154284,0
4548,0,5,0.12259209156036377,0.005331783089786768,1
4549,1,1,4.632509080693126e-05,4.0001238432729735e-10,0
4550,9,9,0.2910413146018982,0.016509482637047768,0
4551,5,5,0.04118981957435608,0.0012649360578507185,0
4552,5,3,0.03376883268356323,0.0013100386131554842,1
4553,3,3,0.19347763061523438,0.01343687903136015,0
4554,4,4,0.01337735541164875,5.634663830278441e-05,0
4555,5,7,0.03303862363100052,0.0003001410514116287,1
4556,2,2,0.017327964305877686,8.254108252003789e-05,0
4557,0,0,0.00011524057481437922,5.163672156527355e-09,0
4558,0,0,0.00032883964013308287,2.8378186911481862e-08,0
4559,3,4,0.08803772926330566,0.004510965198278427,1
4560,1,1,0.0047007836401462555,8.062901542871259e-06,0
4561,3,3,0.03168615698814392,0.0011571060167625546,0
4562,4,5,0.1049191951751709,0.004754666239023209,1
4563,7,7,0.0019126543775200844,8.913546594158106e-07,0
4564,4,4,0.00031004915945231915,2.0736926842346293e-08,0
4565,2,3,0.0666646957397461,0.0022097520995885134,1
4566,8,8,0.011793248355388641,8.472123590763658e-05,0
4567,4,4,0.0002312979195266962,2.723857051023515e-08,0
4568,8,8,2.184997356380336e-06,1.601564584077786e-12,0
4569,9,9,0.00054751499556005,1.292344222747488e-07,0
4570,9,9,0.0029510613530874252,2.0211875835229876e-06,0
4571,4,4,0.1128283143043518,0.007409436162561178,0
4572,2,2,0.021806292235851288,0.0001609767641639337,0
4573,4,4,0.05970507860183716,0.0017023090040311217,0
4574,3,4,0.08070248365402222,0.0026113842613995075,1
4575,6,6,0.0001098875654861331,5.937272007372485e-09,0
4576,4,4,0.0020404141396284103,1.127738300965575e-06,0
4577,6,6,0.15628623962402344,0.008599220775067806,0
4578,4,4,0.0009085657075047493,2.6009450948549784e-07,0
4579,6,6,0.008470233529806137,3.5257999115856364e-05,0
4580,6,6,0.006034154444932938,1.3696687346964609e-05,0
4581,3,2,0.1719064712524414,0.00807260349392891,1
4582,8,8,0.0025904085487127304,2.0500667687883833e-06,0
4583,7,7,0.001347606536000967,7.958416858855344e-07,0
4584,4,4,0.0013303318992257118,4.883523843091098e-07,0
4585,8,8,0.017920583486557007,0.00012942389003001153,0
4586,0,2,0.05042576789855957,0.0010875274892896414,1
4587,5,5,0.00011324044317007065,6.955366504968197e-09,0
4588,9,9,0.010415580123662949,2.5611010642023757e-05,0
4589,3,3,0.03408628702163696,0.0006990736001171172,0
4590,9,2,0.06919565796852112,0.0015250772703438997,1
4591,0,0,0.0015087183564901352,1.3996191228216048e-06,0
4592,7,7,0.0003055616980418563,4.948970655505036e-08,0
4593,5,5,0.05408048629760742,0.0016150660812854767,0
4594,1,1,7.877510506659746e-05,2.6128101904276946e-09,0
4595,9,3,0.1660994291305542,0.0062446678057312965,1
4596,7,7,0.1058124303817749,0.0060335975140333176,0
4597,9,9,0.0002591460943222046,1.4855517704859267e-08,0
4598,1,1,0.006564199924468994,1.1279631507932208e-05,0
4599,8,8,0.07397475838661194,0.00326767866499722,0
4600,4,4,0.044237345457077026,0.0010497692273929715,0
4601,2,2,2.7703674277290702e-05,1.3507577001359294e-10,0
4602,1,1,3.3922733564395458e-06,6.214439986912401e-12,0
4603,6,6,0.010076217353343964,3.176150130457245e-05,0
4604,4,4,0.03907206654548645,0.0004751908127218485,0
4605,3,3,0.09819567203521729,0.004636057186871767,0
4606,0,3,0.14599263668060303,0.005332461558282375,1
4607,1,1,0.018875852227211,0.00012422901636455208,0
4608,4,4,0.011729439720511436,4.3774292862508446e-05,0
4609,8,8,0.014051556587219238,6.730859604431316e-05,0
4610,6,6,0.0894845724105835,0.0013986205449327826,0
4611,1,1,0.0006808702601119876,1.7972494958939933e-07,0
4612,7,7,0.08720085024833679,0.002919089514762163,0
4613,1,1,0.008088856935501099,4.1421513742534444e-05,0
4614,3,5,0.08490806818008423,0.002833110513165593,1
4615,5,4,0.130973219871521,0.005211715120822191,1
4616,4,4,0.015489540994167328,6.7979606683366e-05,0
4617,3,3,0.04027283191680908,0.0006949919043108821,0
4618,3,6,0.09869593381881714,0.004668352194130421,1
4619,9,9,0.0002889297902584076,2.3621685940611314e-08,0
4620,7,7,0.011433333158493042,4.147083745920099e-05,0
4621,8,8,0.005923379212617874,1.4856834241072647e-05,0
4622,2,2,0.028204023838043213,0.00036802346585318446,0
4623,5,5,0.021085843443870544,0.00014961426495574415,0
4624,5,3,0.026773601770401,0.0009849258931353688,1
4625,4,4,0.0003430293872952461,3.1205448891569176e-08,0
4626,5,5,0.03722020983695984,0.0013321165461093187,0
4627,4,4,0.003826598636806011,4.297688064980321e-06,0
4628,5,5,0.13312721252441406,0.007516786456108093,0
4629,7,7,0.0013054748997092247,6.135049943623017e-07,0
4630,2,2,0.12147527933120728,0.003430816577747464,0
4631,5,5,4.3147054384462535e-05,8.673356477473249e-10,0
4632,5,7,0.23631131649017334,0.009959375485777855,1
4633,1,1,6.727477739332244e-07,8.654326712730087e-14,0
4634,7,5,0.009920541197061539,2.709672844503075e-05,1
4635,7,7,0.001763941254466772,1.3968614211989916e-06,0
4636,8,8,0.00018889026250690222,1.4835947581559594e-08,0
4637,3,3,0.04166373610496521,0.0013379065785557032,0
4638,6,6,0.005926424637436867,1.2920997505716514e-05,0
4639,0,0,0.11893296241760254,0.00390813872218132,0
4640,2,2,0.0009630532003939152,2.555800620029913e-07,0
4641,5,5,0.013444304466247559,4.895079109701328e-05,0
4642,2,2,0.11019247770309448,0.0064890398643910885,0
4643,3,2,0.10191476345062256,0.0047553470358252525,1
4644,7,7,0.05404555797576904,0.0007347595528699458,0
4645,4,4,0.015883557498455048,9.539503662381321e-05,0
4646,2,3,0.08393800258636475,0.003195739584043622,1
4647,1,1,0.0003549924585968256,6.172999889031416e-08,0
4648,6,6,0.0015775810461491346,1.1372419521649135e-06,0
4649,8,8,0.00012387073365971446,7.378516464484619e-09,0
4650,6,6,0.013727687299251556,6.045318878022954e-05,0
4651,8,8,4.1123348637484014e-05,4.884744830846444e-10,0
4652,3,3,0.15656739473342896,0.008812399581074715,0
4653,2,2,0.0002678853925317526,2.5931356617547863e-08,0
4654,7,7,0.09278077632188797,0.001953443046659231,0
4655,7,3,0.07372826337814331,0.004345509689301252,1
4656,9,9,0.0006184640806168318,1.674683574037772e-07,0
4657,7,7,2.627683670652914e-08,6.557901131210204e-16,0
4658,1,1,1.0033418220700696e-06,3.743940108023175e-13,0
4659,4,4,0.012925267219543457,5.0102877139579505e-05,0
4660,7,7,0.0827333927154541,0.0033163107000291348,0
4661,4,3,0.03312122821807861,0.0003100890899077058,1
4662,6,6,0.06864483654499054,0.0024456167593598366,0
4663,1,1,0.00013910740381106734,6.35976116214465e-09,0
4664,7,7,0.0052969790995121,1.593048364156857e-05,0
4665,3,3,0.0076180994510650635,5.016725117457099e-05,0
4666,0,0,0.00039558717980980873,4.768716621583735e-08,0
4667,0,0,0.0010730018839240074,2.719287977015483e-07,0
4668,6,6,0.015153370797634125,0.00011215679114684463,0
4669,6,6,0.13249939680099487,0.01006618607789278,0
4670,8,8,0.005958551540970802,7.726413059572224e-06,0
4671,6,6,9.944560588337481e-05,4.2090091412205766e-09,0
4672,6,6,2.0273248082958162e-05,8.468326040400598e-11,0
4673,0,0,0.0185021311044693,0.00026683072792366147,0
4674,3,3,0.0581204891204834,0.0011630092049017549,0
4675,4,4,0.0033235857263207436,2.728618710534647e-06,0
4676,7,7,0.012631066143512726,4.738626012112945e-05,0
4677,4,4,0.005033216439187527,7.7151153163868e-06,0
4678,9,8,0.07788103818893433,0.002044155029579997,1
4679,4,4,0.031124845147132874,0.0003214428143110126,0
4680,9,9,9.711638995213434e-06,4.332841724297154e-11,0
4681,9,9,0.004672147333621979,1.1303089195280336e-05,0
4682,3,5,0.0340840220451355,0.0016897361492738128,1
4683,4,4,0.001352192834019661,6.373393262038007e-07,0
4684,1,1,0.0016151275485754013,6.036318040969491e-07,0
4685,4,4,0.0008715004660189152,2.2051146686408174e-07,0
4686,0,0,0.022942155599594116,0.0002611675881780684,0
4687,3,3,0.00950954481959343,5.444788985187188e-05,0
4688,7,7,0.0002747433609329164,3.023624373099665e-08,0
4689,1,1,1.4355624443851411e-05,7.838790727632272e-11,0
4690,2,2,0.011273592710494995,4.368284862721339e-05,0
4691,2,2,0.008407647721469402,3.1225070415530354e-05,0
4692,8,8,0.10669434070587158,0.006265085190534592,0
4693,4,4,0.006780136376619339,1.2690700714301784e-05,0
4694,7,7,0.06348508596420288,0.0015742037212476134,0
4695,8,8,0.059099048376083374,0.0016420023748651147,0
4696,5,5,0.10210245847702026,0.006913195364177227,0
4697,5,5,0.06698388606309891,0.001887948950752616,0
4698,6,6,0.028770610690116882,0.00022159361105877906,0
4699,5,5,0.12886959314346313,0.007252131588757038,0
4700,6,6,0.005468510091304779,6.38142819298082e-06,0
4701,0,0,0.0015669865533709526,7.065684712870279e-07,0
4702,6,6,1.6028985555749387e-05,4.4979901747677076e-11,0
4703,4,4,0.1704351305961609,0.006825201213359833,0
4704,9,9,0.00016891560517251492,7.934366053063968e-09,0
4705,3,3,0.05544346570968628,0.002139404881745577,0
4706,2,2,0.002586403861641884,1.3500230124918744e-06,0
4707,7,7,0.1988513469696045,0.013177812099456787,0
4708,3,3,0.007193591445684433,3.2586223824182525e-05,0
4709,8,8,0.3043314218521118,0.019602667540311813,0
4710,3,3,0.06418418884277344,0.0024140288587659597,0
4711,9,9,6.174141890369356e-05,8.245436555753827e-10,0
4712,4,4,0.01364251971244812,6.741227844031528e-05,0
4713,1,1,3.252587248425698e-07,3.348204688762707e-14,0
4714,6,6,0.0005392003804445267,1.0595046973094213e-07,0
4715,9,9,0.002023260109126568,1.819627868826501e-06,0
4716,9,9,0.15743836760520935,0.006455705966800451,0
4717,4,4,0.017426669597625732,8.6407337221317e-05,0
4718,3,5,0.05898386240005493,0.003931956831365824,1
4719,9,9,3.053864202229306e-05,3.4901578849222403e-10,0
4720,8,8,0.00965840369462967,8.422268001595512e-05,0
4721,1,1,0.1189681887626648,0.002941675251349807,0
4722,6,6,0.002286509145051241,2.3850755042076344e-06,0
4723,9,9,0.00010806185309775174,4.472342496342208e-09,0
4724,5,5,0.011190637946128845,5.02379953104537e-05,0
4725,9,9,0.006821833550930023,3.23370513797272e-05,0
4726,0,0,0.012214669957756996,6.785755249438807e-05,0
4727,9,9,1.6913625586312264e-05,8.181387511907445e-11,0
4728,7,7,3.5000653042516205e-08,3.6530303318426695e-15,0
4729,2,3,0.1184014081954956,0.0048815044574439526,1
4730,2,2,0.16257190704345703,0.01023155264556408,0
4731,4,4,0.011003881692886353,4.9103382480097935e-05,0
4732,2,4,0.13265609741210938,0.008240307681262493,1
4733,6,6,0.0009515518322587013,3.46515719229501e-07,0
4734,4,4,0.0030482998117804527,4.673541297961492e-06,0
4735,8,3,0.22064149379730225,0.010309719480574131,1
4736,1,1,1.1811998774646781e-06,4.885548346086899e-13,0
4737,9,9,0.00020397105254232883,1.4783078761126944e-08,0
4738,5,5,0.009006626904010773,9.152592247119173e-05,0
4739,6,6,0.019693486392498016,0.0001026811296469532,0
4740,5,3,0.043724387884140015,0.0011395879555493593,1
4741,1,1,0.00225786492228508,5.745379894506186e-06,0
4742,8,8,0.0009604659862816334,2.0146751467109425e-07,0
4743,6,6,0.0007329827640205622,1.9831995246022416e-07,0
4744,6,0,0.014945514500141144,4.08843407058157e-05,1
4745,7,7,0.00041619897820055485,2.8089450765378388e-08,0
4746,6,6,0.00039375387132167816,3.423705763339058e-08,0
4747,5,7,0.12634265422821045,0.0057274168357253075,1
4748,0,0,0.14899349212646484,0.005434734746813774,0
4749,2,3,0.13298916816711426,0.005783580243587494,1
4750,7,1,0.20017337799072266,0.006395106203854084,1
4751,6,6,0.011815520003437996,4.582014662446454e-05,0
4752,1,1,0.002392429392784834,2.6996626729669515e-06,0
4753,2,9,0.2850891351699829,0.01310565136373043,1
4754,3,8,0.08701765537261963,0.005213447846472263,1
4755,1,1,4.0082522900775075e-06,5.297626486794327e-12,0
4756,6,6,0.04382346570491791,0.0004454697482287884,0
4757,4,4,0.0001507911365479231,9.74489910987586e-09,0
4758,9,9,0.1681431531906128,0.007827981375157833,0
4759,0,0,0.0005178560968488455,1.1629456508899239e-07,0
4760,3,0,0.08085143566131592,0.003017846494913101,1
4761,9,9,1.228227120009251e-06,3.736615509196406e-13,0
4762,1,1,0.0252421535551548,0.00018623992218635976,0
4763,0,0,7.883674697950482e-05,1.6182492013072647e-09,0
4764,5,5,0.09310108423233032,0.004131424240767956,0
4765,3,4,0.02451901137828827,0.000192312101717107,1
4766,1,1,1.4869601727696136e-06,9.794927455925029e-13,0
4767,6,6,0.002390892244875431,2.632396672197501e-06,0
4768,9,9,0.0003611394204199314,5.828546179031946e-08,0
4769,8,8,2.2752370568923652e-05,1.3452387814805178e-10,0
4770,9,9,0.007826818153262138,1.853963294706773e-05,0
4771,0,0,0.00026902230456471443,2.3969491280695365e-08,0
4772,6,6,0.0021111462265253067,2.0873667381238192e-06,0
4773,1,1,8.121522114379331e-06,2.588170476547358e-11,0
4774,6,6,0.008931492455303669,3.473733886494301e-05,0
4775,2,2,0.0017630308866500854,8.41620192204573e-07,0
4776,3,3,0.21847933530807495,0.008252760395407677,0
4777,5,5,0.006449214182794094,1.6152600437635556e-05,0
4778,6,6,0.00825544260442257,2.3596185201313347e-05,0
4779,9,9,0.000702135032042861,2.0551695456560992e-07,0
4780,0,0,0.14487624168395996,0.011382795870304108,0
4781,7,7,7.0920832513365895e-06,1.1136419911239592e-11,0
4782,2,2,0.00012561868061311543,4.8595252266636635e-09,0
4783,4,4,0.036640018224716187,0.0007182882982306182,0
4784,0,0,0.005438271909952164,1.2209816304675769e-05,0
4785,3,3,0.003615936730057001,5.919240265939152e-06,0
4786,6,3,0.045962125062942505,0.001139407278969884,1
4787,8,8,7.872955620769062e-08,2.794920311220651e-15,0
4788,6,6,0.008372139185667038,2.0530940673779696e-05,0
4789,9,9,0.060325682163238525,0.0021738905925303698,0
4790,1,1,0.026128172874450684,0.0005276749143376946,0
4791,9,9,0.08625936508178711,0.0018261302029713988,0
4792,0,4,0.243003249168396,0.011693885549902916,1
4793,6,6,0.0004350842209532857,4.19796393202887e-08,0
4794,4,2,0.009911634027957916,4.342760075815022e-05,1
4795,5,3,0.039038270711898804,0.0005276994197629392,1
4796,9,9,0.0025059841573238373,2.94335268335999e-06,0
4797,5,5,0.0014279503375291824,1.1207140460101073e-06,0
4798,4,4,0.005705174058675766,7.232607458718121e-06,0
4799,1,1,0.005397547036409378,1.3800387023366056e-05,0
4800,9,9,0.000916742836125195,3.5521776453606435e-07,0
4801,2,2,0.0003317854134365916,3.772300871673906e-08,0
4802,0,0,1.224339212058112e-05,5.151184340190795e-11,0
4803,7,7,0.011023411527276039,3.446118353167549e-05,0
4804,3,3,0.045925579965114594,0.0007879874901846051,0
4805,5,5,0.04188139736652374,0.0007154498598538339,0
4806,1,1,0.012499794363975525,0.00012759384117089212,0
4807,8,8,0.004441315308213234,9.302884791395627e-06,0
4808,3,3,0.03520864248275757,0.0025863510090857744,0
4809,0,0,0.0006282797548919916,1.7652597250616964e-07,0
4810,5,5,0.00970965251326561,4.424168582772836e-05,0
4811,2,0,0.03845867142081261,0.00043606135295704007,1
4812,8,8,0.0004162717377766967,5.0307015442285774e-08,0
4813,8,8,1.3315191608853638e-05,3.321752595208949e-11,0
4814,3,3,0.052481651306152344,0.000994429225102067,0
4815,9,8,0.11914271116256714,0.004401057027280331,1
4816,6,6,0.0011646426282823086,4.463534821752546e-07,0
4817,0,0,0.0005714852595701814,1.1648851483414546e-07,0
4818,3,3,0.18173366785049438,0.009751483798027039,0
4819,5,5,0.05558037757873535,0.0043915389105677605,0
4820,3,3,0.0840839147567749,0.0038538810331374407,0
4821,4,4,0.022387906908988953,0.00018222381186205894,0
4822,1,1,0.00010807224316522479,5.724221985303757e-09,0
4823,5,4,0.2438645362854004,0.010050992481410503,1
4824,0,0,0.00028366269543766975,1.6509915212736814e-08,0
4825,7,5,0.1090325117111206,0.003993369173258543,1
4826,3,3,0.09904718399047852,0.004381501115858555,0
4827,9,9,2.16259195440216e-06,2.2759168681607544e-12,0
4828,4,2,0.060619205236434937,0.0029159076511859894,1
4829,5,5,0.060237109661102295,0.0017151252832263708,0
4830,3,5,0.025707334280014038,0.0006329567986540496,1
4831,1,1,0.012005005963146687,6.098186713643372e-05,0
4832,4,8,0.26629459857940674,0.010790249332785606,1
4833,2,2,0.0980689525604248,0.004101911559700966,0
4834,4,4,0.007852263748645782,1.9317056285217404e-05,0
4835,9,9,5.107958713779226e-06,1.0534170757914296e-11,0
4836,9,1,0.060296833515167236,0.0021746933925896883,1
4837,7,7,0.0006589675322175026,1.8999045892087452e-07,0
4838,1,1,0.00341804139316082,6.250905244087335e-06,0
4839,7,7,0.0018332256004214287,1.443779410692514e-06,0
4840,0,0,0.15495216846466064,0.007636801805347204,0
4841,1,1,1.3085355021758005e-08,1.5210332099501042e-16,0
4842,2,2,0.017728328704833984,0.00017068565648514777,0
4843,1,1,0.04189899563789368,0.00046535086585208774,0
4844,5,5,0.0374516099691391,0.0008097158861346543,0
4845,3,3,0.129738450050354,0.009756465442478657,0
4846,8,8,0.26265227794647217,0.015002002939581871,0
4847,4,4,0.015279889106750488,5.010479435441084e-05,0
4848,1,1,7.276309332837627e-09,1.1220427076596003e-17,0
4849,5,5,0.14702171087265015,0.007193350233137608,0
4850,1,1,0.0006613368168473244,2.0818932000565837e-07,0
4851,9,9,0.00022718589752912521,1.3854682734404378e-08,0
4852,9,9,0.2747758626937866,0.02266988344490528,0
4853,7,7,2.237271473859437e-06,1.7685286828744706e-12,0
4854,0,0,0.001192155759781599,7.296567332559789e-07,0
4855,1,1,0.0037261173129081726,6.155075880087679e-06,0
4856,7,7,2.5390545488335192e-05,2.559982781313863e-10,0
4857,6,6,4.569027805700898e-05,7.311226069006693e-10,0
4858,2,2,0.16480565071105957,0.009397659450769424,0
4859,6,6,0.0014411099255084991,4.772989541379502e-07,0
4860,5,5,0.00024796940851956606,2.225072570638531e-08,0
4861,0,0,0.13898354768753052,0.005357350222766399,0
4862,3,2,0.11624717712402344,0.005547693930566311,1
4863,1,1,0.0004639127291738987,1.211361535524702e-07,0
4864,3,5,0.010123535990715027,8.266841905424371e-05,1
4865,8,9,0.04882270097732544,0.0009977183071896434,1
4866,9,9,0.007892033085227013,2.6613401132635772e-05,0
4867,9,9,0.11098915338516235,0.0031495813746005297,0
4868,0,2,0.21540355682373047,0.016252631321549416,1
4869,8,8,2.3667519144510152e-07,9.312944295944425e-15,0
4870,8,8,0.011161938309669495,2.610480623843614e-05,0
4871,7,5,0.1329864263534546,0.011230068281292915,1
4872,9,9,0.00023408245760947466,1.2310716890340245e-08,0
4873,2,2,0.16888916492462158,0.00849356409162283,0
4874,9,9,0.002187172882258892,1.187137399938365e-06,0
4875,1,1,0.008322864770889282,4.961336890119128e-05,0
4876,3,6,0.1772059202194214,0.01378603745251894,1
4877,6,6,0.0002121159341186285,1.1861597037921001e-08,0
4878,7,7,0.0007333997637033463,1.778857097178843e-07,0
4879,6,6,0.19678378105163574,0.014916593208909035,0
4880,0,9,0.3310135006904602,0.015123014338314533,1
4881,8,8,0.00015804741997271776,8.86953088752307e-09,0
4882,6,6,0.0011265752837061882,2.79317362128495e-07,0
4883,2,2,0.0012237806804478168,4.589898594531405e-07,0
4884,4,4,0.04851856827735901,0.0011868838919326663,0
4885,2,2,0.020721979439258575,0.00011716988956322894,0
4886,3,3,0.0025234874337911606,2.5150484361802228e-06,0
4887,5,3,0.11611592769622803,0.009551150724291801,1
4888,5,5,0.020510077476501465,0.00032657355768606067,0
4889,4,4,0.02886006236076355,0.0002750698768068105,0
4890,1,1,1.8671256839297712e-05,1.5361059646501474e-10,0
4891,6,6,1.828969834605232e-05,1.1122558429832452e-10,0
4892,7,4,0.047980427742004395,0.0007291464135050774,1
4893,1,1,0.07444411516189575,0.0036754757165908813,0
4894,6,6,0.01692972332239151,9.078841685550287e-05,0
4895,1,1,7.011950947344303e-05,1.868230903312451e-09,0
4896,7,7,0.0024985037744045258,2.054035121545894e-06,0
4897,1,1,0.02202451229095459,0.00031743154977448285,0
4898,6,6,0.008504696190357208,3.175804522470571e-05,0
4899,2,2,0.0038281474262475967,5.716779014619533e-06,0
4900,3,3,0.003121180459856987,4.788402748090448e-06,0
4901,0,0,0.004129406064748764,1.0450464287714567e-05,0
4902,4,4,0.004513313993811607,4.4899757085659076e-06,0
4903,2,6,0.08769217133522034,0.00431447010487318,1
4904,9,7,0.12587177753448486,0.004520799499005079,1
4905,7,7,7.316487608477473e-05,2.144229460654401e-09,0
4906,5,3,0.0630611777305603,0.0014390400610864162,1
4907,5,5,0.07115313410758972,0.002537796040996909,0
4908,6,6,0.26823413372039795,0.010711265727877617,0
4909,0,0,0.01018582284450531,4.79581140098162e-05,0
4910,8,8,0.04194885492324829,0.00043550398549996316,0
4911,8,8,6.012600351823494e-06,8.381237544263787e-12,0
4912,1,1,7.044377525744494e-09,1.0732032511420603e-16,0
4913,1,1,0.0002732949797064066,3.440637641460853e-08,0
4914,3,3,0.014111094176769257,7.119966176105663e-05,0
4915,5,5,0.005050072446465492,1.416325721947942e-05,0
4916,6,6,0.00031993561424314976,3.032630147004056e-08,0
4917,5,3,0.01836693286895752,0.00031807232880964875,1
4918,3,3,0.009286917746067047,2.4484723326168023e-05,0
4919,8,8,0.0915488600730896,0.00442188885062933,0
4920,7,7,0.0004013513680547476,6.977448663292307e-08,0
4921,5,5,0.0728294849395752,0.0018826806917786598,0
4922,0,0,0.12726828455924988,0.00337315839715302,0
4923,7,7,0.0003945574862882495,5.478507247858033e-08,0
4924,7,5,0.08440279960632324,0.0031789180357009172,1
4925,5,5,0.0009498968720436096,5.084804115540464e-07,0
4926,7,3,0.24244403839111328,0.010491523891687393,1
4927,1,1,6.164758815430105e-06,1.676800365224551e-11,0
4928,9,9,0.005400827154517174,6.478522664110642e-06,0
4929,9,9,0.014487974345684052,7.740705041214824e-05,0
4930,1,9,0.10840284824371338,0.005981941241770983,1
4931,9,8,0.07295626401901245,0.0016612136969342828,1
4932,9,9,0.041487351059913635,0.0005403825780376792,0
4933,3,3,0.014887809753417969,0.0001121641616919078,0
4934,5,5,4.238777910359204e-05,5.333818942077073e-10,0
4935,5,5,0.043316736817359924,0.0009415444219484925,0
4936,3,3,0.030471935868263245,0.00024766309070400894,0
4937,0,0,0.011713102459907532,7.774894766043872e-05,0
4938,3,3,0.1567554473876953,0.004470777697861195,0
4939,0,0,0.00016017397865653038,9.250976873431682e-09,0
4940,6,6,0.000914338044822216,3.4967487749781867e-07,0
4941,6,6,0.0022831596434116364,2.2840129076939775e-06,0
4942,5,0,0.08871166408061981,0.0020237951539456844,1
4943,6,4,0.12202608585357666,0.0073569766245782375,1
4944,8,8,0.00028005754575133324,2.1783874259995173e-08,0
4945,9,1,0.17241418361663818,0.014980470761656761,1
4946,4,4,0.025276318192481995,0.000249136530328542,0
4947,5,6,0.2061740756034851,0.014824697747826576,1
4948,1,1,1.813162089092657e-05,1.5690179711036478e-10,0
4949,1,1,0.00020949426107108593,8.714482468974438e-09,0
4950,2,2,0.00048028770834207535,5.3391964627280686e-08,0
4951,7,7,0.06498384475708008,0.0008292446727864444,0
4952,9,9,0.012865755707025528,0.00010214827489107847,0
4953,0,0,2.526480966480449e-05,2.456592151922621e-10,0
4954,1,1,0.005670543760061264,6.776574991818052e-06,0
4955,2,2,0.1266188621520996,0.007618953473865986,0
4956,5,5,0.08134067058563232,0.0036684207152575254,0
4957,4,4,0.003711879253387451,4.4144794628664386e-06,0
4958,4,4,0.022808045148849487,0.00023267189681064337,0
4959,7,7,0.0020930664613842964,8.033524636630318e-07,0
4960,4,4,0.003267550840973854,2.2839903977001086e-06,0
4961,8,8,0.00014880334492772818,4.470474213036368e-09,0
4962,3,3,0.15816381573677063,0.0045458474196493626,0
4963,3,7,0.2019786238670349,0.00890829972922802,1
4964,5,2,0.19168245792388916,0.011102212592959404,1
4965,3,4,0.1545182466506958,0.007722966372966766,1
4966,5,5,0.03723704814910889,0.0005627130158245564,0
4967,7,7,0.2634401321411133,0.010927331633865833,0
4968,0,0,5.471016629599035e-05,1.0237989345185383e-09,0
4969,1,1,0.005703018046915531,9.816144483920652e-06,0
4970,2,2,0.08761364221572876,0.002624376444146037,0
4971,9,9,0.0003237823839299381,4.6307086165597866e-08,0
4972,8,4,0.184798002243042,0.006514588836580515,1
4973,1,1,0.01698938012123108,0.0006289344164542854,0
4974,7,7,0.11447197198867798,0.006276730448007584,0
4975,3,3,0.06069689989089966,0.0032336178701370955,0
4976,5,5,0.03147546947002411,0.0005339714116416872,0
4977,9,9,0.001039000228047371,2.703593509068014e-07,0
4978,1,1,0.00011356992763467133,6.39204689178996e-09,0
4979,9,9,0.0009355812799185514,3.80454650894535e-07,0
4980,1,1,0.005055559799075127,1.4617451597587205e-05,0
4981,1,1,0.01584695279598236,0.00010882292554015294,0
4982,3,5,0.06232476234436035,0.0017116197850555182,1
4983,6,6,0.05091238021850586,0.0008627239731140435,0
4984,7,7,0.11279958486557007,0.004375020507723093,0
4985,4,4,0.046651795506477356,0.0006485130870714784,0
4986,8,9,0.23005425930023193,0.009091819636523724,1
4987,3,3,0.021931558847427368,9.34582349145785e-05,0
4988,5,5,0.05856043100357056,0.0029375029262155294,0
4989,6,6,0.00017544685397297144,1.4233290990262049e-08,0
4990,7,7,0.028485432267189026,0.000385322084184736,0
4991,0,0,0.01059744693338871,4.863971844315529e-05,0
4992,1,1,3.543786078807898e-06,5.759037777913756e-12,0
4993,7,2,0.09394055604934692,0.0029042328242212534,1
4994,7,7,1.9602121028583497e-06,9.687424473714401e-13,0
4995,2,5,0.07757002115249634,0.004587516188621521,1
4996,3,5,0.15910041332244873,0.00606002239510417,1
4997,3,3,0.010715991258621216,4.844301292905584e-05,0
4998,5,5,0.028397992253303528,0.00029660138534381986,0
4999,1,1,0.0011165537871420383,6.28224540832889e-07,0
5000,7,7,1.2420692655723542e-05,5.3552811490886754e-11,0
5001,6,6,8.02356589701958e-06,1.655435857839116e-11,0
5002,8,8,0.24046790599822998,0.015657398849725723,0
5003,4,4,0.02140304446220398,0.00013933927402831614,0
5004,4,4,0.00816318765282631,2.2735921447747387e-05,0
5005,5,5,0.002239016816020012,2.6882439669861924e-06,0
5006,7,5,0.09816539287567139,0.0035230231005698442,1
5007,3,3,0.01617501676082611,0.0001125461858464405,0
5008,4,4,0.04975739121437073,0.0008389210561290383,0
5009,7,2,0.1573011875152588,0.0080483453348279,1
5010,7,7,0.0010270727798342705,4.857494673160545e-07,0
5011,3,3,0.0915602445602417,0.003048029961064458,0
5012,6,6,0.00030691700521856546,2.3157090467407215e-08,0
5013,0,3,0.0680849552154541,0.0020356406457722187,1
5014,7,7,7.712974911555648e-05,1.5818493181996018e-09,0
5015,2,2,0.00027330988086760044,1.82955837146892e-08,0
5016,6,6,0.021830692887306213,0.00014971618657000363,0
5017,7,7,0.011486239731311798,2.79510368272895e-05,0
5018,4,4,0.010197080671787262,3.624451710493304e-05,0
5019,1,1,5.484339453687426e-07,1.5548723604225795e-13,0
5020,8,8,0.00034734606742858887,2.736554449711548e-08,0
5021,0,0,0.0008238069713115692,3.3699194545988576e-07,0
5022,2,2,0.0028912536799907684,2.208354317190242e-06,0
5023,2,2,0.02667391300201416,0.00016691874770913273,0
5024,1,1,0.0015399400144815445,1.135471393354237e-06,0
5025,5,5,0.015810422599315643,9.305916319135576e-05,0
5026,4,4,0.003356020897626877,2.482439413142856e-06,0
5027,0,0,0.003155127167701721,1.9490955764922546e-06,0
5028,9,9,0.0038393232971429825,3.0756789328734158e-06,0
5029,3,3,0.09669792652130127,0.0024723235983401537,0
5030,4,4,0.006162244826555252,1.7823414964368567e-05,0
5031,4,2,0.17159318923950195,0.009638016112148762,1
5032,2,2,2.137942374247359e-07,8.692433369774342e-15,0
5033,3,3,0.16911160945892334,0.007976507768034935,0
5034,8,8,0.02622734010219574,0.0002920535916928202,0
5035,5,5,0.002574460580945015,3.670345904538408e-06,0
5036,0,0,0.0010837875306606293,3.641042098934122e-07,0
5037,0,0,0.12042409181594849,0.003165032248944044,0
5038,4,4,0.0065436214208602905,2.0677432985394262e-05,0
5039,6,6,0.00013075224705971777,5.675848679942419e-09,0
5040,3,3,0.06210589408874512,0.0010702331783249974,0
5041,9,9,0.006102336570620537,1.2320686437305994e-05,0
5042,2,2,0.0008371979929506779,2.451724299135094e-07,0
5043,0,0,0.09642469882965088,0.002416179282590747,0
5044,5,5,0.000678081763908267,2.255097086845126e-07,0
5045,7,7,0.0013782349415123463,7.245898814289831e-07,0
5046,5,5,0.056505024433135986,0.0025806836783885956,0
5047,5,5,0.0341431200504303,0.0011094826040789485,0
5048,1,1,0.018923334777355194,0.00011730028927559033,0
5049,7,7,0.03134340047836304,0.0005615640548057854,0
5050,3,3,0.004435207694768906,1.2799575415556319e-05,0
5051,1,1,0.0004778674338012934,5.671864755640854e-08,0
5052,6,6,0.014693289995193481,0.00017189500795211643,0
5053,7,7,0.07764565944671631,0.0024959808215498924,0
5054,9,9,2.4020642740651965e-05,2.1927153148748602e-10,0
5055,0,0,0.00025017198640853167,2.23939871091261e-08,0
5056,1,1,0.3088921308517456,0.015223614871501923,0
5057,2,2,0.0070708151906728745,1.3222712368587963e-05,0
5058,1,1,0.013843722641468048,5.477893864735961e-05,0
5059,4,4,0.018000181764364243,0.00010548407590249553,0
5060,6,3,0.06507271528244019,0.0014163113664835691,1
5061,1,1,0.0020721093751490116,9.976574801839888e-07,0
5062,5,5,0.0016898475587368011,1.0612834557832684e-06,0
5063,9,9,0.0002051192568615079,6.185106204981139e-09,0
5064,5,5,0.00037958845496177673,8.010651697532012e-08,0
5065,0,0,0.0013555008918046951,4.625971428140474e-07,0
5066,4,4,0.005575504153966904,8.78774153534323e-06,0
5067,9,9,0.0041249655187129974,6.322447006823495e-06,0
5068,4,4,0.015589490532875061,6.478115392383188e-05,0
5069,9,9,0.0007469551637768745,1.1797703791671665e-07,0
5070,7,7,0.03250424563884735,0.00042160385055467486,0
5071,1,9,0.22789263725280762,0.0085101667791605,1
5072,6,6,0.04232904314994812,0.0012469700304791331,0
5073,8,8,0.0007615303620696068,1.769527671058313e-07,0
5074,0,9,0.10713088512420654,0.0029304982163012028,1
5075,6,6,0.02181774377822876,0.00014723751519341022,0
5076,5,5,4.426213854458183e-05,5.886815479527741e-10,0
5077,0,0,0.08327782154083252,0.004361878149211407,0
5078,8,8,1.8692007870413363e-05,9.662622091344275e-11,0
5079,1,1,0.050176605582237244,0.0012057062704116106,0
5080,7,7,0.0014334432780742645,1.482125185248151e-06,0
5081,5,3,0.09026110172271729,0.0034686760045588017,1
5082,6,6,0.012629233300685883,5.9686379245249555e-05,0
5083,9,9,7.333527901209891e-05,2.0036392545108583e-09,0
5084,3,3,0.049352169036865234,0.001347518409602344,0
5085,2,2,0.07924044132232666,0.007204764988273382,0
5086,3,3,0.09442117810249329,0.0024099622387439013,0
5087,9,9,0.0028814049437642097,2.622545707708923e-06,0
5088,8,3,0.08041036128997803,0.002479665447026491,1
5089,6,6,0.0008034233469516039,1.465305956571683e-07,0
5090,1,1,0.0624769926071167,0.0013718452537432313,0
5091,0,0,0.00011838879436254501,3.39021544171203e-09,0
5092,9,9,0.001279925461858511,4.647616549391387e-07,0
5093,0,2,0.21062374114990234,0.009438453242182732,1
5094,9,9,8.950511983130127e-06,1.487036882519277e-11,0
5095,8,8,0.00018574728164821863,1.4133002324001609e-08,0
5096,7,7,0.004300899803638458,5.315474936651299e-06,0
5097,7,7,0.00927831046283245,3.287763684056699e-05,0
5098,5,2,0.08540958166122437,0.0017464638222008944,1
5099,2,2,0.04604195058345795,0.0005423128604888916,0
5100,3,3,0.0559535026550293,0.004112007096409798,0
5101,5,5,0.06090831756591797,0.0014781702775508165,0
5102,5,3,0.10415005683898926,0.003713932354003191,1
5103,7,7,0.03420979902148247,0.0004932651063427329,0
5104,8,8,0.0015764310956001282,5.311138124852732e-07,0
5105,7,7,0.0015800176188349724,1.2699276794592151e-06,0
5106,6,5,0.08882570266723633,0.003626294434070587,1
5107,9,9,7.067393744364381e-05,1.355619505538641e-09,0
5108,1,1,0.0009376015514135361,3.154629268919962e-07,0
5109,9,9,0.0010905470699071884,4.4421159373086994e-07,0
5110,8,8,0.0008670559618622065,2.1084042600705288e-07,0
5111,6,6,0.002320508472621441,2.134810983989155e-06,0
5112,5,2,0.19455087184906006,0.00881858542561531,1
5113,6,6,0.007055550813674927,1.886617610580288e-05,0
5114,7,7,7.842140803404618e-08,9.074067452291557e-15,0
5115,5,3,0.049739301204681396,0.001524120569229126,1
5116,6,6,0.1669604778289795,0.009199903346598148,0
5117,7,7,0.01077166199684143,3.0167018849169835e-05,0
5118,2,2,0.16667020320892334,0.007534824311733246,0
5119,5,5,0.04386475682258606,0.0011747429380193353,0
5120,9,9,0.0030161719769239426,2.1052389911346836e-06,0
5121,6,6,0.00013596127973869443,7.612770858145268e-09,0
5122,6,6,0.09729829430580139,0.003467267844825983,0
5123,7,7,0.13990038633346558,0.005900470074266195,0
5124,0,0,0.002085522748529911,1.4291547358880052e-06,0
5125,1,1,0.00023578130640089512,2.8900444704049733e-08,0
5126,0,0,0.01164264976978302,5.3902098443359137e-05,0
5127,1,1,0.009483173489570618,4.858977990807034e-05,0
5128,3,2,0.15439611673355103,0.009221191518008709,1
5129,2,6,0.07607638835906982,0.004809265024960041,1
5130,5,2,0.2698257565498352,0.014503355138003826,1
5131,6,6,7.356307469308376e-05,1.785944170329401e-09,0
5132,1,1,0.00013073731679469347,4.138856812829772e-09,0
5133,2,2,0.00020869472064077854,1.0384137993924014e-08,0
5134,5,3,0.1259673833847046,0.00373373506590724,1
5135,1,1,3.22928826790303e-07,6.053563547788951e-14,0
5136,9,9,0.0005816579796373844,1.0043256537528578e-07,0
5137,9,9,2.760714414762333e-05,3.571939410917935e-10,0
5138,8,8,0.0002990595530718565,5.015975901301317e-08,0
5139,6,6,0.0029228441417217255,2.8650256354012527e-06,0
5140,8,8,0.0004762173630297184,6.59602008568072e-08,0
5141,6,3,0.08242177963256836,0.002001912798732519,1
5142,8,8,0.004617752507328987,8.782875738688745e-06,0
5143,9,9,2.7737096388591453e-06,3.5837541701583264e-12,0
5144,0,0,0.023070380091667175,0.0002524960145819932,0
5145,4,4,0.008574970066547394,3.649527934612706e-05,0
5146,0,0,0.0012766639702022076,3.320915880067332e-07,0
5147,3,3,0.009507276117801666,8.186757622752339e-05,0
5148,3,3,0.04230470955371857,0.0012005874887108803,0
5149,6,6,2.8230686439201236e-05,3.085384447931716e-10,0
5150,4,4,0.03284101188182831,0.0003671241574920714,0
5151,9,6,0.14353227615356445,0.006199576426297426,1
5152,9,9,0.07278692722320557,0.0012890081852674484,0
5153,7,7,0.012356221675872803,5.867487197974697e-05,0
5154,2,2,0.009411446750164032,4.793329935637303e-05,0
5155,3,5,0.05767381191253662,0.004111596383154392,1
5156,5,5,0.46939563751220703,0.027680736035108566,0
5157,6,6,1.8999693566001952e-05,1.2787343406372997e-10,0
5158,4,5,0.09376358985900879,0.0038679391145706177,1
5159,6,6,0.005928175523877144,1.7896649296744727e-05,0
5160,0,0,5.452803452499211e-05,6.102567895460709e-10,0
5161,3,3,0.01152878999710083,0.00015605994849465787,0
5162,7,4,0.09826874732971191,0.003092849627137184,1
5163,5,3,0.035132378339767456,0.0013112707529217005,1
5164,0,0,0.0060174427926540375,1.2830181731260382e-05,0
5165,2,2,0.0059037767350673676,6.877855867060134e-06,0
5166,9,7,0.22937142848968506,0.01123042218387127,1
5167,2,2,0.007180709391832352,1.6568126739002764e-05,0
5168,7,7,0.07376962900161743,0.00420967023819685,0
5169,2,2,0.0007840879261493683,1.521269581417073e-07,0
5170,9,9,0.006853574886918068,1.2555139619507827e-05,0
5171,2,2,0.007629575207829475,1.447116937924875e-05,0
5172,4,4,0.19989436864852905,0.011783062480390072,0
5173,0,0,0.05305890738964081,0.0013646222651004791,0
5174,6,6,0.0008240155875682831,3.538094404120784e-07,0
5175,6,6,0.00021758000366389751,9.583429161352797e-09,0
5176,3,9,0.0010644658468663692,2.395448461811611e-07,1
5177,4,4,0.029237478971481323,0.00029560798429884017,0
5178,5,5,0.0064844731241464615,2.271148332511075e-05,0
5179,5,5,0.05955243110656738,0.002889338880777359,0
5180,9,9,0.024190716445446014,0.00020542647689580917,0
5181,1,1,8.423335202678572e-07,2.4636339517915273e-13,0
5182,1,1,0.06592333316802979,0.002544267103075981,0
5183,4,4,0.0762212872505188,0.0019238681998103857,0
5184,4,4,0.13708633184432983,0.00452872458845377,0
5185,3,3,0.09283214807510376,0.0033107581548392773,0
5186,5,5,0.002896913792937994,3.7432753288157983e-06,0
5187,4,4,0.020835667848587036,0.00011226117931073532,0
5188,8,8,0.000205432646907866,1.9606124723736684e-08,0
5189,0,0,0.021936476230621338,0.0004953997558914125,0
5190,0,0,0.0007469612173736095,1.5733762381842098e-07,0
5191,3,3,0.034297049045562744,0.0006397213437594473,0
5192,9,1,0.05904972553253174,0.004624661058187485,1
5193,4,3,0.0922589898109436,0.004671922419220209,1
5194,7,3,0.24381953477859497,0.01285051554441452,1
5195,4,4,0.0719040036201477,0.0013100993819534779,0
5196,2,2,0.012310477904975414,6.329495954560116e-05,0
5197,8,8,0.2797130346298218,0.012061038985848427,0
5198,3,3,0.10924482345581055,0.0031950678676366806,0
5199,6,6,0.00405767560005188,5.228333066042978e-06,0
5200,3,5,0.1659877896308899,0.00843754131346941,1
5201,1,1,0.00041872099973261356,8.072326806995989e-08,0
5202,9,9,0.006058053113520145,9.736738320498262e-06,0
5203,6,6,0.16233664751052856,0.011067548766732216,0
5204,3,3,0.059871770441532135,0.001253221882507205,0
5205,8,8,0.007296331226825714,2.550311000959482e-05,0
5206,3,3,0.15307843685150146,0.005221845582127571,0
5207,8,8,0.28669273853302,0.01046098954975605,0
5208,4,4,0.01118747889995575,3.8366426451830193e-05,0
5209,7,7,1.6063146176747978e-05,6.701610100190436e-11,0
5210,5,5,0.008526153862476349,3.012595152540598e-05,0
5211,7,3,0.17047488689422607,0.007990805432200432,1
5212,5,5,0.01738189160823822,0.00019682310812640935,0
5213,3,4,0.12966078519821167,0.003575226292014122,1
5214,1,1,7.880669727455825e-06,2.2954494208193843e-11,0
5215,2,2,0.08388751745223999,0.0020915954373776913,0
5216,6,6,0.00025438086595386267,2.8887493286333665e-08,0
5217,1,1,0.001405574381351471,7.240245167849935e-07,0
5218,3,2,0.042237937450408936,0.0007875909213908017,1
5219,2,2,0.027160003781318665,0.00017920424579642713,0
5220,0,0,0.0012758288066834211,6.314876941360126e-07,0
5221,7,7,0.19669902324676514,0.0072439489886164665,0
5222,5,5,0.0004299927968531847,7.579056671147555e-08,0
5223,0,0,0.0011534583754837513,5.652952950185863e-07,0
5224,0,3,0.15977132320404053,0.006128625012934208,1
5225,0,0,0.0006568874232470989,1.0842148867595824e-07,0
5226,1,1,0.00026816560421139,2.980052116186016e-08,0
5227,4,6,0.02964700758457184,0.0008699931204319,1
5228,3,3,0.002506958320736885,4.034335688629653e-06,0
5229,5,3,0.13500016927719116,0.007436062209308147,1
5230,8,8,0.008804485201835632,1.645083466428332e-05,0
5231,4,4,0.016730375587940216,0.00013316786498762667,0
5232,3,3,0.14742165803909302,0.006558772176504135,0
5233,1,1,0.015614666044712067,0.00013432253035716712,0
5234,7,7,0.06301075220108032,0.0017191290389746428,0
5235,1,1,0.07803338766098022,0.003978168126195669,0
5236,0,0,0.028207436203956604,0.00023624513414688408,0
5237,4,2,0.09265053272247314,0.003585200058296323,1
5238,2,0,0.03382390737533569,0.0013547268463298678,1
5239,4,4,0.17934751510620117,0.0077211312018334866,0
5240,1,1,0.0024499408900737762,1.4245511010813061e-06,0
5241,4,6,0.10099214315414429,0.006441223435103893,1
5242,0,0,0.024425841867923737,0.00012301474635023624,0
5243,1,1,7.48925594962202e-06,2.1079327519601954e-11,0
5244,2,2,0.00855572335422039,3.570551416487433e-05,0
5245,1,1,3.697303441185795e-08,1.518941832663774e-15,0
5246,7,7,0.0021280450746417046,1.643264681661094e-06,0
5247,7,7,0.0019064471125602722,1.377006128677749e-06,0
5248,9,9,6.978580495342612e-05,1.0085922097502475e-09,0
5249,8,8,0.002937052398920059,3.2593179639661685e-06,0
5250,7,7,0.0011729937978088856,5.649815193464747e-07,0
5251,5,5,0.022729098796844482,0.00017869863950181752,0
5252,4,4,0.005120377987623215,6.001437668601284e-06,0
5253,0,0,8.001452079042792e-05,2.1728134846910052e-09,0
5254,9,9,0.0046287961304187775,1.0695664059312548e-05,0
5255,0,0,6.9379020715132356e-06,2.2556697829023697e-11,0
5256,0,0,0.001411578617990017,7.90224135016615e-07,0
5257,8,8,0.0024220775812864304,1.9789151792792836e-06,0
5258,2,2,0.0019583869725465775,9.57812062551966e-07,0
5259,0,0,0.003048079088330269,5.931367468292592e-06,0
5260,0,0,0.020757436752319336,0.0003291126631665975,0
5261,2,9,0.19545221328735352,0.009080087766051292,1
5262,4,4,0.0004263562150299549,3.66842272114809e-08,0
5263,8,8,6.745427526766434e-06,1.2373784288866041e-11,0
5264,6,6,1.0303789167664945e-05,4.5317805064115646e-11,0
5265,2,2,0.01204465702176094,3.956860746257007e-05,0
5266,4,4,0.007681727409362793,1.2701823834504467e-05,0
5267,6,6,0.0070019736886024475,2.4127893993863836e-05,0
5268,3,3,0.012361489236354828,6.16700854152441e-05,0
5269,5,5,0.004032714292407036,2.74858575721737e-06,0
5270,1,1,0.001957074273377657,1.929153313540155e-06,0
5271,5,4,0.14257550239562988,0.007161467336118221,1
5272,3,3,0.021147817373275757,0.000323024665703997,0
5273,7,7,0.2796294689178467,0.013943342491984367,0
5274,2,2,0.05224609375,0.0011028081644326448,0
5275,2,2,0.015152990818023682,6.0261671023909e-05,0
5276,9,9,0.002072609029710293,2.071505377898575e-06,0
5277,8,0,0.12383526563644409,0.008877172134816647,1
5278,0,0,0.02046668529510498,0.00017530434706714004,0
5279,0,0,0.09699268639087677,0.0037823847960680723,0
5280,0,0,0.12448525428771973,0.003320197807624936,0
5281,3,6,0.06844490766525269,0.0029677783604711294,1
5282,4,4,2.8720613045152277e-05,2.4070911930351713e-10,0
5283,4,4,0.13325762748718262,0.005077332723885775,0
5284,6,6,2.7415284421294928e-05,1.7806960073141198e-10,0
5285,1,1,0.0037930812686681747,6.656802725046873e-06,0
5286,6,6,0.015939902514219284,0.00011643611651379615,0
5287,7,7,0.11536675691604614,0.004618288483470678,0
5288,4,4,0.0001101101515814662,2.6251056883808133e-09,0
5289,4,4,0.014414563775062561,6.446309998864308e-05,0
5290,3,3,0.0894937515258789,0.004177540075033903,0
5291,9,9,0.3276126980781555,0.0185774527490139,0
5292,4,7,0.08506366610527039,0.002425635699182749,1
5293,0,0,0.022820115089416504,0.00033472670475021005,0
5294,8,8,0.005494169890880585,7.146525604184717e-06,0
5295,0,0,0.003692891448736191,4.296150109439623e-06,0
5296,4,4,0.0027944818139076233,1.9488163616188103e-06,0
5297,6,6,0.11421167850494385,0.00541591877117753,0
5298,5,5,0.033532410860061646,0.001583263510838151,0
5299,7,7,0.008256837725639343,3.271831519668922e-05,0
5300,9,9,0.0002794882748275995,3.4870328846636767e-08,0
5301,7,7,0.0029195845127105713,3.0660044103569817e-06,0
5302,0,0,0.0189208984375,0.000737913534976542,0
5303,5,5,0.01217508316040039,0.0001135453931055963,0
5304,7,7,0.004085289314389229,3.839298187813256e-06,0
5305,7,7,0.18162834644317627,0.009306656196713448,0
5306,3,3,0.0037060193717479706,1.0633130841597449e-05,0
5307,1,1,3.3360905945301056e-05,2.5476923348755065e-10,0
5308,9,9,0.0023325877264142036,1.1625825209193863e-06,0
5309,3,3,0.06958192586898804,0.005407862365245819,0
5310,0,0,0.0032119005918502808,6.079956619942095e-06,0
5311,9,1,0.05344343185424805,0.00347154145129025,1
5312,5,5,2.673797325769556e-07,1.3635639722919292e-14,0
5313,3,3,0.020098939538002014,0.00013337467680685222,0
5314,7,7,0.11265510320663452,0.0026368943508714437,0
5315,9,9,9.54832648858428e-05,2.6553150789254687e-09,0
5316,4,4,0.0015906286425888538,7.295148520825023e-07,0
5317,4,4,0.07470780611038208,0.002342632506042719,0
5318,1,1,0.132511705160141,0.003201620653271675,0
5319,7,7,8.226661520893686e-07,1.5352858416008142e-13,0
5320,7,7,0.03573165833950043,0.0004414031864143908,0
5321,1,1,0.003569742664694786,6.174022473715013e-06,0
5322,4,4,0.0016744383610785007,1.035894570122764e-06,0
5323,1,1,1.958644588739844e-07,7.125950965912974e-15,0
5324,2,0,0.22189819812774658,0.01003271248191595,1
5325,8,8,0.0005093268118798733,8.183726407651193e-08,0
5326,7,7,0.007934799417853355,1.4736225239175837e-05,0
5327,0,0,0.037850573658943176,0.00042278337059542537,0
5328,0,0,0.0042976997792720795,3.996166014985647e-06,0
5329,4,4,0.008903158828616142,1.5120740499696694e-05,0
5330,7,6,0.122597336769104,0.005318088456988335,1
5331,2,2,0.0005504242144525051,6.315882217222679e-08,0
5332,9,9,0.00019849010277539492,1.133448357393263e-08,0
5333,7,7,0.004976029507815838,8.625122063676827e-06,0
5334,6,6,0.031212642788887024,0.00040738697862252593,0
5335,9,9,0.03956709802150726,0.00034990403219126165,0
5336,3,3,0.00015561631880700588,1.0935628402819475e-08,0
5337,5,5,0.03096100687980652,0.00027965783374384046,0
5338,8,1,0.22002196311950684,0.009957907721400261,1
5339,0,0,5.822911043651402e-05,6.868068891385803e-10,0
5340,3,4,0.020076695829629898,0.00012595209409482777,1
5341,6,6,0.0011846213601529598,4.2246671227985644e-07,0
5342,8,8,0.00039179809391498566,6.206724378898798e-08,0
5343,3,3,0.03579232096672058,0.0004159730451647192,0
5344,2,4,0.11013680696487427,0.007411749102175236,1
5345,4,4,0.05691403150558472,0.0008295831503346562,0
5346,7,7,0.011122725903987885,4.362511390354484e-05,0
5347,1,1,0.006825730204582214,2.2455042198998854e-05,0
5348,1,1,1.2501855962909758e-05,5.8960988869039e-11,0
5349,3,3,0.0032441578805446625,4.277695552445948e-06,0
5350,9,9,0.01596388965845108,0.000139412353746593,0
5351,7,7,0.0014093304052948952,4.448702384252101e-07,0
5352,5,5,0.02407240867614746,0.00021276685583870858,0
5353,1,1,0.0004600756801664829,8.247370431035961e-08,0
5354,0,4,0.16472649574279785,0.009896406903862953,1
5355,8,8,5.9546728152781725e-05,8.47100778411658e-10,0
5356,7,7,0.0005063123535364866,1.1007591638190206e-07,0
5357,0,0,0.019318558275699615,0.00010727902554208413,0
5358,1,1,0.0023988690227270126,3.2253185509034665e-06,0
5359,6,6,0.001871420070528984,7.086129016897758e-07,0
5360,9,9,0.0007276863325387239,2.2198742044565734e-07,0
5361,3,3,0.14633262157440186,0.008294837549328804,0
5362,2,2,2.835085615515709e-05,2.377919527951633e-10,0
5363,7,7,0.0010029617697000504,3.917702429134806e-07,0
5364,7,7,0.074188232421875,0.0011592211667448282,0
5365,8,8,0.02388077974319458,0.00013666556333191693,0
5366,1,1,0.07675784826278687,0.0020292075350880623,0
5367,0,0,0.018773071467876434,9.216603939421475e-05,0
5368,3,3,0.01609746366739273,9.033259993884712e-05,0
5369,4,2,0.050301969051361084,0.000831079320050776,1
5370,6,6,0.010897569358348846,5.6635231885593385e-05,0
5371,7,7,0.03026289865374565,0.0003288823354523629,0
5372,5,5,0.13695043325424194,0.005820262245833874,0
5373,2,2,0.0014147027395665646,7.710674481131718e-07,0
5374,0,0,0.0352037250995636,0.0006940624443814158,0
5375,1,1,0.01897658407688141,0.00014780182391405106,0
5376,5,5,0.01401442289352417,0.00022980877838563174,0
5377,5,5,0.055077552795410156,0.0010470572160556912,0
5378,1,1,0.0001502258819527924,1.0981215936567423e-08,0
5379,4,4,0.02211228758096695,0.00016149439034052193,0
5380,1,1,0.12787678837776184,0.0061353049241006374,0
5381,3,3,0.0016466742381453514,1.4679835658171214e-06,0
5382,0,0,0.0006059897132217884,5.84903609990306e-08,0
5383,8,8,0.0030328109860420227,1.6581537920501432e-06,0
5384,6,6,9.164138464257121e-05,2.8798821105624484e-09,0
5385,2,2,0.05661368370056152,0.0011121019488200545,0
5386,1,1,0.00010808400111272931,4.3066905597299865e-09,0
5387,3,6,0.22136861085891724,0.013283719308674335,1
5388,6,3,0.05694645643234253,0.0022925655357539654,1
5389,4,4,0.02349051833152771,0.00015147995145525783,0
5390,1,1,0.0018026488833129406,6.795927447456052e-07,0
5391,9,9,0.011532384902238846,4.711493966169655e-05,0
5392,0,9,0.07700926065444946,0.002509013982489705,1
5393,4,4,0.1505516767501831,0.008351187221705914,0
5394,1,1,4.875563899986446e-05,9.264723987989498e-10,0
5395,0,0,0.021536290645599365,0.00024844863219186664,0
5396,1,1,0.001416564453393221,1.0914798167505069e-06,0
5397,9,9,0.0006211381405591965,1.0191057242536772e-07,0
5398,8,0,0.14075958728790283,0.006832311861217022,1
5399,6,6,0.18794560432434082,0.015022295527160168,0
5400,9,9,0.00032399571500718594,3.5003317577775306e-08,0
5401,2,2,0.0374307781457901,0.0009600800694897771,0
5402,4,4,0.00014669203665107489,7.22381710005493e-09,0
5403,7,7,2.2711312340106815e-05,2.0171904424604037e-10,0
5404,2,2,0.030007094144821167,0.0002381780359428376,0
5405,2,2,0.030438482761383057,0.0014451320748776197,0
5406,7,7,0.003132179379463196,5.020693606638815e-06,0
5407,4,7,0.07979429513216019,0.0022857277654111385,1
5408,9,9,0.0004991494351997972,9.80501937419831e-08,0
5409,1,1,0.0032423781231045723,1.6368609294659109e-06,0
5410,3,7,0.08565598726272583,0.0031284671276807785,1
5411,2,2,0.08169323205947876,0.005412714090198278,0
5412,6,6,3.97797703044489e-06,5.410102487529711e-12,0
5413,3,3,0.030239224433898926,0.0028028967790305614,0
5414,4,4,0.004342079162597656,7.190761152742198e-06,0
5415,4,4,0.02214619517326355,0.000322681269608438,0
5416,9,1,0.000832670833915472,2.9869480044908414e-07,1
5417,4,4,0.016560740768909454,8.733037248020992e-05,0
5418,8,8,0.038927920162677765,0.00031367194605991244,0
5419,2,2,0.0868157148361206,0.005410567857325077,0
5420,6,6,0.00043756619561463594,7.56276321567384e-08,0
5421,6,6,0.0042910948395729065,5.519288606592454e-06,0
5422,1,1,0.0003290402237325907,3.853711660894987e-08,0
5423,6,6,5.1550930947996676e-05,5.895032795244504e-10,0
5424,3,3,0.025380492210388184,0.0005457177176140249,0
5425,6,6,0.0072984956204891205,1.853375943028368e-05,0
5426,5,3,0.038544923067092896,0.0014940934488549829,1
5427,8,8,0.0001856866292655468,1.2547626049297378e-08,0
5428,4,4,0.009985342621803284,2.479829163348768e-05,0
5429,6,6,0.001022931421175599,2.4860489133970987e-07,0
5430,7,7,0.020675264298915863,0.0002458677627146244,0
5431,1,1,4.356058980192756e-08,7.872606909027613e-16,0
5432,9,9,0.00029960472602397203,1.6798811230955835e-08,0
5433,3,5,0.10736948251724243,0.005405398551374674,1
5434,6,6,0.0426335334777832,0.0006719488883391023,0
5435,7,4,0.19064700603485107,0.005701511166989803,1
5436,6,6,0.013554193079471588,6.65719126118347e-05,0
5437,0,0,0.008869973942637444,1.671556856308598e-05,0
5438,7,7,0.009953886270523071,4.789396552951075e-05,0
5439,1,1,0.0009780153632164001,4.4789689468416327e-07,0
5440,9,9,4.306199843995273e-05,8.562229258934906e-10,0
5441,5,3,0.05203652381896973,0.001970951911062002,1
5442,2,2,0.00011508725583553314,2.3147050942640135e-09,0
5443,6,0,0.2276918888092041,0.010051330551505089,1
5444,7,7,0.0014045555144548416,8.723803262000729e-07,0
5445,7,7,0.0017080949619412422,1.0950202522508334e-06,0
5446,6,6,0.1862965226173401,0.00507619883865118,0
5447,5,5,0.04914145916700363,0.0013440442271530628,0
5448,9,9,8.706738299224526e-06,2.143556165901117e-11,0
5449,1,1,1.871921995189041e-06,9.005017868532472e-13,0
5450,5,5,0.08192521333694458,0.003018536139279604,0
5451,6,6,0.00026865978725254536,1.7925334105939328e-08,0
5452,0,0,0.0009653689339756966,2.3469280563404027e-07,0
5453,2,2,0.10812240839004517,0.0019562526140362024,0
5454,0,0,0.010840415954589844,6.40502548776567e-05,0
5455,9,1,0.1682955026626587,0.00766377616673708,1
5456,1,1,0.1283056139945984,0.005577049683779478,0
5457,8,8,3.619393282860983e-07,5.566116754248014e-14,0
5458,3,6,0.019350990653038025,0.00016338532441295683,1
5459,5,5,0.04529595375061035,0.0010649895993992686,0
5460,0,0,0.08167019486427307,0.0026686557102948427,0
5461,0,2,0.19506889581680298,0.009697610512375832,1
5462,0,0,0.005373463034629822,2.1785641365568154e-05,0
5463,5,5,0.04266592860221863,0.002102042781189084,0
5464,7,7,0.0019608307629823685,1.042684289132012e-06,0
5465,7,7,0.0006326744332909584,1.7480194003383076e-07,0
5466,8,8,0.07440181076526642,0.0012880770955234766,0
5467,5,5,0.059684574604034424,0.0019700576085597277,0
5468,5,3,0.0484546422958374,0.002374643925577402,1
5469,5,5,0.06405177712440491,0.002816277788951993,0
5470,1,1,2.2503125364892185e-05,1.5800527553011534e-10,0
5471,6,6,0.0028874296694993973,4.564175469567999e-06,0
5472,1,1,0.0004369590897113085,9.359620634086241e-08,0
5473,5,5,0.0033783167600631714,7.73323881730903e-06,0
5474,1,1,0.0005830656737089157,1.0660700411335711e-07,0
5475,0,0,3.387573815416545e-05,5.615842235684454e-10,0
5476,6,6,0.010214149951934814,5.697410597349517e-05,0
5477,2,2,0.0004099636571481824,7.02670632790614e-08,0
5478,3,3,0.0009324923157691956,5.074231808066543e-07,0
5479,2,2,0.02565418928861618,0.00021477967675309628,0
5480,1,1,0.008104863576591015,3.0178000088199042e-05,0
5481,7,7,0.007597204297780991,1.3490600395016372e-05,0
5482,5,5,0.0921979546546936,0.002230866113677621,0
5483,1,1,0.0008008722215890884,4.0549062418904214e-07,0
5484,9,9,1.0618674423312768e-05,5.0259650608008855e-11,0
5485,8,8,0.0013985242694616318,6.894820216984954e-07,0
5486,3,3,0.0786018967628479,0.0026371837593615055,0
5487,6,3,0.04344707727432251,0.0009106255020014942,1
5488,9,9,0.02075386792421341,9.871245129033923e-05,0
5489,7,7,0.0267837792634964,0.000176575718796812,0
5490,3,5,0.06867361068725586,0.004792493302375078,1
5491,0,0,0.007042607292532921,1.4312815437733661e-05,0
5492,2,2,0.006731200963258743,1.99260248336941e-05,0
5493,3,3,0.05446511507034302,0.0024108835496008396,0
5494,9,9,0.0014222352765500546,7.095948717505962e-07,0
5495,4,4,0.00897408276796341,1.566872924740892e-05,0
5496,4,4,0.028012186288833618,0.00036506474134512246,0
5497,3,3,0.011147886514663696,6.007374759064987e-05,0
5498,9,9,0.0007476313039660454,2.6618857873472734e-07,0
5499,6,6,0.0004726510960608721,6.688548381816872e-08,0
5500,8,8,0.002360675483942032,1.7986118336921209e-06,0
5501,6,6,0.002341022714972496,1.2580162547237705e-06,0
5502,6,6,3.256884519942105e-05,3.128337866531439e-10,0
5503,8,8,0.00019822968170046806,1.8766286302707158e-08,0
5504,5,5,0.03121018409729004,0.0006197703769430518,0
5505,4,4,0.002509884536266327,1.987368932532263e-06,0
5506,3,4,0.021046318113803864,0.00010387449583504349,1
5507,6,6,0.00486905500292778,1.009139305097051e-05,0
5508,7,7,0.01747196912765503,0.00017542466230224818,0
5509,7,7,0.0013599097728729248,3.325917816709989e-07,0
5510,4,4,0.012098200619220734,0.00010618184751365334,0
5511,3,6,0.0007012588903307915,1.504056257317643e-07,1
5512,9,9,0.13936525583267212,0.003842930542305112,0
5513,6,6,0.006791304796934128,1.512352901045233e-05,0
5514,2,2,0.0011953595094382763,6.067950266697153e-07,0
5515,4,4,0.0032389331609010696,3.593156407077913e-06,0
5516,0,0,0.10674029588699341,0.003312972839921713,0
5517,1,0,0.23725998401641846,0.010820441879332066,1
5518,3,3,0.10317003726959229,0.004198166076093912,0
5519,6,6,0.004594985395669937,9.263777428714093e-06,0
5520,4,4,0.027809791266918182,0.00017717844457365572,0
5521,9,9,1.4655634004157037e-05,5.599581909265794e-11,0
5522,2,2,0.16134357452392578,0.01230117492377758,0
5523,6,6,5.781569052487612e-05,1.062370413862368e-09,0
5524,0,0,0.005720756947994232,9.471549674344715e-06,0
5525,3,3,0.28103524446487427,0.0118635268881917,0
5526,8,8,6.152563400974032e-07,1.2154055431361221e-13,0
5527,7,7,9.706206037662923e-05,3.92771282164972e-09,0
5528,5,5,0.0001677688560448587,8.131877393680043e-09,0
5529,3,8,0.32223406434059143,0.02307252213358879,1
5530,3,3,0.0501866340637207,0.0015471953665837646,0
5531,8,8,0.0016527557745575905,1.2191280802653637e-06,0
5532,3,2,0.09512722492218018,0.007501410786062479,1
5533,2,2,4.6176137402653694e-05,3.6270311754016404e-10,0
5534,6,6,0.048425257205963135,0.0010053919395431876,0
5535,3,3,0.0101238451898098,4.661230559577234e-05,0
5536,6,6,0.00024088681675493717,2.0447938453571624e-08,0
5537,2,2,0.2000027894973755,0.006419955287128687,0
5538,7,7,0.009326949715614319,1.8699456632020883e-05,0
5539,4,4,0.03037846088409424,0.00028924172511324286,0
5540,5,5,0.012142196297645569,3.623753582360223e-05,0
5541,7,7,0.00016913388390094042,1.081965894655923e-08,0
5542,9,9,1.9780445654760115e-06,1.3257112421727335e-12,0
5543,0,0,0.0012011956423521042,8.513455327374686e-07,0
5544,0,0,0.14133775234222412,0.0056853811256587505,0
5545,6,6,0.003201482817530632,1.7518907498015324e-06,0
5546,7,7,0.0003174117300659418,4.4249361508263974e-08,0
5547,2,2,0.2487187385559082,0.011655363254249096,0
5548,8,0,0.010316818952560425,1.6290021449094638e-05,1
5549,5,5,0.022149264812469482,0.00025596076739020646,0
5550,5,5,0.03885459899902344,0.00266553508117795,0
5551,7,7,0.17018187046051025,0.005959411151707172,0
5552,5,5,0.03424830734729767,0.0003942997718695551,0
5553,5,5,0.0016519790515303612,1.3049997278358205e-06,0
5554,9,9,0.01157231256365776,4.508572237682529e-05,0
5555,4,4,0.025185689330101013,0.0003628418780863285,0
5556,6,6,0.03891216218471527,0.0004691015346907079,0
5557,4,4,0.09387457370758057,0.00378015311434865,0
5558,7,7,0.12328475713729858,0.0036021191626787186,0
5559,3,2,0.032261013984680176,0.0005079116672277451,1
5560,3,3,0.07614076137542725,0.005536082200706005,0
5561,6,6,0.00032821507193148136,1.8904902532312917e-08,0
5562,4,4,0.12459805607795715,0.006681181490421295,0
5563,1,1,0.038993269205093384,0.0014684457564726472,0
5564,6,6,0.0005990369245409966,5.830621674363101e-08,0
5565,3,3,0.01735580712556839,0.00013803641195409,0
5566,1,1,1.0661708074621856e-05,4.2389820820165625e-11,0
5567,6,6,0.004618879407644272,6.179666343086865e-06,0
5568,7,7,0.0005369046702980995,1.6293012095047743e-07,0
5569,0,0,0.0016929041594266891,8.274295169030665e-07,0
5570,5,5,1.8893937522079796e-05,1.0247530601859012e-10,0
5571,0,0,0.0051076337695121765,7.220770385174546e-06,0
5572,1,1,0.000171746127307415,8.818670238497361e-09,0
5573,9,9,0.009781531989574432,1.7041777027770877e-05,0
5574,7,7,1.7437923816032708e-06,7.744638264028936e-13,0
5575,3,3,0.025960907340049744,0.000516218482516706,0
5576,5,5,0.0005784239619970322,1.1737029126379639e-07,0
5577,2,4,0.02178141474723816,0.00024219928309321404,1
5578,3,3,0.07053416967391968,0.0013634462375193834,0
5579,9,9,0.08518892526626587,0.0029178045224398375,0
5580,5,5,0.12982505559921265,0.0058209700509905815,0
5581,6,6,0.08499163389205933,0.0026332212146371603,0
5582,4,5,0.10199177265167236,0.004479230381548405,1
5583,0,0,0.00027442071586847305,2.5606459175264717e-08,0
5584,0,0,0.00013818126171827316,9.37694899505459e-09,0
5585,0,0,0.06890322268009186,0.0020901686511933804,0
5586,8,8,0.04477851092815399,0.0012037941487506032,0
5587,0,0,2.642041363287717e-05,1.344977879069731e-10,0
5588,3,3,0.028725266456604004,0.0014729354297742248,0
5589,2,2,1.3521472283173352e-05,5.0260341027952293e-11,0
5590,4,4,0.007459338754415512,1.9012104530702345e-05,0
5591,5,5,0.019462302327156067,0.00025450202520005405,0
5592,3,3,0.05618476867675781,0.0011759616900235415,0
5593,7,7,0.0063966624438762665,1.2537585462268908e-05,0
5594,9,9,5.3656462114304304e-05,7.3135753009268e-10,0
5595,6,6,0.045612581074237823,0.00043029728112742305,0
5596,9,9,0.00023373693693429232,2.4132413400934638e-08,0
5597,3,2,0.14121896028518677,0.008854463696479797,1
5598,1,1,0.027877986431121826,0.00025823814212344587,0
5599,2,2,0.01940736174583435,0.00013587238208856434,0
5600,6,6,0.009331651031970978,4.2903993744403124e-05,0
5601,7,7,7.577921496704221e-05,1.8828516523683447e-09,0
5602,4,4,0.00016770767979323864,7.25444238014461e-09,0
5603,5,5,0.1189613938331604,0.0059176539070904255,0
5604,1,1,2.223177375526575e-08,3.674496687824935e-16,0
5605,3,3,0.12330770492553711,0.00510046724230051,0
5606,7,7,0.013091214001178741,3.7680867535527796e-05,0
5607,6,6,0.20044004917144775,0.006660752929747105,0
5608,9,9,3.505314452922903e-06,3.5417716936353427e-12,0
5609,5,3,0.07589179277420044,0.0016910945996642113,1
5610,8,2,0.10912638902664185,0.004236642271280289,1
5611,5,5,0.15394878387451172,0.007274172268807888,0
5612,8,8,0.0014434419572353363,6.575429551958223e-07,0
5613,5,5,0.04836907982826233,0.0008230337989516556,0
5614,8,8,5.3873052820563316e-05,9.616468732431827e-10,0
5615,5,5,0.01185574010014534,8.702151535544544e-05,0
5616,6,6,0.00017920916434377432,7.226314213681917e-09,0
5617,5,5,0.040285319089889526,0.0008663975750096142,0
5618,0,0,0.023121796548366547,0.00022837724827695638,0
5619,8,8,0.0014688801020383835,5.732450745199458e-07,0
5620,3,3,0.1276600956916809,0.005615479312837124,0
5621,8,8,0.05364079773426056,0.0005915415240451694,0
5622,1,1,0.0005581143777817488,8.24501427132418e-08,0
5623,8,8,0.0024516750127077103,2.5721703877934488e-06,0
5624,1,1,2.510021204216173e-07,2.169706742830707e-14,0
5625,5,5,0.10953301191329956,0.0044431728310883045,0
5626,0,0,0.0179889053106308,9.016066178446636e-05,0
5627,9,9,0.018817536532878876,0.00013324851170182228,0
5628,8,1,0.07782232761383057,0.0020225620828568935,1
5629,6,6,0.16179770231246948,0.007609560154378414,0
5630,3,3,0.03064781427383423,0.0005145298782736063,0
5631,6,6,0.023234352469444275,0.00021932848903816193,0
5632,3,5,0.17804551124572754,0.004695785231888294,1
5633,4,4,0.00022726203314960003,1.3337670523583256e-08,0
5634,4,2,0.21923309564590454,0.009210430085659027,1
5635,7,7,0.00419321283698082,8.13840415503364e-06,0
5636,4,4,0.022073470056056976,0.00013774407852906734,0
5637,7,7,0.005604110658168793,1.1959952644247096e-05,0
5638,4,4,0.008623261004686356,2.9904686016379856e-05,0
5639,3,3,0.15064439177513123,0.005645590368658304,0
5640,2,2,0.17508572340011597,0.008120158687233925,0
5641,4,4,0.001398114487528801,5.37991468263499e-07,0
5642,5,4,0.0012193294242024422,6.62752370317321e-07,1
5643,5,5,0.025163546204566956,0.0003158149484079331,0
5644,7,7,0.026994794607162476,0.00023337695165537298,0
5645,5,3,0.06073421239852905,0.00559622747823596,1
5646,4,4,0.12433969974517822,0.005799266509711742,0
5647,5,5,0.007156156003475189,1.706719740468543e-05,0
5648,8,8,0.15710526704788208,0.005107666831463575,0
5649,0,0,0.2583284378051758,0.014618419110774994,0
5650,5,5,0.014918968081474304,0.00013370676606427878,0
5651,4,4,0.00029976386576890945,4.4084618622264315e-08,0
5652,0,0,0.003392225131392479,4.216052730043884e-06,0
5653,5,5,0.0015404624864459038,6.973498898332764e-07,0
5654,4,4,0.004272919148206711,4.184895715297898e-06,0
5655,3,3,0.04180130362510681,0.0018760461825877428,0
5656,3,3,0.03992977738380432,0.0004945992841385305,0
5657,2,2,0.003739219158887863,2.2484477995021734e-06,0
5658,4,4,0.009369701147079468,5.011724351788871e-05,0
5659,2,2,0.1571747064590454,0.00828614179044962,0
5660,9,9,0.03237082064151764,0.0003348246682435274,0
5661,4,4,0.003056742250919342,3.958916295232484e-06,0
5662,8,8,0.003014892339706421,2.7680846415023552e-06,0
5663,8,8,0.00021975859999656677,1.3811009225150883e-08,0
5664,6,6,9.108469384955242e-06,2.1447800133134187e-11,0
5665,2,0,0.012872159481048584,0.0008454611524939537,1
5666,6,6,0.00708848237991333,1.4077270861889701e-05,0
5667,1,1,7.012911373749375e-05,1.9778358950617303e-09,0
5668,7,7,7.352991815423593e-06,2.3610275193264307e-11,0
5669,0,0,0.2921586036682129,0.013519796542823315,0
5670,4,4,0.01457197219133377,7.646945596206933e-05,0
5671,3,3,0.19533437490463257,0.015209147706627846,0
5672,8,8,8.146147592924535e-06,2.2943494326632674e-11,0
5673,5,5,0.0017832759767770767,1.2959474133822368e-06,0
5674,9,9,0.13617342710494995,0.004522501025348902,0
5675,7,7,0.005406400188803673,6.270569429034367e-06,0
5676,6,6,0.053660035133361816,0.0008674718555994332,0
5677,7,4,0.02007007598876953,0.0001917247864184901,1
5678,1,1,0.035899847745895386,0.0006481016171164811,0
5679,0,0,0.09624403715133667,0.003385932417586446,0
5680,2,2,0.1055634617805481,0.0022272763308137655,0
5681,3,3,0.09428489208221436,0.005126006435602903,0
5682,5,3,0.11792546510696411,0.007482405751943588,1
5683,6,6,0.001841038465499878,1.7380298231728375e-06,0
5684,7,7,0.0005965649615973234,1.0081603107892079e-07,0
5685,1,1,3.9215621654875576e-05,7.115616429409499e-10,0
5686,6,6,0.01087845116853714,5.1025192078668624e-05,0
5687,2,2,0.0008451924659311771,2.558438438882149e-07,0
5688,8,8,2.4834116629790515e-06,1.7419780895533421e-12,0
5689,3,3,0.009090915322303772,6.844311428721994e-05,0
5690,7,5,0.13621878623962402,0.005389172118157148,1
5691,2,2,0.005467789247632027,1.255183269677218e-05,0
5692,5,5,3.2164534786716104e-05,4.2690412316304105e-10,0
5693,7,7,0.0008528111502528191,3.1903027775115333e-07,0
5694,5,5,0.023826301097869873,0.0002485847217030823,0
5695,7,7,0.0007275373209267855,1.8237787458019739e-07,0
5696,7,7,0.001524144783616066,7.029408379821689e-07,0
5697,1,1,7.126298442017287e-05,2.2728783299896804e-09,0
5698,7,3,0.15628474950790405,0.008426640182733536,1
5699,4,4,8.484194040647708e-07,2.742981623088392e-13,0
5700,3,5,0.07245102524757385,0.002644824795424938,1
5701,3,3,0.04779231548309326,0.0021767313592135906,0
5702,4,4,0.004196608439087868,5.939813945587957e-06,0
5703,0,0,0.0010325293987989426,1.6315074446993094e-07,0
5704,4,4,0.007118497043848038,1.819592398533132e-05,0
5705,2,2,0.001246853731572628,4.3406481609054026e-07,0
5706,7,7,0.00012302998220548034,4.952245724609838e-09,0
5707,0,0,0.00814811885356903,2.5846873541013338e-05,0
5708,2,7,0.06059926748275757,0.0020408560521900654,1
5709,2,2,0.13274282217025757,0.005323491524904966,0
5710,6,6,0.0018739933148026466,1.4618240129493643e-06,0
5711,6,6,0.000588149530813098,1.298462564136571e-07,0
5712,2,2,0.02056967467069626,0.00018587916565593332,0
5713,5,5,0.014114361256361008,9.490046795690432e-05,0
5714,2,4,0.11484324932098389,0.004218355752527714,1
5715,6,6,0.008312713354825974,2.6432691811351106e-05,0
5716,0,0,0.02499297261238098,0.0007177653023973107,0
5717,6,6,0.0031234901398420334,3.4250908811372938e-06,0
5718,1,1,0.0929422378540039,0.004151924047619104,0
5719,2,5,0.012144997715950012,4.843542046728544e-05,1
5720,9,9,3.7388554119388573e-07,5.86311801518101e-14,0
5721,0,0,0.022262245416641235,0.0005664865020662546,0
5722,0,0,0.07383468747138977,0.002109423978254199,0
5723,1,1,0.0007443483918905258,1.8623687481067464e-07,0
5724,5,5,0.019195109605789185,0.000307912181597203,0
5725,5,5,0.06483229994773865,0.0027443678118288517,0
5726,1,1,0.13553577661514282,0.003810406196862459,0
5727,6,6,0.006812930107116699,1.4528246538247913e-05,0
5728,7,7,0.01136273518204689,7.950539293233305e-05,0
5729,8,8,0.001393187791109085,5.694416245205502e-07,0
5730,5,4,0.024484381079673767,0.00011361066572135314,1
5731,6,6,0.0027971304953098297,4.022311713924864e-06,0
5732,3,3,0.0198199599981308,0.00014501070836558938,0
5733,3,3,0.009865634143352509,0.00011502734560053796,0
5734,6,6,0.017753437161445618,0.0001300776784773916,0
5735,0,0,0.010514028370380402,7.812010153429583e-05,0
5736,9,9,0.022930189967155457,0.0002529677876736969,0
5737,9,9,0.005461292341351509,6.463419595093001e-06,0
5738,2,2,0.003012295812368393,2.576315409896779e-06,0
5739,2,2,0.0030609387904405594,3.7356549000833184e-06,0
5740,6,6,0.0016545341350138187,1.204437694468652e-06,0
5741,1,1,7.239344995468855e-05,2.20637130787793e-09,0
5742,4,4,0.04031673073768616,0.0006877125124447048,0
5743,6,6,0.0010700165294110775,2.858845959963219e-07,0
5744,2,2,8.198915747925639e-05,1.9746633217465615e-09,0
5745,5,5,0.008053969591856003,3.7411875382531434e-05,0
5746,7,7,0.00457729771733284,6.315410246315878e-06,0
5747,8,0,0.09762847423553467,0.005044263321906328,1
5748,8,8,0.002458099275827408,1.9684850940393517e-06,0
5749,5,3,0.017648443579673767,0.00018022693984676152,1
5750,6,6,0.0014862660318613052,2.9205753548922075e-07,0
5751,4,4,0.011147167533636093,4.2876370571320876e-05,0
5752,3,9,0.25161945819854736,0.01371725369244814,1
5753,2,2,0.0033648377284407616,5.043585133535089e-06,0
5754,3,3,0.008683450520038605,6.24079184490256e-05,0
5755,4,4,0.0999639630317688,0.0034313190262764692,0
5756,4,4,0.00010187691077589989,2.1592323484753706e-09,0
5757,4,4,0.0025407280772924423,2.0947534267179435e-06,0
5758,8,8,4.4581538531929255e-05,3.5780431395515677e-10,0
5759,9,9,0.00950959324836731,5.07065087731462e-05,0
5760,2,2,0.006890151649713516,9.914433576341253e-06,0
5761,6,6,2.9102127882651985e-05,2.2273698163655098e-10,0
5762,0,0,0.0018425369635224342,1.4631802969233831e-06,0
5763,9,9,0.14787332713603973,0.007134051062166691,0
5764,7,7,0.0004793033003807068,4.448143897661794e-08,0
5765,9,9,3.820871643256396e-05,5.629546828700427e-10,0
5766,8,8,0.0036478880792856216,4.418646767589962e-06,0
5767,7,7,0.00013789953663945198,5.4013922223816735e-09,0
5768,7,7,0.0001406475785188377,7.330073437117335e-09,0
5769,3,3,0.00946643203496933,3.597262184484862e-05,0
5770,8,8,8.206526399590075e-05,1.222272394407753e-09,0
5771,2,2,0.04585765302181244,0.0007617188966833055,0
5772,9,9,1.1602992344705854e-06,6.792965712501542e-13,0
5773,3,3,0.004094775766134262,3.347880920046009e-06,0
5774,5,5,0.024402856826782227,0.0007273327792063355,0
5775,7,7,0.0006724400445818901,1.4763277533802466e-07,0
5776,5,5,0.018376298248767853,0.0001873043511295691,0
5777,8,8,3.125799139525043e-07,3.5380115585284186e-14,0
5778,7,7,0.0001000932534225285,3.1495055452523957e-09,0
5779,3,3,0.032979339361190796,0.000352284696418792,0
5780,7,7,7.67837991588749e-06,1.5522664750799997e-11,0
5781,0,0,0.010252304375171661,4.272774822311476e-05,0
5782,7,7,0.00879073515534401,3.204658059985377e-05,0
5783,1,9,0.021226447075605392,0.00015131072723306715,1
5784,6,6,0.0004186723381280899,3.482918486952258e-08,0
5785,2,2,7.532289600931108e-06,1.8402914608861565e-11,0
5786,4,4,0.005272731184959412,1.1996701687166933e-05,0
5787,0,0,0.027275249361991882,0.00017752658459357917,0
5788,0,0,0.0005626175552606583,1.0744723510924814e-07,0
5789,2,2,3.5565142752602696e-05,3.7660868867916975e-10,0
5790,9,9,0.007082156836986542,1.8789578462019563e-05,0
5791,8,8,0.013365697115659714,5.985051393508911e-05,0
5792,2,2,0.011135496199131012,3.7871694075874984e-05,0
5793,8,8,0.0005487995222210884,5.392335467035991e-08,0
5794,7,0,0.08507198095321655,0.0019128171261399984,1
5795,7,4,0.11748063564300537,0.00837927870452404,1
5796,5,5,0.009999975562095642,3.3906948374351487e-05,0
5797,5,6,0.26416194438934326,0.016662348061800003,1
5798,0,0,0.00023692601826041937,1.624499645913602e-08,0
5799,1,1,0.04644925892353058,0.0005441296380013227,0
5800,2,2,0.0008633490651845932,1.1696651824877335e-07,0
5801,9,9,8.497812086716294e-05,3.208681764732546e-09,0
5802,6,6,0.06828820705413818,0.0016947397962212563,0
5803,1,1,0.24761509895324707,0.015036771073937416,0
5804,0,0,0.010757729411125183,2.8186052077217028e-05,0
5805,1,1,0.012576565146446228,9.045215847436339e-05,0
5806,0,0,0.00140431709587574,5.705587682314217e-07,0
5807,6,6,5.105634045321494e-06,8.222218912667945e-12,0
5808,5,5,0.10954329371452332,0.004323476459830999,0
5809,0,0,0.24462628364562988,0.01029155682772398,0
5810,5,5,0.0020143939182162285,1.8873221279136487e-06,0
5811,7,7,0.009238746017217636,2.84491507045459e-05,0
5812,4,4,0.037196338176727295,0.0004384953936096281,0
5813,4,4,0.023293204605579376,0.0001289591600652784,0
5814,8,8,0.1044003963470459,0.006070963107049465,0
5815,3,3,0.14113378524780273,0.006935738027095795,0
5816,5,5,0.015006013214588165,0.00012689034338109195,0
5817,3,3,0.23485243320465088,0.01445548515766859,0
5818,7,7,1.3505894457921386e-05,9.169114772999976e-11,0
5819,2,2,0.019849859178066254,0.00013661518460139632,0
5820,5,5,0.050560832023620605,0.0034351267386227846,0
5821,8,8,0.1174905002117157,0.003151423530653119,0
5822,3,3,0.06415462493896484,0.0016965868417173624,0
5823,5,5,0.00027058005798608065,2.748437033517348e-08,0
5824,7,7,0.014717135578393936,4.780979725182988e-05,0
5825,3,3,0.08377860486507416,0.0015722481766715646,0
5826,7,7,0.02200770378112793,0.00015780083776917309,0
5827,0,0,0.05464744567871094,0.0019715712405741215,0
5828,5,5,0.005180646665394306,9.60845409281319e-06,0
5829,4,4,0.0013222992420196533,3.0023173280824267e-07,0
5830,5,3,0.014901190996170044,0.00024072018277365714,1
5831,6,6,0.08847558498382568,0.002297920873388648,0
5832,9,9,0.021652482450008392,0.0002790872531477362,0
5833,3,3,0.08895325660705566,0.0033618654124438763,0
5834,5,5,0.005201110616326332,1.5560382962576114e-05,0
5835,3,5,0.20922017097473145,0.007368570659309626,1
5836,8,8,0.003548162057995796,2.858053676391137e-06,0
5837,2,2,0.10616043210029602,0.0028296695090830326,0
5838,4,4,0.0007951173465698957,2.3749603883516102e-07,0
5839,2,2,0.0025820815935730934,2.6367622467660112e-06,0
5840,2,2,0.003589276224374771,5.272905127640115e-06,0
5841,6,6,0.009612195193767548,3.869938518619165e-05,0
5842,7,7,0.005849283188581467,7.110297701728996e-06,0
5843,6,6,0.0028525060042738914,2.384095978413825e-06,0
5844,0,0,0.0085466168820858,3.937970905099064e-05,0
5845,5,5,2.5605331757105887e-05,1.894235601707095e-10,0
5846,5,5,0.0005578867858275771,7.252081246633679e-08,0
5847,8,8,0.0018326202407479286,7.273683308994805e-07,0
5848,4,4,0.004143629223108292,4.0978511606226675e-06,0
5849,5,3,0.06029897928237915,0.003546902909874916,1
5850,6,6,0.008522279560565948,2.213584230048582e-05,0
5851,1,1,0.0014877133071422577,1.2336040526861325e-06,0
5852,3,3,0.07270437479019165,0.002519305795431137,0
5853,5,5,0.008583770133554935,3.2065050618257374e-05,0
5854,4,4,0.17080998420715332,0.008862899616360664,0
5855,7,5,0.240301251411438,0.010336054489016533,1
5856,3,5,0.0779910683631897,0.0057767233811318874,1
5857,0,0,0.01785094290971756,5.197992504690774e-05,0
5858,7,7,0.01539861410856247,0.00010658935934770852,0
5859,2,2,0.02424509823322296,0.000282990193227306,0
5860,0,0,0.016814038157463074,6.77228526910767e-05,0
5861,1,1,0.001972366590052843,1.7804389926823205e-06,0
5862,2,5,0.1403164267539978,0.008797240443527699,1
5863,4,4,0.00010171360918320715,2.8957864994794136e-09,0
5864,9,9,0.1746605634689331,0.010619687847793102,0
5865,6,6,0.0032235942780971527,4.162521690886933e-06,0
5866,4,4,0.00419682078063488,3.935447239200585e-06,0
5867,5,5,0.006238419562578201,1.0804037628986407e-05,0
5868,9,9,0.051989853382110596,0.0008536845562048256,0
5869,7,7,0.0013392549008131027,6.717020255564421e-07,0
5870,7,3,0.18848299980163574,0.009650036692619324,1
5871,6,6,0.15282857418060303,0.00775372888892889,0
5872,7,7,0.11194109916687012,0.005771638359874487,0
5873,4,4,0.05458831787109375,0.0011514851357787848,0
5874,3,3,0.06318378448486328,0.0022019112948328257,0
5875,1,1,0.0012324606068432331,4.2993988813577744e-07,0
5876,6,6,0.0062198881059885025,8.70820804266259e-06,0
5877,9,9,1.063556283042999e-06,4.630107061642796e-13,0
5878,4,4,0.06783324480056763,0.0019591336604207754,0
5879,8,8,1.485572283854708e-06,4.2898944487869406e-13,0
5880,0,0,0.00012397405225783587,4.594089553222602e-09,0
5881,3,5,0.010573968291282654,5.415721170720644e-05,1
5882,1,9,0.011093467473983765,0.00010494452726561576,1
5883,6,3,0.1659032702445984,0.00826350785791874,1
5884,4,4,0.0007533954922109842,2.522771751500841e-07,0
5885,4,4,0.0003693609032779932,2.5063263464630836e-08,0
5886,2,3,0.10534453392028809,0.0037192609161138535,1
5887,1,1,0.0006615400779992342,9.974034043125357e-08,0
5888,4,4,0.01195446029305458,4.426646410138346e-05,0
5889,6,6,0.05638706684112549,0.0027587588410824537,0
5890,3,3,0.10074520111083984,0.0032160182017832994,0
5891,0,0,0.00675172358751297,1.866609090939164e-05,0
5892,8,8,0.004612511955201626,8.717661330592819e-06,0
5893,9,0,0.006943657994270325,3.500478123896755e-05,1
5894,7,7,0.004233991727232933,4.807838649867335e-06,0
5895,6,6,0.000112871581222862,2.676751931218746e-09,0
5896,8,9,0.11070427298545837,0.005000702105462551,1
5897,4,4,0.06547099351882935,0.002479773946106434,0
5898,8,8,0.16329920291900635,0.007822517305612564,0
5899,1,1,0.0005580162396654487,8.930096129233789e-08,0
5900,4,3,0.18090307712554932,0.009335163049399853,1
5901,5,5,0.1199154257774353,0.005146473180502653,0
5902,9,9,0.00254922267049551,2.135101794920047e-06,0
5903,4,5,0.10609376430511475,0.005475868470966816,1
5904,7,7,0.003262762911617756,4.895123765891185e-06,0
5905,1,1,0.0005024455022066832,5.963573812550749e-08,0
5906,4,4,0.00044866278767585754,4.978290490953441e-08,0
5907,5,5,0.06976503133773804,0.0025655627250671387,0
5908,3,4,0.20631712675094604,0.009892509318888187,1
5909,1,1,0.02961885929107666,0.00022629147861152887,0
5910,2,3,0.09307491779327393,0.006849313620477915,1
5911,6,6,0.09844052791595459,0.0030502586159855127,0
5912,4,4,0.05531001463532448,0.000798070163000375,0
5913,7,7,1.1029987945221364e-05,4.97035190782924e-11,0
5914,1,1,0.1334618330001831,0.007797177881002426,0
5915,5,5,0.09772762656211853,0.006923539098352194,0
5916,9,9,0.0019244654104113579,9.942448286892613e-07,0
5917,3,2,0.014056824147701263,7.7204400440678e-05,1
5918,1,1,2.68365147348959e-06,4.009828493550804e-12,0
5919,4,2,0.28190529346466064,0.013165613636374474,1
5920,8,8,0.0001951477024704218,1.601391019789844e-08,0
5921,7,7,0.003311747685074806,1.7694923144517816e-06,0
5922,7,7,0.00012514326954260468,4.470451564486666e-09,0
5923,0,0,0.05361643433570862,0.0009658964117988944,0
5924,4,4,0.11808359622955322,0.004557725973427296,0
5925,3,3,0.07642889022827148,0.0015925333136692643,0
5926,4,4,0.022603005170822144,0.00017280629253946245,0
5927,6,6,0.1204679012298584,0.005506736226379871,0
5928,7,7,0.02423420175909996,0.0002631680981721729,0
5929,7,7,0.0037241391837596893,9.385227713210043e-06,0
5930,5,2,0.046355992555618286,0.0008913021301850677,1
5931,4,4,0.06839457154273987,0.0011663299519568682,0
5932,4,4,0.1624659299850464,0.0077211009338498116,0
5933,4,4,0.0008115135133266449,1.3977063417769386e-07,0
5934,3,3,0.011511683464050293,0.0001178732345579192,0
5935,6,6,0.000125751830637455,3.488457078759666e-09,0
5936,6,6,0.02546115219593048,0.00029016361804679036,0
5937,1,1,0.0012003728188574314,6.342065717035439e-07,0
5938,9,9,0.003836330957710743,6.295676030276809e-06,0
5939,9,9,0.03476175665855408,0.0005961108254268765,0
5940,7,7,0.0677344799041748,0.00154309649951756,0
5941,9,9,0.007527310401201248,1.9251274352427572e-05,0
5942,4,4,8.301727939397097e-05,2.113779373758007e-09,0
5943,3,3,0.13181078433990479,0.00511342566460371,0
5944,2,2,0.0182933509349823,8.364944369532168e-05,0
5945,9,9,0.011188257485628128,4.4285137846600264e-05,0
5946,8,8,0.11119645833969116,0.0029731185641139746,0
5947,5,5,0.00023214728571474552,2.023096890013676e-08,0
5948,0,0,0.0004969853907823563,6.646031636137195e-08,0
5949,6,6,1.8705541151575744e-06,1.264287394393826e-12,0
5950,9,9,0.005114030092954636,8.041322871576995e-06,0
5951,0,0,0.000839373329654336,2.9618414032483997e-07,0
5952,9,9,0.0002735896850936115,3.3947667787970204e-08,0
5953,7,7,0.0005599376745522022,8.133494588946633e-08,0
5954,8,8,0.00011794670717790723,3.077913701687862e-09,0
5955,5,0,0.20068752765655518,0.006637698505073786,1
5956,4,4,0.0845479965209961,0.004031539894640446,0
5957,4,4,0.004727639257907867,6.4895307332335506e-06,0
5958,9,9,0.006898213177919388,9.287314242101274e-06,0
5959,4,4,0.05802622437477112,0.0016308979829773307,0
5960,2,2,0.08545246720314026,0.00215171929448843,0
5961,6,6,0.12132507562637329,0.005534017458558083,0
5962,6,6,0.0031696753576397896,2.9416009965643752e-06,0
5963,9,9,0.24569404125213623,0.014159342274069786,0
5964,9,9,1.4779710909351707e-05,9.298808251179125e-11,0
5965,7,7,0.0001627050805836916,1.0060110966492175e-08,0
5966,9,9,2.9075919883325696e-05,3.0666369443821395e-10,0
5967,9,9,6.7197324824519455e-06,1.71760435735413e-11,0
5968,0,0,0.03192920982837677,0.0006333105266094208,0
5969,5,5,0.019960053265094757,0.00015868589980527759,0
5970,1,1,0.0003128068055957556,2.8600487311791767e-08,0
5971,1,1,0.00011798774357885122,6.049158507437369e-09,0
5972,8,8,0.10357201099395752,0.00590237881988287,0
5973,6,6,0.0012175627052783966,3.1914254350340343e-07,0
5974,9,9,9.827944450080395e-05,3.232832224142612e-09,0
5975,9,9,6.007280899211764e-05,6.002860986065173e-10,0
5976,5,5,0.0008517401292920113,3.255360070397728e-07,0
5977,6,6,0.01626785844564438,5.630161103908904e-05,0
5978,5,5,0.024906739592552185,0.0004214252403471619,0
5979,5,3,0.1130143404006958,0.00481707276776433,1
5980,9,9,4.0409635403193533e-05,2.949185895495532e-10,0
5981,7,7,0.06811094284057617,0.002064430620521307,0
5982,9,9,0.029372714459896088,0.000313122000079602,0
5983,4,4,1.4426841516979039e-06,4.925475717391936e-13,0
5984,5,5,0.021799027919769287,0.00046033546095713973,0
5985,4,4,0.0019498690962791443,1.4163681498757796e-06,0
5986,3,3,0.03406482934951782,0.0022796266712248325,0
5987,3,7,0.14872217178344727,0.006541256792843342,1
5988,9,9,0.00858904980123043,2.598461833258625e-05,0
5989,8,8,4.296535917092115e-05,6.077141567750743e-10,0
5990,8,8,0.010848790407180786,0.00012998635065741837,0
5991,3,3,0.13587266206741333,0.007287292275577784,0
5992,4,4,0.028894513845443726,0.0006239054491743445,0
5993,8,8,6.275487976381555e-06,1.5302587322296723e-11,0
5994,4,4,0.01671639084815979,0.00014138812548480928,0
5995,0,0,0.033101826906204224,0.0005037309019826353,0
5996,4,4,0.11506843566894531,0.0052690040320158005,0
5997,0,0,0.00012175901792943478,6.900317206515183e-09,0
5998,7,7,0.0042145950719714165,6.683588253508788e-06,0
5999,2,2,0.14281296730041504,0.007519896142184734,0
6000,8,8,0.03328204154968262,0.0003673356550280005,0
6001,0,0,0.0051202960312366486,1.7452732208766975e-05,0
6002,2,2,3.871502229912949e-09,1.265704003648268e-18,0
6003,0,0,0.0017537130042910576,5.51421067029878e-07,0
6004,7,7,0.03147256374359131,0.0008929785108193755,0
6005,4,4,0.0011026370339095592,1.780992988642538e-07,0
6006,0,0,0.053796425461769104,0.0009134466527029872,0
6007,6,6,0.0003754452336579561,5.3622489559757014e-08,0
6008,3,0,0.12337267398834229,0.007596017327159643,1
6009,3,3,0.045064449310302734,0.0009045200422406197,0
6010,1,1,0.013597331941127777,4.8511268687434494e-05,0
6011,7,7,0.06296800076961517,0.001720312051475048,0
6012,4,4,0.0742911696434021,0.002713507506996393,0
6013,6,6,1.852625428000465e-05,1.312166486577837e-10,0
6014,5,4,0.060892343521118164,0.0018441539723426104,1
6015,0,0,0.0062690675258636475,1.5611902199452743e-05,0
6016,4,4,0.13303899765014648,0.007014451082795858,0
6017,9,9,0.0013777567073702812,1.0493971558389603e-06,0
6018,5,5,0.0008730613626539707,3.513702608870517e-07,0
6019,6,6,7.381233444903046e-05,2.166307577766702e-09,0
6020,6,6,0.00010068085975944996,3.676651427753086e-09,0
6021,3,3,0.04594951868057251,0.0009669261053204536,0
6022,0,0,0.013520274311304092,5.7689154346007854e-05,0
6023,5,5,0.02807535231113434,0.0007475319434888661,0
6024,2,2,0.008914764970541,1.9139701180392876e-05,0
6025,6,7,0.19744491577148438,0.009694619104266167,1
6026,3,3,0.03184641897678375,0.00031554553424939513,0
6027,3,3,0.009324798360466957,3.550748806446791e-05,0
6028,8,8,0.12901663780212402,0.005410347133874893,0
6029,0,0,0.016803324222564697,0.0013048674445599318,0
6030,8,8,0.009888973087072372,1.8773029296426103e-05,0
6031,5,5,0.02393747866153717,0.00030299395439215004,0
6032,4,4,0.0011022649705410004,3.665266490315844e-07,0
6033,2,2,0.00031570415012538433,3.2436183516892925e-08,0
6034,9,9,0.015128973871469498,9.727598808240145e-05,0
6035,5,7,0.1374753713607788,0.004857208114117384,1
6036,0,0,0.008287020027637482,4.2683859646786004e-05,0
6037,5,5,0.07617594301700592,0.0029328528326004744,0
6038,4,4,0.13205182552337646,0.004518229980021715,0
6039,8,8,0.00028026557993143797,1.5308618372955607e-08,0
6040,2,7,0.10833686590194702,0.0037441186141222715,1
6041,7,7,0.06110021471977234,0.001973245292901993,0
6042,6,6,0.010710064321756363,4.904314482701011e-05,0
6043,5,5,0.013205908238887787,4.432872447068803e-05,0
6044,7,7,0.1247100681066513,0.005841641686856747,0
6045,8,8,2.732684151851572e-06,1.651587937592791e-12,0
6046,2,2,0.0007713045924901962,1.6111076206470898e-07,0
6047,0,0,0.0008018126245588064,2.268903216418039e-07,0
6048,1,1,8.725420386213045e-10,1.6217899545110142e-19,0
6049,8,8,5.222022991802078e-07,1.1646133818606075e-13,0
6050,2,2,0.04048606753349304,0.0006056189886294305,0
6051,4,4,0.09307974576950073,0.0026815622113645077,0
6052,8,8,5.436163519334514e-08,1.4109432260647195e-15,0
6053,4,4,0.0010764277540147305,4.209192070447898e-07,0
6054,3,3,0.10864043235778809,0.004109486471861601,0
6055,0,0,0.015547499060630798,0.00018145896319765598,0
6056,4,4,0.06517553329467773,0.0029049264267086983,0
6057,0,0,0.0007526585832238197,2.6840237410397094e-07,0
6058,1,1,1.0716880751715507e-06,4.786020755057074e-13,0
6059,9,9,6.29806208962691e-07,1.536332638798349e-13,0
6060,3,4,0.09819048643112183,0.0037591313011944294,1
6061,0,0,0.002604500390589237,1.302191094509908e-06,0
6062,3,4,0.07877260446548462,0.002081995364278555,1
6063,6,4,0.030388280749320984,0.00022237957455217838,1
6064,5,3,0.08194237947463989,0.005939826834946871,1
6065,5,5,0.09242665767669678,0.003285511862486601,0
6066,2,2,0.014986254274845123,9.245840919902548e-05,0
6067,8,8,0.0015655383467674255,8.554763439860835e-07,0
6068,5,3,0.028473317623138428,0.0005869056330993772,1
6069,0,0,0.004483424127101898,4.8307842916983645e-06,0
6070,8,9,0.11048048734664917,0.004741746000945568,1
6071,7,4,0.10377234220504761,0.006800639443099499,1
6072,5,5,0.009947232902050018,3.329774699523114e-05,0
6073,2,2,0.009844671934843063,2.52035133598838e-05,0
6074,4,4,0.06703263521194458,0.00263959844596684,0
6075,3,6,0.28503817319869995,0.01696622744202614,1
6076,7,7,0.054609715938568115,0.0014346155803650618,0
6077,0,2,0.048846662044525146,0.0008797844056971371,1
6078,2,2,0.0015483619645237923,6.460796839746763e-07,0
6079,3,7,0.3028985857963562,0.018413033336400986,1
6080,1,1,0.00955699011683464,4.366806388134137e-05,0
6081,0,0,0.0010087883565574884,5.050120535088354e-07,0
6082,0,0,0.14964455366134644,0.006838423665612936,0
6083,2,3,0.16782808303833008,0.008433650247752666,1
6084,1,1,0.0009298105724155903,3.738052214430354e-07,0
6085,2,5,0.15164518356323242,0.006561492569744587,1
6086,1,1,0.0014845547266304493,9.71227336776792e-07,0
6087,4,4,3.1421895982930437e-06,2.4428705586165833e-12,0
6088,6,6,0.028411004692316055,0.00029716952121816576,0
6089,7,7,0.004535790532827377,6.810188097006176e-06,0
6090,1,1,0.0021452978253364563,3.7866689126531128e-06,0
6091,0,0,0.00020848470740020275,8.907954374137717e-09,0
6092,5,5,0.027494460344314575,0.0003237752243876457,0
6093,2,2,0.058060288429260254,0.0018876173999160528,0
6094,5,5,0.004076261073350906,6.992328962951433e-06,0
6095,9,9,0.09086883068084717,0.00364510715007782,0
6096,2,2,2.8503971407189965e-05,2.3317364705732757e-10,0
6097,5,5,0.0036607123911380768,2.978879365400644e-06,0
6098,6,6,4.287820775061846e-05,4.5265630133073387e-10,0
6099,7,7,0.002052801661193371,9.400640692547313e-07,0
6100,1,1,0.010096844285726547,5.999852510285564e-05,0
6101,9,9,0.000997423194348812,4.1814428186626174e-07,0
6102,3,7,0.18552637100219727,0.00791390985250473,1
6103,6,6,0.004452971741557121,8.230756066041067e-06,0
6104,1,1,6.209440925886156e-07,2.2499931334307027e-13,0
6105,0,0,0.0005149515345692635,1.8813697977293486e-07,0
6106,2,2,6.544953066622838e-06,7.417140686361012e-12,0
6107,9,9,5.359278293326497e-05,5.837308414413656e-10,0
6108,4,4,0.007139716297388077,1.9933260773541406e-05,0
6109,2,2,0.0009139017201960087,1.737757600039913e-07,0
6110,9,9,0.0004514714237302542,5.57548744950509e-08,0
6111,3,3,0.1245737075805664,0.004689517430961132,0
6112,8,8,0.02155812829732895,0.00020317986491136253,0
6113,2,2,0.004463251680135727,6.482942808361258e-06,0
6114,9,9,2.2968750272411853e-05,1.9554544095079507e-10,0
6115,8,8,0.003741208463907242,4.882899702352006e-06,0
6116,5,3,0.04988101124763489,0.0024616301525384188,1
6117,1,1,0.005217608064413071,6.848810699011665e-06,0
6118,0,0,0.028459370136260986,0.0003291852190159261,0
6119,1,1,4.667683970183134e-05,4.013440135786084e-10,0
6120,5,5,7.82947608968243e-06,2.1430236057939922e-11,0
6121,2,2,0.01395316794514656,4.735434049507603e-05,0
6122,5,5,0.062063008546829224,0.0041763633489608765,0
6123,6,6,0.0024131936952471733,1.0379052355347085e-06,0
6124,8,8,0.01691034436225891,0.00010009105608332902,0
6125,8,0,0.06257694959640503,0.0016873450949788094,1
6126,3,3,0.008334927260875702,3.982736961916089e-05,0
6127,5,2,0.178200364112854,0.008988751098513603,1
6128,0,0,0.0010250168852508068,4.092372876129957e-07,0
6129,4,4,0.006516516208648682,9.344542377220932e-06,0
6130,1,1,0.01544954627752304,6.875315739307553e-05,0
6131,3,3,0.00820566900074482,2.4741664674365893e-05,0
6132,7,7,0.0007324684411287308,1.2161133611243713e-07,0
6133,0,0,0.09981101751327515,0.001885878504253924,0
6134,3,6,0.18534636497497559,0.005652508698403835,1
6135,3,3,0.13678240776062012,0.005708207376301289,0
6136,9,9,0.04696422815322876,0.0004788525402545929,0
6137,2,5,0.10911983251571655,0.0048648458905518055,1
6138,3,3,0.16508257389068604,0.007332600653171539,0
6139,9,9,9.92489221971482e-05,1.4046976914983134e-09,0
6140,9,9,0.0007079674396663904,1.8190914374827116e-07,0
6141,8,8,0.03536883741617203,0.0004400396137498319,0
6142,5,2,0.11559998989105225,0.004550608806312084,1
6143,9,9,0.026238635182380676,0.00035107415169477463,0
6144,7,3,0.18398821353912354,0.009285254403948784,1
6145,2,3,0.06551045179367065,0.0016004678327590227,1
6146,0,0,0.2502940893173218,0.013456866145133972,0
6147,9,9,0.00010395370190963149,2.6950313092299893e-09,0
6148,4,4,0.0016982611268758774,9.700509053800488e-07,0
6149,7,7,2.8962031137780286e-06,1.2970584892593728e-12,0
6150,1,1,2.8116366593167186e-05,3.700915685023176e-10,0
6151,7,3,0.14349639415740967,0.00938410498201847,1
6152,6,6,1.3740609574597329e-05,7.655544254081548e-11,0
6153,4,4,0.026044100522994995,0.0002127320331055671,0
6154,4,4,0.04447450488805771,0.0007647706661373377,0
6155,8,8,0.012997888028621674,6.195249443408102e-05,0
6156,9,9,0.0016367582138627768,1.238842173734156e-06,0
6157,0,2,0.171278178691864,0.007082885596901178,1
6158,7,7,0.027411997318267822,0.00019212407642044127,0
6159,1,1,1.3759592548012733e-05,8.108339000223452e-11,0
6160,2,2,0.05872771143913269,0.0007651842897757888,0
6161,4,4,0.024633176624774933,0.00025158392963930964,0
6162,0,2,0.20119702816009521,0.008507209829986095,1
6163,3,6,0.11041873693466187,0.007249484304338694,1
6164,7,7,0.04736870527267456,0.0027153680566698313,0
6165,5,6,0.07111793756484985,0.002478243550285697,1
6166,1,1,0.060203179717063904,0.0010762147139757872,0
6167,9,9,0.01422978937625885,5.6073127780109644e-05,0
6168,3,4,0.08142787218093872,0.0018727846909314394,1
6169,5,5,0.02860581874847412,0.000994970672763884,0
6170,2,2,0.006478926166892052,2.079809200949967e-05,0
6171,4,4,0.01178443431854248,5.388128192862496e-05,0
6172,1,1,0.022333502769470215,0.00034683788544498384,0
6173,1,1,0.0007929201237857342,2.17724050344259e-07,0
6174,3,5,0.11664056777954102,0.008501611649990082,1
6175,3,3,0.006944792345166206,3.093620762228966e-05,0
6176,9,9,0.0077485693618655205,2.391189627815038e-05,0
6177,2,2,0.0049668364226818085,8.313649232150055e-06,0
6178,5,5,0.09605759382247925,0.002409225096926093,0
6179,8,8,0.006472557783126831,1.299230643780902e-05,0
6180,0,0,0.06707879900932312,0.0028106914833188057,0
6181,8,8,0.0008969781920313835,2.437182615722122e-07,0
6182,1,1,0.0003611163701862097,5.610617748175173e-08,0
6183,5,5,0.07344600558280945,0.004031599033623934,0
6184,1,1,0.007446248084306717,2.6801255444297567e-05,0
6185,5,3,0.11405539512634277,0.0034167568664997816,1
6186,9,9,0.00011325051309540868,2.2703687818648177e-09,0
6187,0,0,0.00020330632105469704,9.47329947820208e-09,0
6188,9,9,0.003162529319524765,6.323200977931265e-06,0
6189,2,2,0.002876248676329851,3.91331468563294e-06,0
6190,4,4,0.1142120361328125,0.005967847071588039,0
6191,0,0,0.00855666771531105,4.0044069464784116e-05,0
6192,6,6,0.00013374746777117252,3.4061813369845595e-09,0
6193,9,9,0.0028688861057162285,2.451276259307633e-06,0
6194,1,1,0.009749658405780792,3.335344445076771e-05,0
6195,1,1,0.10241156816482544,0.005188961513340473,0
6196,3,3,0.0010986309498548508,4.7503061750830966e-07,0
6197,4,3,0.07467973232269287,0.0027368064038455486,1
6198,9,9,7.191585609689355e-06,2.2043264782944938e-11,0
6199,5,5,1.2310847523622215e-05,5.8148978687722064e-11,0
6200,3,3,0.09754860401153564,0.0022800357546657324,0
6201,3,3,0.04558068513870239,0.0006273220060393214,0
6202,3,2,0.0961194634437561,0.003907033707946539,1
6203,3,3,0.013333156704902649,7.639908290002495e-05,0
6204,4,4,0.06817781925201416,0.0015003872103989124,0
6205,1,1,0.00011478306259959936,5.66787861089324e-09,0
6206,5,5,0.13440722227096558,0.007161611225455999,0
6207,9,9,2.8465876766858855e-08,6.418607092429827e-16,0
6208,8,8,2.5132132577709854e-05,1.9269830175971947e-10,0
6209,7,7,0.07368004322052002,0.001626879326067865,0
6210,4,3,0.20282864570617676,0.010093719698488712,1
6211,8,8,1.5650812201783992e-06,4.047293370671584e-13,0
6212,7,7,0.003141842782497406,1.9791834802163066e-06,0
6213,3,6,0.06326770782470703,0.0020196205005049706,1
6214,5,5,0.004218403249979019,6.085738277761266e-06,0
6215,2,2,0.0048311688005924225,5.122684797242982e-06,0
6216,5,5,0.04233664274215698,0.0007171838078647852,0
6217,8,8,0.12023508548736572,0.0030487938784062862,0
6218,9,9,0.04472927749156952,0.000890078954398632,0
6219,7,7,0.017939448356628418,0.00012175439769634977,0
6220,2,2,0.0010188771411776543,3.625417832608946e-07,0
6221,0,0,0.0030755233019590378,4.626266218110686e-06,0
6222,0,0,0.0035453028976917267,3.269124135840684e-06,0
6223,7,7,0.003270750865340233,3.5888745060219662e-06,0
6224,5,5,0.047208160161972046,0.001404140843078494,0
6225,3,3,0.032187335193157196,0.0002279109030496329,0
6226,5,5,0.00015515112318098545,6.559236709335892e-09,0
6227,7,7,0.0007854974828660488,1.696878655366163e-07,0
6228,4,7,0.21361124515533447,0.016835343092679977,1
6229,6,6,0.06772637367248535,0.0024266825057566166,0
6230,2,2,0.00013486685929819942,4.512165752146302e-09,0
6231,8,8,0.09976738691329956,0.003802752820774913,0
6232,2,2,0.004255516454577446,1.0288295925420243e-05,0
6233,7,7,4.561649984680116e-05,6.120971507428408e-10,0
6234,7,7,0.02687518298625946,0.000165204270160757,0
6235,6,6,0.007074145600199699,1.8539025404606946e-05,0
6236,1,1,0.0029269885271787643,4.140919827477774e-06,0
6237,3,5,0.13704079389572144,0.009362271055579185,1
6238,8,8,0.00037661660462617874,5.1753307417357064e-08,0
6239,6,6,0.004549218341708183,8.92010848474456e-06,0
6240,2,2,0.0017737559974193573,6.210502192516287e-07,0
6241,0,0,0.0001633201027289033,8.662699002570662e-09,0
6242,4,4,0.1451457142829895,0.008294927887618542,0
6243,4,2,0.08569711446762085,0.0045239622704684734,1
6244,8,8,0.0007319084834307432,2.6302726041649294e-07,0
6245,6,5,0.19432619214057922,0.009493698365986347,1
6246,4,4,1.3279404811328277e-05,5.451473300555065e-11,0
6247,0,0,0.007777497172355652,2.1618398022837937e-05,0
6248,2,2,0.00036022556014359,3.3130319820884324e-08,0
6249,5,5,0.0014308681711554527,1.530417080175539e-06,0
6250,4,4,0.0026463083922863007,2.2677602373732952e-06,0
6251,1,1,0.18787723779678345,0.008392075076699257,0
6252,2,2,0.004289818927645683,2.8043871225236217e-06,0
6253,5,5,0.09456586837768555,0.0052842432633042336,0
6254,4,4,0.0002840324304997921,1.6093531840510877e-08,0
6255,6,6,0.0024533523246645927,1.5793684724485502e-06,0
6256,9,9,0.00038859201595187187,1.9924232930179642e-08,0
6257,5,3,0.046827614307403564,0.0012473736423999071,1
6258,0,0,0.008220843970775604,1.5292684111045673e-05,0
6259,5,5,0.24850067496299744,0.01711946725845337,0
6260,2,2,0.025179699063301086,0.00024309605942107737,0
6261,0,0,0.02577788382768631,0.0004111449234187603,0
6262,8,8,0.018335625529289246,0.0001314157125307247,0
6263,2,2,0.0007913149893283844,1.2990548725611006e-07,0
6264,6,6,0.009732484817504883,4.047064430778846e-05,0
6265,4,4,0.0027137137949466705,1.963017211892293e-06,0
6266,7,7,0.0004794350825250149,7.217659003799781e-08,0
6267,9,9,0.003096742555499077,4.076728600921342e-06,0
6268,5,5,0.0014847079291939735,4.92570450205676e-07,0
6269,7,7,0.0004820483736693859,1.0105410552796457e-07,0
6270,2,2,0.2259281873703003,0.014988863840699196,0
6271,6,6,0.026418954133987427,0.0011843176325783134,0
6272,2,2,0.14056086540222168,0.005866071674972773,0
6273,1,1,0.005000170320272446,1.2176906238892116e-05,0
6274,9,9,3.301074684713967e-06,3.8513974995324496e-12,0
6275,9,9,0.00037745852023363113,5.4040818042722094e-08,0
6276,7,4,0.04903054237365723,0.0014438608195632696,1
6277,2,2,7.169164018705487e-05,1.8514725308449442e-09,0
6278,5,5,0.15099656581878662,0.008608763106167316,0
6279,1,1,1.974716496988549e-07,1.401583808459091e-14,0
6280,8,8,0.1881750524044037,0.011698530055582523,0
6281,1,1,0.009352240711450577,1.3235835467639845e-05,0
6282,6,6,0.0032646488398313522,3.954465682909358e-06,0
6283,3,3,0.04885387420654297,0.002459484850987792,0
6284,0,0,0.014218088239431381,0.00010382721666246653,0
6285,8,8,0.000550688011571765,1.1317845149960704e-07,0
6286,8,8,0.006600972265005112,6.3436214077228215e-06,0
6287,5,5,0.007376592606306076,3.199886850779876e-05,0
6288,6,6,0.00334719754755497,3.7150389289308805e-06,0
6289,9,9,0.0025162100791931152,2.188303596994956e-06,0
6290,9,9,0.021308207884430885,0.00016741410945542157,0
6291,9,9,5.4346783144865185e-06,7.982369973347225e-12,0
6292,6,6,0.03926031291484833,0.000848020426928997,0
6293,3,3,0.03581605851650238,0.001025819918140769,0
6294,0,0,0.0910680890083313,0.0035269451327621937,0
6295,8,8,0.0012737391516566277,4.832902504858794e-07,0
6296,8,8,3.602905781008303e-05,2.6801483254956793e-10,0
6297,5,5,0.0016321931034326553,1.0504775218578288e-06,0
6298,3,3,0.027355223894119263,0.0003420644497964531,0
6299,3,3,0.05798214673995972,0.0019498976180329919,0
6300,1,1,0.0027553969994187355,3.900182491634041e-06,0
6301,1,1,0.038066767156124115,0.0005881538963876665,0
6302,0,0,0.0004210411570966244,3.7655723872376257e-08,0
6303,7,7,0.04127822816371918,0.0005742070497944951,0
6304,0,0,0.010292097926139832,7.147242286009714e-05,0
6305,6,6,0.11177957057952881,0.005503700580447912,0
6306,0,0,9.398051770403981e-05,2.979258839630461e-09,0
6307,4,4,2.4932174710556865e-05,2.1238759362329773e-10,0
6308,4,4,0.03372491896152496,0.00038978393422439694,0
6309,6,6,0.0002061703708022833,8.348237656718993e-09,0
6310,5,5,2.809694706229493e-06,2.907189463122184e-12,0
6311,3,3,0.006370466202497482,9.144784598902334e-06,0
6312,2,2,0.0002798372879624367,1.4101812162437e-08,0
6313,9,9,0.0002471103216521442,2.506232910093331e-08,0
6314,6,6,0.0007753605023026466,2.352946495420838e-07,0
6315,6,6,0.13094943761825562,0.006187146063894033,0
6316,7,7,8.016478386707604e-05,2.030850598799816e-09,0
6317,9,9,0.0014701527543365955,7.736787779322185e-07,0
6318,7,7,0.0001468199770897627,5.251411749895851e-09,0
6319,7,7,0.008211523294448853,1.94200620171614e-05,0
6320,0,0,0.13345006108283997,0.004049621056765318,0
6321,8,8,5.65925074624829e-06,8.574510025616267e-12,0
6322,4,4,0.05196334421634674,0.0005921145202592015,0
6323,2,2,0.0009477802086621523,2.488511654519243e-07,0
6324,7,7,0.0038498593494296074,6.0004217630194034e-06,0
6325,7,7,5.69215917494148e-05,8.077648550042227e-10,0
6326,7,7,0.23118329048156738,0.010090440511703491,0
6327,4,4,0.002201392315328121,1.5755151707708137e-06,0
6328,0,0,0.0018150759860873222,7.751502266728494e-07,0
6329,1,1,0.15979361534118652,0.008276800625026226,0
6330,6,6,0.0010197018273174763,2.6058538082907035e-07,0
6331,0,0,0.006205886602401733,2.685091385501437e-05,0
6332,5,5,0.19887953996658325,0.016319897025823593,0
6333,3,3,0.0056645506992936134,1.6023286661948077e-05,0
6334,0,0,0.11317259073257446,0.003491579322144389,0
6335,2,2,0.010070953518152237,2.272188794449903e-05,0
6336,4,4,0.0014099678955972195,7.340826186919003e-07,0
6337,9,9,1.342618816124741e-08,1.1911449789855862e-16,0
6338,7,7,0.01967597007751465,0.0004331229138188064,0
6339,3,3,0.09349292516708374,0.003776819910854101,0
6340,3,3,0.01608636975288391,5.999703353154473e-05,0
6341,2,2,0.0035066716372966766,4.6173249756975565e-06,0
6342,8,8,0.00032691285014152527,2.442512858635837e-08,0
6343,8,8,0.001584574580192566,6.207473575159383e-07,0
6344,5,5,0.0011404785327613354,3.8223379306145944e-07,0
6345,3,5,0.0433042049407959,0.0013167799916118383,1
6346,8,8,1.25258338812273e-06,5.052098062813259e-13,0
6347,0,0,0.00038615427911281586,5.299240157796703e-08,0
6348,8,8,6.265424599405378e-05,1.072006372559997e-09,0
6349,0,0,0.1352074146270752,0.005918966140598059,0
6350,0,0,1.2869408237747848e-05,4.412379489560081e-11,0
6351,0,0,0.0035066865384578705,9.53561993810581e-06,0
6352,2,2,0.001455760095268488,8.005387144294218e-07,0
6353,2,0,0.03864362835884094,0.0004325384215917438,1
6354,7,0,0.2809251546859741,0.014794589951634407,1
6355,0,0,0.005510227754712105,8.432305548922159e-06,0
6356,7,7,0.0014080717228353024,4.1054727262235247e-07,0
6357,7,7,0.0019904710352420807,1.6151298041222617e-06,0
6358,7,7,0.0004955208860337734,5.492436727649874e-08,0
6359,2,2,0.0002715277951210737,2.5458493979613195e-08,0
6360,2,2,0.007912345230579376,1.7871789168566465e-05,0
6361,0,0,0.008775923401117325,1.3655323527927976e-05,0
6362,4,4,7.028414984233677e-05,1.0579371823027373e-09,0
6363,0,0,4.7852343413978815e-05,1.1433960445117464e-09,0
6364,3,8,0.055140212178230286,0.0007799903396517038,1
6365,7,7,0.0018056649714708328,8.744120236769959e-07,0
6366,8,8,0.005995884537696838,1.6346344636986032e-05,0
6367,4,4,0.003018239513039589,3.0382423119590385e-06,0
6368,7,7,0.005930233746767044,1.7310932889813557e-05,0
6369,9,9,0.017191655933856964,0.00013936334289610386,0
6370,6,6,0.025236785411834717,0.00016645497817080468,0
6371,1,1,0.10261830687522888,0.002127119805663824,0
6372,1,1,6.318121450021863e-05,1.4300647332987637e-09,0
6373,6,6,0.06262141466140747,0.0017170042265206575,0
6374,9,9,0.0006164906080812216,6.630572357835263e-08,0
6375,3,3,0.04618799686431885,0.0011493437923491001,0
6376,8,8,6.714378741889959e-08,2.633527288725527e-15,0
6377,9,9,6.196711910888553e-05,8.68605964932101e-10,0
6378,5,5,0.013046491891145706,4.9540947657078505e-05,0
6379,8,8,3.943104820791632e-05,5.657247448276337e-10,0
6380,3,3,0.04442843794822693,0.0006094931159168482,0
6381,9,1,0.0366080105304718,0.0008032144978642464,1
6382,4,3,0.10748732089996338,0.0055346256121993065,1
6383,3,2,0.1740797758102417,0.012135288678109646,1
6384,7,7,0.006534358486533165,1.292306842515245e-05,0
6385,5,5,0.03205348551273346,0.0005329431151039898,0
6386,5,4,0.2243005633354187,0.01591772772371769,1
6387,2,2,0.06553708016872406,0.002033994998782873,0
6388,7,7,0.020819351077079773,0.00016357802087441087,0
6389,5,5,0.024765633046627045,0.00032886775443330407,0
6390,7,7,6.576397026947234e-08,5.134732784496882e-15,0
6391,9,9,0.0004512127488851547,9.970735703745959e-08,0
6392,6,6,0.0010777134448289871,4.219753577672236e-07,0
6393,3,3,0.20931905508041382,0.009160714223980904,0
6394,0,0,0.018274791538715363,0.00012073188554495573,0
6395,8,8,0.0003644565586000681,3.6535801939407975e-08,0
6396,4,4,0.04576241970062256,0.0010778208961710334,0
6397,5,5,0.0019685858860611916,8.093256838037632e-07,0
6398,6,6,0.0018127057701349258,6.160945531519246e-07,0
6399,1,1,0.0028040530160069466,4.6430313886958174e-06,0
6400,0,0,0.029979117214679718,0.00013794242113362998,0
6401,4,7,0.1131659746170044,0.0066500999964773655,1
6402,8,8,0.004810672253370285,8.206736310967244e-06,0
6403,4,4,6.726120773237199e-06,1.2381385847137771e-11,0
6404,7,7,0.00010047969408333302,1.770033342118893e-09,0
6405,1,1,0.00917484238743782,5.086760938866064e-05,0
6406,3,9,0.1563292145729065,0.008481094613671303,1
6407,2,2,0.0001973334001377225,9.027154135310411e-09,0
6408,0,0,0.0013951947912573814,4.1946964302042034e-07,0
6409,9,9,0.002497767098248005,2.74628496299556e-06,0
6410,1,1,0.0001193581847473979,6.5307887986421065e-09,0
6411,8,8,0.006354544311761856,1.0227544407825917e-05,0
6412,8,1,0.313098669052124,0.018102247267961502,1
6413,6,6,8.353055454790592e-05,4.579952861405445e-09,0
6414,8,8,0.0017255395650863647,5.848584692103032e-07,0
6415,1,1,0.0025166980922222137,2.5274662220908795e-06,0
6416,7,7,7.184251444414258e-06,1.2225440278179622e-11,0
6417,1,1,4.2400817619636655e-05,1.0296972163814644e-09,0
6418,0,0,0.011416126042604446,2.7352789402357303e-05,0
6419,9,8,0.09022331237792969,0.0041212840005755424,1
6420,7,7,0.0015074005350470543,8.378677875953144e-07,0
6421,6,6,0.024386078119277954,0.0002687439264263958,0
6422,4,4,0.06910854578018188,0.0015315415803343058,0
6423,5,4,0.0766352117061615,0.002319574123248458,1
6424,8,8,0.011683456599712372,5.420984234660864e-05,0
6425,2,2,0.05012887716293335,0.0009848594199866056,0
6426,1,1,0.004274321720004082,9.266713277611416e-06,0
6427,2,2,4.914761575491866e-07,7.546312072405012e-14,0
6428,5,3,0.1993291974067688,0.011852048337459564,1
6429,8,8,0.1709386110305786,0.0043482305482029915,0
6430,1,1,0.0031361794099211693,4.066432211402571e-06,0
6431,1,1,6.664509419351816e-05,2.1419055418192556e-09,0
6432,8,8,0.020260244607925415,0.00012738932855427265,0
6433,8,8,0.0013041687197983265,3.0597988143199473e-07,0
6434,0,8,0.09967003762722015,0.005596242845058441,1
6435,9,9,2.8614260372705758e-05,2.1574300679283454e-10,0
6436,0,0,0.08771222829818726,0.007040891796350479,0
6437,0,0,0.01933734118938446,0.00010358668805565685,0
6438,4,4,0.12514054775238037,0.005113557912409306,0
6439,3,4,0.028612717986106873,0.000546505325473845,1
6440,3,4,0.11102521419525146,0.004609077237546444,1
6441,5,5,0.08322557806968689,0.004188636317849159,0
6442,6,6,0.03627671301364899,0.00027820051764138043,0
6443,6,6,0.03818964958190918,0.0007215741788968444,0
6444,3,3,0.058374762535095215,0.004661530256271362,0
6445,1,1,0.040292635560035706,0.0008557558176107705,0
6446,4,2,0.12875795364379883,0.004372138064354658,1
6447,4,4,0.022226616740226746,0.00014248558727558702,0
6448,7,7,0.13732779026031494,0.0076712267473340034,0
6449,8,8,0.0026660901494324207,2.7385053726902697e-06,0
6450,0,0,0.04555031657218933,0.001143813249655068,0
6451,1,1,0.0007404882926493883,1.188889768855006e-07,0
6452,4,4,0.10075324773788452,0.0057508498430252075,0
6453,8,3,0.239291250705719,0.015305837616324425,1
6454,4,4,0.0556580126285553,0.0012358040548861027,0
6455,6,6,7.868555258028209e-05,1.964674201104799e-09,0
6456,2,2,0.025284960865974426,0.00020098479581065476,0
6457,2,2,0.003383636474609375,2.5618232939450536e-06,0
6458,2,2,0.0010421727783977985,2.68438896000589e-07,0
6459,6,6,5.168145435163751e-06,9.13849725059368e-12,0
6460,3,3,0.1497144103050232,0.0050766346976161,0
6461,4,4,0.008541807532310486,2.0422359739313833e-05,0
6462,0,0,0.00021111383102834225,9.462312711150389e-09,0
6463,8,8,0.00101526640355587,3.7316621614991163e-07,0
6464,1,1,0.0001395756844431162,6.9985359729685115e-09,0
6465,3,3,0.06315729022026062,0.0013905810192227364,0
6466,8,3,0.09051048755645752,0.0029860276263207197,1
6467,3,3,0.010543599724769592,9.406040044268593e-05,0
6468,8,8,4.8063870053738356e-05,1.0800778049713244e-09,0
6469,9,9,0.08681833744049072,0.0042111920192837715,0
6470,1,1,7.61807314120233e-05,2.3399302495619168e-09,0
6471,6,6,0.0010994160547852516,2.515403707548103e-07,0
6472,1,1,0.0005165936890989542,6.821800013767643e-08,0
6473,9,9,0.009060747921466827,1.7360518540954217e-05,0
6474,8,8,0.02667507529258728,0.00031140813371166587,0
6475,2,2,0.000993404071778059,2.2814386113623186e-07,0
6476,0,0,0.00034718657843768597,4.841032108515719e-08,0
6477,4,4,0.11698827147483826,0.005367620382457972,0
6478,7,7,0.006421640515327454,1.2571819752338342e-05,0
6479,4,4,0.009747367352247238,3.428092895774171e-05,0
6480,0,0,0.13293838500976562,0.005200951360166073,0
6481,0,2,0.06959480047225952,0.002573489909991622,1
6482,7,7,0.022990338504314423,0.0002534739614930004,0
6483,6,6,0.0001527651329524815,4.5994705821783555e-09,0
6484,8,8,4.84420706925448e-06,5.158439213975852e-12,0
6485,9,9,0.0002771775471046567,2.3403549320732964e-08,0
6486,8,8,0.18373119831085205,0.008194736205041409,0
6487,6,6,2.426760329399258e-05,2.018478439946847e-10,0
6488,2,6,0.19357353448867798,0.01578654535114765,1
6489,8,8,0.1727387011051178,0.008318201638758183,0
6490,8,8,0.09451407194137573,0.005697282496839762,0
6491,0,0,0.20757687091827393,0.011091895401477814,0
6492,1,1,0.00044499989598989487,7.661439838102524e-08,0
6493,1,1,0.027099542319774628,0.0003301252145320177,0
6494,0,0,0.026746928691864014,0.0007557867793366313,0
6495,7,7,0.003998319618403912,6.145884981378913e-06,0
6496,7,7,0.08535599708557129,0.0030865741427987814,0
6497,4,2,0.07786494493484497,0.0020778251346200705,1
6498,4,4,0.03628885746002197,0.00033493555383756757,0
6499,7,7,0.007843099534511566,3.4672339097596705e-05,0
6500,7,7,0.14131218194961548,0.009150620549917221,0
6501,2,2,0.033477894961833954,0.00040896027348935604,0
6502,6,6,0.015238817781209946,6.637031037826091e-05,0
6503,6,6,0.026601776480674744,0.00015933792747091502,0
6504,7,7,0.0060238465666770935,1.2938971849507652e-05,0
6505,4,4,0.001437862403690815,6.526489073621633e-07,0
6506,5,5,0.009291477501392365,7.351422391366214e-05,0
6507,4,3,0.041460514068603516,0.0008101497660391033,1
6508,0,0,0.0005593921523541212,1.0563616115177865e-07,0
6509,9,9,0.0003215041942894459,4.5876824117385695e-08,0
6510,4,2,0.1480865180492401,0.008182307705283165,1
6511,7,7,0.001890973187983036,1.6815099570521852e-06,0
6512,2,2,0.00021986104547977448,1.2469996590880328e-08,0
6513,5,5,0.006936661899089813,2.909680551965721e-05,0
6514,3,3,0.12756919860839844,0.005089284386485815,0
6515,2,2,0.004954972304403782,5.083032192487735e-06,0
6516,2,2,0.029468819499015808,0.0002484394353814423,0
6517,7,7,0.009781334549188614,2.276574741699733e-05,0
6518,6,6,0.0005920884432271123,1.0770978775553885e-07,0
6519,2,2,0.008085455745458603,2.0403496819199063e-05,0
6520,6,6,0.010955356061458588,3.5122688132105395e-05,0
6521,4,4,0.0016391454264521599,4.447429091669619e-07,0
6522,9,1,0.07187092304229736,0.006106540095061064,1
6523,6,4,0.03737369179725647,0.0006265857955440879,1
6524,8,8,0.0027347514405846596,3.281789759057574e-06,0
6525,3,3,0.013422757387161255,0.0003165813977830112,0
6526,8,8,0.0007915212772786617,2.607935414289386e-07,0
6527,5,5,0.0007025999948382378,1.6299091498694906e-07,0
6528,5,5,0.042174190282821655,0.000617300218436867,0
6529,2,2,0.008986271917819977,2.0815143216168508e-05,0
6530,3,3,0.1361253261566162,0.007066796068102121,0
6531,4,4,0.004380052909255028,4.7079251999093685e-06,0
6532,5,5,0.08774888515472412,0.0034128588158637285,0
6533,2,5,0.1858299970626831,0.007246968802064657,1
6534,7,7,2.4693563318578526e-06,1.4647175616486208e-12,0
6535,5,5,0.12032487988471985,0.004458544310182333,0
6536,1,1,0.01530713215470314,8.690553659107536e-05,0
6537,5,5,0.04184246063232422,0.0008695797296240926,0
6538,3,3,0.11077475547790527,0.003664204850792885,0
6539,7,7,0.021228864789009094,0.00016762861923780292,0
6540,8,8,0.0013270676136016846,6.142910820017278e-07,0
6541,8,8,0.01972978562116623,0.0002961346763186157,0
6542,9,9,0.06968007236719131,0.0014220902230590582,0
6543,6,6,0.09847545623779297,0.002654765732586384,0
6544,0,0,0.10467132925987244,0.007595282979309559,0
6545,9,8,0.03810343146324158,0.0010594583582133055,1
6546,2,2,0.0034612067975103855,5.091743332741316e-06,0
6547,6,6,0.0007062279619276524,1.6215076925618632e-07,0
6548,0,0,0.002988702617585659,1.5808949456186383e-06,0
6549,0,0,0.1598806381225586,0.007021955214440823,0
6550,1,1,1.2995275028515607e-05,7.765627030309474e-11,0
6551,4,4,0.10777521133422852,0.003010918851941824,0
6552,1,1,0.00046296650543808937,9.790403510123724e-08,0
6553,3,3,0.06910330057144165,0.0019043429056182504,0
6554,5,5,0.016156576573848724,8.497540693497285e-05,0
6555,1,1,3.0413597414735705e-05,1.9800108774781222e-10,0
6556,8,8,0.08169037103652954,0.0016850633546710014,0
6557,9,9,0.038551509380340576,0.0003444428148213774,0
6558,6,6,0.00389028899371624,9.38381526793819e-06,0
6559,2,2,0.12386822700500488,0.00567954545840621,0
6560,6,6,0.013304498046636581,3.902725802618079e-05,0
6561,9,9,0.005614064633846283,1.8427152099320665e-05,0
6562,5,5,0.0074048228561878204,2.162670534744393e-05,0
6563,6,6,0.0015057343989610672,5.255043333818321e-07,0
6564,5,3,0.10224270820617676,0.006555979605764151,1
6565,9,9,0.004182454198598862,1.1161474503751379e-05,0
6566,1,1,0.18499070405960083,0.006992984563112259,0
6567,4,4,0.004974592477083206,6.510452749353135e-06,0
6568,2,2,0.0034321118146181107,2.6723819246399216e-06,0
6569,8,8,0.11368805170059204,0.006137184798717499,0
6570,9,9,0.0012181662023067474,2.513078811716696e-07,0
6571,5,5,0.0029828445985913277,3.7751476611447288e-06,0
6572,4,4,4.500793875195086e-05,4.940153841559436e-10,0
6573,7,7,0.080177903175354,0.003759798826649785,0
6574,0,0,0.12895429134368896,0.008960986509919167,0
6575,3,3,0.0051188841462135315,9.572742783348076e-06,0
6576,7,7,0.029882103204727173,0.00022565541439689696,0
6577,1,1,0.03342163562774658,0.0003292670880910009,0
6578,6,6,0.0053965747356414795,1.426021299266722e-05,0
6579,9,9,0.0010037210304290056,2.33144334060853e-07,0
6580,1,0,0.36841821670532227,0.02471078373491764,1
6581,1,1,0.09060657024383545,0.007805383298546076,0
6582,4,4,2.608128124848008e-05,3.118185154526998e-10,0
6583,0,0,9.332106856163591e-06,3.364815717721292e-11,0
6584,5,5,0.01714746654033661,0.0001660920970607549,0
6585,1,1,0.0002904330613091588,2.087569583864024e-08,0
6586,6,6,0.0012709954753518105,3.2404437888544635e-07,0
6587,3,0,0.1721600890159607,0.006650657393038273,1
6588,0,0,0.1000499427318573,0.005725368857383728,0
6589,2,2,0.024615883827209473,0.00011489387543406337,0
6590,5,7,0.15752017498016357,0.00662206718698144,1
6591,5,5,0.0753965675830841,0.0022569235879927874,0
6592,5,5,3.7368481571320444e-06,4.372062607782556e-12,0
6593,2,2,0.009279359132051468,4.588449519360438e-05,0
6594,8,9,0.2792959213256836,0.010715092532336712,1
6595,2,2,0.002852526493370533,4.237186203681631e-06,0
6596,3,2,0.05342525243759155,0.0024065019097179174,1
6597,1,1,5.345443787518889e-05,1.2834375784365193e-09,0
6598,6,6,0.02295227348804474,0.0002427595463814214,0
6599,2,2,0.013689868152141571,5.200094892643392e-05,0
6600,7,7,0.0001475837198086083,1.0540087913568641e-08,0
6601,0,0,0.10693848133087158,0.0076344190165400505,0
6602,8,8,0.0014962037093937397,6.170477035993827e-07,0
6603,9,9,0.0002627498470246792,2.3225959822070763e-08,0
6604,2,2,0.02077968418598175,8.532825449947268e-05,0
6605,6,2,0.14681625366210938,0.00566882686689496,1
6606,4,4,0.0452839732170105,0.0008342649089172482,0
6607,7,7,0.12115609645843506,0.006852193735539913,0
6608,5,5,0.027537882328033447,0.0003090017125941813,0
6609,5,5,0.03211675584316254,0.0008270656690001488,0
6610,8,8,0.00011322696809656918,4.045367152372137e-09,0
6611,8,8,2.2159663785714656e-05,1.9678343676776677e-10,0
6612,7,5,0.11549782752990723,0.008064113557338715,1
6613,8,8,0.0048208655789494514,7.846968401281629e-06,0
6614,5,5,0.005589030683040619,9.565436812408734e-06,0
6615,7,7,0.010979508981108665,5.1928705943282694e-05,0
6616,4,4,0.2228359580039978,0.011303028091788292,0
6617,4,4,0.0011713984422385693,3.052915644730092e-07,0
6618,0,0,0.0011069015599787235,4.528528734226711e-07,0
6619,0,0,0.0033269356936216354,2.636671297295834e-06,0
6620,7,7,0.0005916482768952847,6.623136528105533e-08,0
6621,0,0,1.6823469195514917e-05,4.036207826296767e-11,0
6622,4,4,0.08481383323669434,0.0021801951806992292,0
6623,0,0,0.03315475583076477,0.0003075876156799495,0
6624,4,4,0.003273317590355873,2.243981498395442e-06,0
6625,4,4,0.010902605950832367,3.545083018252626e-05,0
6626,2,2,0.0017590890638530254,8.634326036371931e-07,0
6627,5,5,0.12135279178619385,0.0074814362451434135,0
6628,4,4,0.00878489762544632,2.255814615637064e-05,0
6629,0,0,0.025514334440231323,0.0001264635648112744,0
6630,7,7,0.0012524127960205078,4.6176597834346467e-07,0
6631,7,7,0.22042059898376465,0.009444196708500385,0
6632,7,7,0.002121259458363056,1.5410651030833833e-06,0
6633,0,0,0.023586511611938477,0.0001240497367689386,0
6634,4,4,0.020760715007781982,0.00018509091751184314,0
6635,6,6,0.048056453466415405,0.0019074339652433991,0
6636,2,2,0.05493709444999695,0.001965712755918503,0
6637,9,7,0.18642380833625793,0.005885531660169363,1
6638,1,1,1.544758561067283e-05,8.161338271861496e-11,0
6639,1,1,0.0012124627828598022,6.494386184385803e-07,0
6640,5,3,0.05077779293060303,0.002764908131211996,1
6641,0,0,0.027193434536457062,0.0001489708520239219,0
6642,9,9,0.03680659830570221,0.00029384662047959864,0
6643,1,1,0.11402219533920288,0.004085230641067028,0
6644,0,0,0.0010840804316103458,4.461196567717707e-07,0
6645,6,6,0.00026105938013643026,1.382784109438262e-08,0
6646,5,3,0.049725890159606934,0.0016151343006640673,1
6647,3,5,0.07247573137283325,0.002574934856966138,1
6648,0,0,0.0015566451475024223,1.2932225672557252e-06,0
6649,9,9,1.3016440789215267e-05,5.450738818635337e-11,0
6650,0,0,0.015756990760564804,7.625103171449155e-05,0
6651,6,6,0.00045598670840263367,9.189412963905852e-08,0
6652,2,2,0.01418592780828476,5.363433592719957e-05,0
6653,0,2,0.004570510238409042,3.991148332715966e-06,1
6654,4,4,0.0009197047911584377,1.9357105429662624e-07,0
6655,1,1,0.007203154265880585,3.10896648443304e-05,0
6656,6,3,0.12415289878845215,0.00542082404717803,1
6657,7,7,1.4450874004978687e-05,4.973072648128962e-11,0
6658,6,6,0.00021029054187238216,1.931274162814134e-08,0
6659,1,1,0.0016689198091626167,1.0895088280449272e-06,0
6660,0,0,0.0014222131576389074,8.447834147773392e-07,0
6661,4,4,0.0076632872223854065,1.7068929082597606e-05,0
6662,6,6,0.09640645980834961,0.008015071973204613,0
6663,0,0,0.004806275479495525,7.521596671722364e-06,0
6664,4,4,0.0037288200110197067,5.051005700806854e-06,0
6665,4,4,0.007346084341406822,1.6165296983672306e-05,0
6666,2,4,0.08875268697738647,0.008001359179615974,1
6667,7,7,0.1140204668045044,0.00431210920214653,0
6668,6,6,0.0008408005814999342,1.5861618862800242e-07,0
6669,5,4,0.15747320652008057,0.007557949982583523,1
6670,3,3,0.12511366605758667,0.0039729462005198,0
6671,5,5,0.03599745035171509,0.0009516093996353447,0
6672,9,9,0.00010045719682238996,4.812129361653206e-09,0
6673,4,2,0.2005201280117035,0.014128467068076134,1
6674,5,5,0.0013033743016421795,5.035574872636062e-07,0
6675,2,2,7.870810804888606e-06,1.05744241488126e-11,0
6676,0,0,0.0006309179589152336,7.52895630284911e-08,0
6677,5,5,0.0021666185930371284,1.1957315564359305e-06,0
6678,7,7,0.06983280181884766,0.002484362106770277,0
6679,2,2,0.22893041372299194,0.013091012835502625,0
6680,3,3,0.027143001556396484,0.0006079772720113397,0
6681,9,9,0.06033238768577576,0.000909541267901659,0
6682,4,4,0.02815021574497223,0.00029936531791463494,0
6683,5,5,0.03283996880054474,0.00028193200705572963,0
6684,8,8,0.0054406337440013885,2.4619399482617155e-05,0
6685,1,1,0.02326512336730957,0.00034191497252322733,0
6686,9,9,0.1525830328464508,0.009230452589690685,0
6687,3,3,0.08398717641830444,0.002724376041442156,0
6688,1,2,0.04115822911262512,0.00027636828599497676,1
6689,8,8,0.0027833147905766964,3.172796368744457e-06,0
6690,5,5,0.019802063703536987,0.00012966054782737046,0
6691,8,8,7.164367707446218e-05,1.2129789395132207e-09,0
6692,6,6,0.00019008846720680594,1.3452947200676135e-08,0
6693,6,6,0.014176726341247559,7.351899694185704e-05,0
6694,3,3,0.021351322531700134,0.00037746975431218743,0
6695,4,4,2.2936015739105642e-05,1.6096077248839435e-10,0
6696,0,0,0.00011570565402507782,5.810052883248318e-09,0
6697,2,3,0.05467492341995239,0.0012509259395301342,1
6698,3,3,0.06678789854049683,0.0023225443437695503,0
6699,2,2,0.0010000905022025108,5.434287686512107e-07,0
6700,6,6,0.0010589109733700752,1.79589292770288e-07,0
6701,1,1,0.00013314984971657395,7.635770238323403e-09,0
6702,8,8,0.0008932971395552158,3.7467913216460147e-07,0
6703,2,2,0.026802226901054382,0.00021833421487826854,0
6704,1,1,0.0075669921934604645,3.363831638125703e-05,0
6705,3,2,0.14918625354766846,0.006505090743303299,1
6706,6,6,0.07613754272460938,0.0017113253707066178,0
6707,2,2,0.0025264080613851547,1.8594861330711865e-06,0
6708,2,2,1.4255228961701505e-06,4.781045351287538e-13,0
6709,3,3,0.006167186424136162,2.0504940039245412e-05,0
6710,3,3,0.010299071669578552,4.1761733882594854e-05,0
6711,5,5,9.682663949206471e-05,4.8384842799009675e-09,0
6712,0,0,8.571537910029292e-05,2.931816123208364e-09,0
6713,2,2,0.05849459767341614,0.001368106110021472,0
6714,1,1,0.012842133641242981,5.2005121688125655e-05,0
6715,2,2,0.10678887367248535,0.00802124198526144,0
6716,8,8,0.008677465841174126,3.9062237192410976e-05,0
6717,0,0,6.790072075091302e-05,1.0616215684322583e-09,0
6718,8,8,0.00067940354347229,9.412566726041405e-08,0
6719,2,2,0.0018291156738996506,1.1244740107940743e-06,0
6720,2,2,0.008138589560985565,2.7466187020763755e-05,0
6721,7,7,0.01709163188934326,9.920904267346486e-05,0
6722,3,3,0.032904088497161865,0.0008567078039050102,0
6723,5,7,0.0012387707829475403,1.2176114978501573e-06,1
6724,9,9,0.0010753485839813948,5.17313878845016e-07,0
6725,8,8,0.0007023315411061049,1.9784326354965742e-07,0
6726,3,2,0.06927657127380371,0.002416321076452732,1
6727,6,6,0.0005667123477905989,9.410518941876944e-08,0
6728,1,1,0.001771682407706976,1.5519648286499432e-06,0
6729,0,3,0.15752661228179932,0.006979617290198803,1
6730,8,8,0.008364982903003693,1.6495958334417082e-05,0
6731,6,6,1.4284059943747707e-06,4.927873430496388e-13,0
6732,3,4,0.010827641934156418,2.7573241823120043e-05,1
6733,5,5,4.291254299459979e-06,6.19715867164472e-12,0
6734,8,8,0.0005009060259908438,6.099691773897575e-08,0
6735,9,9,0.07046803832054138,0.001699014799669385,0
6736,4,4,0.010641466826200485,2.242406117147766e-05,0
6737,8,8,0.06332266330718994,0.0008750901324674487,0
6738,0,0,0.023849964141845703,0.0005182742606848478,0
6739,0,0,0.016146555542945862,5.460891406983137e-05,0
6740,2,2,0.01397755742073059,5.446628711069934e-05,0
6741,9,0,0.04551525413990021,0.0006127407541498542,1
6742,1,1,0.001503420528024435,9.6751602995937e-07,0
6743,8,8,0.0005947102326899767,1.8594937500893138e-07,0
6744,3,3,0.027859747409820557,0.00026147355674766004,0
6745,7,7,0.03166898339986801,0.00048039117245934904,0
6746,2,5,0.09141385555267334,0.002600967651233077,1
6747,8,8,6.329867755994201e-05,1.3329766179737135e-09,0
6748,0,2,0.1360512375831604,0.008518858812749386,1
6749,9,9,6.348118404275738e-07,1.3108520616634395e-13,0
6750,4,3,0.027243107557296753,0.00029087052098475397,1
6751,8,8,0.0006375845987349749,1.986862372405085e-07,0
6752,9,9,0.0017592664808034897,6.780710464227013e-07,0
6753,4,6,0.14188283681869507,0.009050505235791206,1
6754,8,8,0.0062654633074998856,1.1687532605719753e-05,0
6755,9,9,0.0010975445620715618,3.3001794008669094e-07,0
6756,5,3,0.0876275897026062,0.00704695051535964,1
6757,4,4,0.0010863975621759892,4.830860120819125e-07,0
6758,8,8,0.0073086414486169815,8.295032785099465e-06,0
6759,1,9,0.02308804541826248,0.0002641999162733555,1
6760,5,5,0.0005352168809622526,1.0207243406057387e-07,0
6761,5,5,0.0198388509452343,0.00012962128676008433,0
6762,7,7,0.011055026203393936,3.8068483263486996e-05,0
6763,2,2,0.0008838260546326637,2.067536826189098e-07,0
6764,5,5,0.009016387164592743,3.754627687158063e-05,0
6765,8,9,0.21841579675674438,0.009737582877278328,1
6766,8,8,0.0013489043340086937,6.074882321627229e-07,0
6767,1,1,2.6938709197565913e-05,2.9599545037228836e-10,0
6768,2,2,0.0039105601608753204,2.9289242320373887e-06,0
6769,3,3,0.011294178664684296,2.5781457225093618e-05,0
6770,1,1,0.001462363637983799,8.378066809200391e-07,0
6771,5,3,0.02588021755218506,0.0017687842482700944,1
6772,0,0,0.10490840673446655,0.004204900935292244,0
6773,2,2,0.0001382859773002565,7.67795338418864e-09,0
6774,3,3,0.13209915161132812,0.005765722598880529,0
6775,0,0,0.13074204325675964,0.006642271764576435,0
6776,8,8,0.029631957411766052,0.00047393058775924146,0
6777,2,2,0.013840369880199432,0.00010709775233408436,0
6778,2,2,0.15348577499389648,0.010616323910653591,0
6779,8,8,0.0002934640506282449,2.8718961431195567e-08,0
6780,7,7,5.601397788268514e-06,8.938535675517834e-12,0
6781,3,3,0.13898789882659912,0.009293289855122566,0
6782,5,5,0.0803099274635315,0.003420727327466011,0
6783,3,3,0.18411600589752197,0.007952508516609669,0
6784,9,9,7.0389942266047e-05,2.0454031801619976e-09,0
6785,6,6,0.00897447019815445,2.133218731614761e-05,0
6786,3,3,0.06621885299682617,0.002141749020665884,0
6787,5,5,0.0016794465482234955,2.4037813091126736e-06,0
6788,1,1,5.1194037951063365e-06,1.189742922236281e-11,0
6789,1,1,1.2391510608722456e-06,6.73744642975399e-13,0
6790,7,3,0.06285351514816284,0.0012739996891468763,1
6791,7,7,0.0014734454452991486,9.505916978014284e-07,0
6792,3,3,0.15561628341674805,0.004773384891450405,0
6793,3,3,0.024570196866989136,0.0007634782232344151,0
6794,8,8,1.3198761735111475e-05,4.7705624173222105e-11,0
6795,9,3,0.16987276077270508,0.005941513925790787,1
6796,6,6,0.008554600179195404,3.3095679100370035e-05,0
6797,0,0,0.0023504840210080147,2.099179710057797e-06,0
6798,8,8,0.00019417237490415573,1.5658718766076163e-08,0
6799,0,0,0.052502572536468506,0.001347478711977601,0
6800,6,6,0.060671448707580566,0.0016277299728244543,0
6801,6,6,6.107406807132065e-05,1.0279987971983928e-09,0
6802,4,4,0.06155294179916382,0.003320126561447978,0
6803,6,6,0.004312578588724136,7.007291969785001e-06,0
6804,9,9,0.005932984873652458,9.470641089137644e-06,0
6805,1,1,0.00021137611474841833,2.143015009892224e-08,0
6806,1,1,0.0002994887763634324,3.7892203152978254e-08,0
6807,7,7,1.911759318318218e-05,6.575691380295012e-11,0
6808,0,0,0.0033420007675886154,4.222202733217273e-06,0
6809,6,6,0.007349267601966858,1.989884185604751e-05,0
6810,8,8,2.880730107790441e-07,2.6276014038748886e-14,0
6811,9,9,0.0001498908386565745,7.195525508763012e-09,0
6812,0,0,0.1206158995628357,0.008688206784427166,0
6813,6,6,0.0013872282579541206,6.23851178715995e-07,0
6814,9,9,0.11378660798072815,0.0040857731364667416,0
6815,0,0,0.000446198508143425,3.927551261995177e-08,0
6816,1,1,0.02421436458826065,0.0002522934228181839,0
6817,1,1,0.001513563096523285,6.545944302160933e-07,0
6818,7,7,3.60393023584038e-05,4.535175290865112e-10,0
6819,2,2,0.020100995898246765,0.00012014522508252412,0
6820,1,1,1.5692448869231157e-06,9.089951014118469e-13,0
6821,0,3,0.12528115510940552,0.004009685479104519,1
6822,4,2,0.024543628096580505,0.000399075448513031,1
6823,5,5,0.006460428237915039,2.061274972220417e-05,0
6824,0,0,0.11798584461212158,0.009490280412137508,0
6825,3,3,0.02258732169866562,0.00031581876100972295,0
6826,6,4,0.08169245719909668,0.003226696280762553,1
6827,3,3,0.226054847240448,0.011919083073735237,0
6828,3,3,0.06759965419769287,0.0026727449148893356,0
6829,8,8,0.012507528066635132,3.9874172216514125e-05,0
6830,1,1,0.009354766458272934,1.779407284629997e-05,0
6831,8,8,0.002555975690484047,1.6009983028197894e-06,0
6832,1,1,0.01344393938779831,9.928630606736988e-05,0
6833,3,3,0.08897542953491211,0.0024338788352906704,0
6834,1,1,0.0005013092886656523,5.09221642630564e-08,0
6835,5,5,0.0031245118007063866,4.840399469685508e-06,0
6836,4,4,0.003470318391919136,2.593823410279583e-06,0
6837,5,5,0.039354920387268066,0.0013634830247610807,0
6838,1,1,0.003203225787729025,4.472854925552383e-06,0
6839,8,2,0.25186586380004883,0.007690927479416132,1
6840,9,9,0.0003876234404742718,6.259772078465176e-08,0
6841,1,1,0.07247090339660645,0.005660573486238718,0
6842,3,3,0.04521536827087402,0.0010254036169499159,0
6843,1,1,0.001676992978900671,9.368378641738673e-07,0
6844,7,7,3.1272153137251735e-05,4.2890366258596657e-10,0
6845,2,2,0.12056457996368408,0.005683924537152052,0
6846,9,9,3.3780306694097817e-06,5.017723216094172e-12,0
6847,8,8,1.4032323747414921e-08,2.2223248742064415e-16,0
6848,9,9,0.02757766842842102,0.000250720331678167,0
6849,4,2,0.1492457389831543,0.013122037053108215,1
6850,6,6,0.007814904674887657,2.0176659745629877e-05,0
6851,0,0,0.04219284653663635,0.0008014242048375309,0
6852,9,9,0.021821841597557068,0.00021856071543879807,0
6853,4,4,0.035760968923568726,0.0006055876729078591,0
6854,0,0,0.1613997220993042,0.00447245966643095,0
6855,4,4,0.019962579011917114,0.00013880556798540056,0
6856,6,5,0.09964179992675781,0.00448135519400239,1
6857,2,2,0.02119535207748413,0.00010519589704927057,0
6858,1,1,1.4665516800960177e-08,2.1907808378550993e-16,0
6859,3,2,0.40706372261047363,0.01951802708208561,1
6860,0,0,0.04140084981918335,0.0028219609521329403,0
6861,8,1,0.156998872756958,0.007092717103660107,1
6862,5,5,0.026446238160133362,0.0005611986853182316,0
6863,6,6,0.005541998893022537,7.171146080509061e-06,0
6864,0,0,0.006210336461663246,7.3837945819832385e-06,0
6865,3,3,0.031377553939819336,0.001028031692840159,0
6866,4,4,0.04632526636123657,0.0005259962636046112,0
6867,6,6,2.791079896269366e-05,2.2599715154836275e-10,0
6868,9,9,0.016004309058189392,0.0001792866678442806,0
6869,5,3,0.0708017349243164,0.0019743836019188166,1
6870,7,7,0.0016631432808935642,1.7215998013853095e-06,0
6871,9,9,0.0016036853194236755,1.4231809473130852e-06,0
6872,0,0,0.5510042905807495,0.02472185343503952,0
6873,3,3,0.020298413932323456,0.00030074839014559984,0
6874,6,6,0.061712831258773804,0.0016320880968123674,0
6875,5,5,0.032578617334365845,0.0002399618097115308,0
6876,7,3,0.10371220111846924,0.003156451042741537,1
6877,0,8,0.06545622646808624,0.002373072551563382,1
6878,5,5,0.02053268626332283,0.00020524743013083935,0
6879,1,1,0.005035240203142166,1.123639776778873e-05,0
6880,2,2,0.013428904116153717,6.58478238619864e-05,0
6881,2,2,0.07607579231262207,0.002221692819148302,0
6882,9,9,1.1141164577566087e-05,3.5572593481969506e-11,0
6883,7,7,0.025985077023506165,0.00040127517422661185,0
6884,0,0,0.0001959451474249363,7.2778485460389675e-09,0
6885,0,0,0.0023392941802740097,8.953898031904828e-07,0
6886,1,1,5.3413823479786515e-06,7.305272706203958e-12,0
6887,4,4,0.046235620975494385,0.0008694444550201297,0
6888,4,4,0.014784395694732666,5.246715227258392e-05,0
6889,5,5,0.03709125518798828,0.0018855833914130926,0
6890,5,5,0.002638496458530426,3.1155930173554225e-06,0
6891,9,9,0.002502676099538803,2.9862635528843384e-06,0
6892,6,6,0.0002589044161140919,2.448477331995491e-08,0
6893,3,3,0.00016341276932507753,8.35387403697041e-09,0
6894,6,6,0.015976786613464355,0.00017232255777344108,0
6895,2,2,0.002324771136045456,1.7029633454512805e-06,0
6896,6,6,0.11554241180419922,0.0069243707694113255,0
6897,9,8,0.07702158391475677,0.0017650388181209564,1
6898,3,5,0.057177186012268066,0.003397128311917186,1
6899,2,2,0.06588506698608398,0.0016202774131670594,0
6900,3,3,0.04733538627624512,0.0041309683583676815,0
6901,2,2,0.18273836374282837,0.006958427373319864,0
6902,4,5,0.18288052082061768,0.0077736712992191315,1
6903,9,9,0.05993661284446716,0.0009734023478813469,0
6904,5,5,0.11004060506820679,0.0030905420426279306,0
6905,2,2,0.0032152291387319565,3.843087597488193e-06,0
6906,1,1,0.030809693038463593,0.0005571736255660653,0
6907,6,6,0.002248479053378105,1.5662992609577486e-06,0
6908,6,6,0.02474883943796158,0.0003203397791367024,0
6909,4,4,0.001179759856313467,2.3359123701993667e-07,0
6910,7,7,0.00018418737454339862,1.5187108459713272e-08,0
6911,6,6,0.00016376562416553497,6.5117915504231405e-09,0
6912,3,9,0.03607600927352905,0.00031046484946273267,1
6913,3,6,0.03195365518331528,0.0004891135613434017,1
6914,8,8,0.0010980553925037384,3.1542032274956e-07,0
6915,1,1,6.75576739013195e-05,1.2105207947143981e-09,0
6916,4,4,0.05069097876548767,0.001204002881422639,0
6917,6,6,0.0981292724609375,0.003927136771380901,0
6918,4,4,0.037421584129333496,0.0003099137102253735,0
6919,4,4,0.00151052325963974,7.320116424125445e-07,0
6920,5,5,0.1101798415184021,0.004044531378895044,0
6921,6,6,0.0017992756329476833,8.096563988146954e-07,0
6922,2,5,0.2176867127418518,0.0132471127435565,1
6923,0,0,0.009530279785394669,2.38472184719285e-05,0
6924,5,3,0.06513214111328125,0.005230124108493328,1
6925,2,2,4.20377473346889e-05,5.178373840841743e-10,0
6926,7,7,0.011940047144889832,8.090129267657176e-05,0
6927,5,5,0.0014639557339251041,4.903864692096249e-07,0
6928,2,2,0.06914123892784119,0.0019089855486527085,0
6929,5,5,0.009005766361951828,3.492742689559236e-05,0
6930,2,0,0.033444762229919434,0.002979674143716693,1
6931,5,5,0.04434782266616821,0.000836441176943481,0
6932,9,9,0.00041142653208225965,7.017938230546861e-08,0
6933,0,3,0.19140207767486572,0.00798238068819046,1
6934,6,6,0.003216879442334175,4.303286004869733e-06,0
6935,7,7,0.008152440190315247,1.791807335393969e-05,0
6936,9,9,0.32097363471984863,0.01661844737827778,0
6937,8,8,0.00015657432959415019,1.0376234094167103e-08,0
6938,3,5,0.08624035120010376,0.003182040061801672,1
6939,2,2,2.7336252969689667e-05,1.3158998890538953e-10,0
6940,1,1,0.0002157638082280755,2.019059586189087e-08,0
6941,4,4,0.09327161312103271,0.0043383995071053505,0
6942,3,2,0.0049192775040864944,7.221929081424605e-06,1
6943,4,4,0.0006858375854790211,1.242350151642313e-07,0
6944,5,5,0.002387920394539833,1.6336659882654203e-06,0
6945,5,5,0.0035639647394418716,9.03910131455632e-06,0
6946,6,6,0.004358386620879173,4.23977098762407e-06,0
6947,8,8,0.0025910865515470505,2.3936690922710113e-06,0
6948,6,6,0.016405165195465088,8.257941954070702e-05,0
6949,0,0,0.007965333759784698,1.8246675608679652e-05,0
6950,8,8,0.015437416732311249,0.00012316307402215898,0
6951,9,9,0.002131483517587185,1.653213303143275e-06,0
6952,8,8,0.051402002573013306,0.0016116652404889464,0
6953,0,0,0.21424072980880737,0.012525288388133049,0
6954,7,7,0.0685829222202301,0.0011343939695507288,0
6955,7,7,0.000480391550809145,4.414932774920999e-08,0
6956,6,6,9.784926078282297e-07,2.251361803148194e-13,0
6957,6,6,0.003591373562812805,4.761290711030597e-06,0
6958,7,7,0.14892995357513428,0.005548528861254454,0
6959,5,2,0.08143788576126099,0.0030681658536195755,1
6960,9,9,5.788810085505247e-06,1.0138466455256179e-11,0
6961,8,8,0.009247038513422012,3.8846195820951834e-05,0
6962,7,4,0.15447837114334106,0.00789481122046709,1
6963,9,9,0.023450203239917755,0.00010541432129684836,0
6964,5,5,0.0005236093420535326,1.0109361170407283e-07,0
6965,6,3,0.04181450605392456,0.0007306723273359239,1
6966,0,0,0.06273078918457031,0.0017585710156708956,0
6967,4,4,8.188560605049133e-05,1.0693383956095204e-09,0
6968,8,8,0.015232875943183899,0.00019038355094380677,0
6969,2,6,0.10791587829589844,0.006769273430109024,1
6970,0,2,0.08056855201721191,0.002438570838421583,1
6971,9,9,9.717387001728639e-06,3.422860953006257e-11,0
6972,1,1,0.021141767501831055,0.00027810496976599097,0
6973,3,3,0.13206934928894043,0.005054709501564503,0
6974,9,9,0.00039228168316185474,7.531163959129117e-08,0
6975,8,8,0.08733248710632324,0.0026002204976975918,0
6976,3,3,0.10184359550476074,0.0032299072481691837,0
6977,7,7,0.06174576282501221,0.0021010541822761297,0
6978,4,4,0.0030773887410759926,3.2913558243308216e-06,0
6979,5,4,0.0007655788213014603,1.5394124375234242e-07,1
6980,0,0,0.048441678285598755,0.0009423941373825073,0
6981,2,2,0.013155117630958557,7.432961137965322e-05,0
6982,1,1,0.002329757437109947,3.2617601846141042e-06,0
6983,9,9,0.00024768104776740074,3.178184471153145e-08,0
6984,1,1,0.0016361735761165619,5.970223355689086e-07,0
6985,0,8,0.20086383819580078,0.008911936543881893,1
6986,5,5,0.08998656272888184,0.0036631200928241014,0
6987,8,8,0.00044911401346325874,5.473824415958006e-08,0
6988,4,4,0.09604001045227051,0.0031942494679242373,0
6989,7,7,0.12633514404296875,0.008281154558062553,0
6990,3,3,0.00874287635087967,3.03813285427168e-05,0
6991,1,1,2.2082895156927407e-06,1.6149671660734e-12,0
6992,4,4,0.00443011149764061,4.605265985446749e-06,0
6993,5,5,0.08683466911315918,0.006914089433848858,0
6994,3,4,0.03728029131889343,0.0006507065845653415,1
6995,1,1,0.04558157920837402,0.0007362038595601916,0
6996,0,0,0.004403512924909592,8.769590749579947e-06,0
6997,8,7,0.23774683475494385,0.012548576109111309,1
6998,8,8,6.394958472810686e-05,1.2017932204955173e-09,0
6999,8,8,0.004502845928072929,8.459441232844256e-06,0
7000,2,8,0.059018924832344055,0.0009573361603543162,1
7001,1,1,4.771091334987432e-05,7.17299830643725e-10,0
7002,3,6,0.1265944242477417,0.007694190833717585,1
7003,7,7,0.010478479787707329,2.9329656172194518e-05,0
7004,3,7,0.12575948238372803,0.004875625018030405,1
7005,1,8,0.12744015455245972,0.007077017333358526,1
7006,6,6,1.4493998605757952e-05,5.665175620284124e-11,0
7007,9,9,0.0002304274239577353,2.0033661840557215e-08,0
7008,1,1,0.00012952383258379996,7.623208730933584e-09,0
7009,6,6,0.012975707650184631,5.137192056281492e-05,0
7010,0,0,0.0031753908842802048,1.9278545551060233e-06,0
7011,7,7,0.01132962852716446,4.036872269352898e-05,0
7012,7,7,0.0008568007033318281,3.29398602616493e-07,0
7013,1,1,0.0008849911391735077,3.5117000152240507e-07,0
7014,3,3,0.09534323215484619,0.0036660083569586277,0
7015,3,3,0.031216979026794434,0.0005934136570431292,0
7016,3,5,0.0737798810005188,0.005568697117269039,1
7017,1,1,3.431813092902303e-05,5.93893045852667e-10,0
7018,0,0,0.022970758378505707,0.0002693174756132066,0
7019,2,2,0.0010533574968576431,2.44900007828619e-07,0
7020,7,7,0.0004458879120647907,7.444806726653042e-08,0
7021,1,9,0.0695452094078064,0.004194536246359348,1
7022,2,2,0.0028754612430930138,2.6622390123520745e-06,0
7023,2,2,0.0007334407418966293,1.2253836700892862e-07,0
7024,9,9,0.008720051497220993,1.479495858802693e-05,0
7025,6,6,3.3945514587685466e-05,2.441069568703824e-10,0
7026,3,3,0.0822286605834961,0.002308384282514453,0
7027,5,5,0.006161414086818695,1.2420020539138932e-05,0
7028,9,9,0.0016453973948955536,1.2552000043797307e-06,0
7029,4,4,0.0008109533227980137,1.779447842409354e-07,0
7030,8,8,0.2781388759613037,0.00903611071407795,0
7031,0,0,0.00787033885717392,3.014442336279899e-05,0
7032,4,4,0.008163761347532272,2.665146894287318e-05,0
7033,8,8,0.0003335382789373398,7.319938788441505e-08,0
7034,0,0,0.003212118521332741,2.8364636364131e-06,0
7035,1,9,0.019546933472156525,0.00012070584489265457,1
7036,3,7,0.1451529860496521,0.00569883780553937,1
7037,7,5,0.058337390422821045,0.001338351285085082,1
7038,0,0,0.0063820648938417435,1.3863745152775664e-05,0
7039,4,4,0.0008282142225652933,1.427844722456939e-07,0
7040,7,0,0.02327197790145874,0.0003998784814029932,1
7041,4,4,0.21647918224334717,0.008871442638337612,0
7042,8,8,0.01746225357055664,9.369736653752625e-05,0
7043,6,6,3.256246418459341e-05,4.6192011327050864e-10,0
7044,4,4,0.19396734237670898,0.0083334194496274,0
7045,3,3,0.0032350756227970123,5.644807515636785e-06,0
7046,9,9,0.03974190354347229,0.0005736701423302293,0
7047,8,8,0.0027029430493712425,1.9421993329160614e-06,0
7048,2,2,0.012264184653759003,3.722042674780823e-05,0
7049,2,2,3.515676780807553e-07,5.2105855166597465e-14,0
7050,8,8,0.0006053333636373281,1.3565583856234298e-07,0
7051,3,3,0.007360365241765976,3.609325358411297e-05,0
7052,1,1,0.0076756831258535385,2.4261455109808594e-05,0
7053,1,1,3.98600532207638e-05,4.091976479880799e-10,0
7054,2,2,0.0038449522107839584,3.6269236716179876e-06,0
7055,8,8,0.027169808745384216,0.0001977328647626564,0
7056,2,2,0.007953297346830368,2.0677722204709426e-05,0
7057,6,6,0.05943918228149414,0.0011275254655629396,0
7058,9,9,1.0554667824180797e-06,3.6620402890652493e-13,0
7059,4,2,0.11324185132980347,0.004095674492418766,1
7060,8,8,9.693927131593227e-05,3.1271139011579407e-09,0
7061,4,4,0.11603951454162598,0.005816215183585882,0
7062,4,4,0.02020934224128723,0.00013241803389973938,0
7063,1,1,0.007891569286584854,2.758470145636238e-05,0
7064,5,5,0.0006794608198106289,2.2262611309997737e-07,0
7065,2,2,0.01392529159784317,5.372830855776556e-05,0
7066,6,6,1.5845653251744807e-05,8.42267228184923e-11,0
7067,9,9,3.781355917453766e-05,2.414691224750243e-10,0
7068,2,0,0.015271514654159546,0.0001304832985624671,1
7069,0,0,0.0007146985735744238,1.4251840241286118e-07,0
7070,7,7,7.502519292756915e-05,1.4940175763200614e-09,0
7071,1,1,0.021050088107585907,0.00016886713274288923,0
7072,8,8,0.0014174431562423706,9.101592013394111e-07,0
7073,9,9,0.005310634151101112,6.241384653549176e-06,0
7074,3,3,0.022537648677825928,0.0002928437606897205,0
7075,9,9,0.0029785651713609695,4.261633876012638e-06,0
7076,9,9,0.0005606533959507942,8.867831979841867e-08,0
7077,0,0,0.016986340284347534,9.158971079159528e-05,0
7078,7,7,0.010432817041873932,2.8687407393590547e-05,0
7079,7,7,0.0002940602134913206,2.4503654216800896e-08,0
7080,5,2,0.15858030319213867,0.007341159973293543,1
7081,4,7,0.16740798950195312,0.006445957813411951,1
7082,2,6,0.30577588081359863,0.015474620275199413,1
7083,6,6,0.17597734928131104,0.011195464059710503,0
7084,4,4,0.005834091454744339,1.7931630281964317e-05,0
7085,5,5,0.007268194109201431,1.5410540072480217e-05,0
7086,7,7,0.00015311571769416332,5.2750759316211315e-09,0
7087,7,7,0.04221487045288086,0.0011103521101176739,0
7088,8,8,7.700537025812082e-07,1.592735275265933e-13,0
7089,7,7,0.00025550113059580326,2.4597776260293358e-08,0
7090,2,2,0.10003930330276489,0.004009864293038845,0
7091,6,6,0.08094727993011475,0.0027754302136600018,0
7092,2,2,0.02072589099407196,0.00017688542720861733,0
7093,2,2,0.0018190713599324226,1.468385562475305e-06,0
7094,4,4,0.00014411844313144684,1.2330703569318757e-08,0
7095,4,4,0.06628665328025818,0.0016010866966098547,0
7096,0,0,0.0161467045545578,7.230978371808305e-05,0
7097,7,3,0.12175309658050537,0.006558392196893692,1
7098,1,1,2.1374435164034367e-05,1.9074990198486574e-10,0
7099,3,5,0.023413561284542084,0.00021832840866409242,1
7100,9,9,0.3560600280761719,0.014234619215130806,0
7101,6,6,0.00011749227996915579,5.0832529296940265e-09,0
7102,0,0,0.06593626737594604,0.0028955114539712667,0
7103,0,0,0.0014086812734603882,4.902922796645726e-07,0
7104,2,2,0.22676008939743042,0.009771427139639854,0
7105,3,3,0.07800048589706421,0.0024135876446962357,0
7106,8,8,0.03468877077102661,0.0006768499151803553,0
7107,2,6,0.03690946102142334,0.0004312892851885408,1
7108,2,2,6.291194586083293e-05,9.34271104924278e-10,0
7109,4,4,0.0011856919154524803,4.489249363359704e-07,0
7110,3,3,0.054453521966934204,0.002418495249003172,0
7111,5,5,0.009680220857262611,2.646976281539537e-05,0
7112,2,0,0.05326467752456665,0.0016944933449849486,1
7113,9,9,0.0077653974294662476,3.6459739931160584e-05,0
7114,1,1,0.0038862470537424088,3.7461882129719015e-06,0
7115,0,0,0.0006199032068252563,2.1498877345038636e-07,0
7116,0,0,0.008862756192684174,2.392010355833918e-05,0
7117,6,3,0.16692101955413818,0.005638257600367069,1
7118,5,5,0.00015343097038567066,7.478878849553894e-09,0
7119,5,0,0.2671715021133423,0.013688676059246063,1
7120,7,5,0.09633451700210571,0.0053565362468361855,1
7121,9,9,0.0005787289701402187,1.0886947166000027e-07,0
7122,9,9,3.545759682310745e-06,3.5668972116209563e-12,0
7123,6,6,0.001581056509166956,7.290851158359146e-07,0
7124,5,5,0.10621809959411621,0.004209053702652454,0
7125,5,5,0.006689298897981644,2.0486726498347707e-05,0
7126,0,0,0.08514991402626038,0.0024802759289741516,0
7127,5,5,0.05034780502319336,0.0006721297977492213,0
7128,7,7,0.2492765188217163,0.011611951515078545,0
7129,1,1,0.002707328647375107,5.2398636398720555e-06,0
7130,6,6,0.005938328802585602,9.462912203161977e-06,0
7131,6,6,0.00013073795707896352,5.76200553936701e-09,0
7132,4,4,0.07098597288131714,0.00397461885586381,0
7133,1,1,0.012918010354042053,8.441727550234646e-05,0
7134,4,2,0.16108465194702148,0.006799719296395779,1
7135,4,4,0.0020687831565737724,1.16095566227159e-06,0
7136,1,1,0.002029851544648409,1.7515454828753718e-06,0
7137,5,5,0.006611041724681854,1.2878558663942385e-05,0
7138,0,0,0.046835362911224365,0.0005601315060630441,0
7139,0,0,0.00734395906329155,1.458731094317045e-05,0
7140,4,4,0.010716982185840607,7.625714351888746e-05,0
7141,5,5,0.03894767910242081,0.0008182132733054459,0
7142,8,8,0.003428267315030098,6.200225470820442e-06,0
7143,4,2,0.11613506078720093,0.006776084192097187,1
7144,8,8,2.6506779249757528e-05,2.138606375323704e-10,0
7145,3,3,0.07387244701385498,0.004901931155472994,0
7146,0,0,0.14320746064186096,0.0035565525759011507,0
7147,5,5,0.040515631437301636,0.001182894455268979,0
7148,0,0,0.0035319188609719276,2.956116532004671e-06,0
7149,5,5,0.08575683832168579,0.0027216728776693344,0
7150,3,6,0.08656305074691772,0.006253517232835293,1
7151,1,1,2.9692339012399316e-05,1.705754842928897e-10,0
7152,6,3,0.018980786204338074,0.00023937682271935046,1
7153,7,7,0.0021786056458950043,1.6731834193706163e-06,0
7154,0,0,0.08016559481620789,0.002514204941689968,0
7155,9,9,0.0005292892456054688,5.2410950246439825e-08,0
7156,1,1,5.824613617733121e-05,1.3196068682219675e-09,0
7157,5,5,0.0019357288256287575,1.5553110870314413e-06,0
7158,7,7,0.011407669633626938,5.072095154901035e-05,0
7159,6,6,0.10303762555122375,0.0029901734087616205,0
7160,5,5,0.019455809146165848,0.00016734054952394217,0
7161,5,5,0.04456651210784912,0.0012597085442394018,0
7162,5,5,0.12240797281265259,0.007140945643186569,0
7163,6,6,0.0001107550342567265,3.767898881790188e-09,0
7164,0,0,0.004636049270629883,1.4616353837482166e-05,0
7165,0,0,0.018706150352954865,0.00025500921765342355,0
7166,1,1,0.0002344128442928195,2.145082689253286e-08,0
7167,7,7,0.00010652141645550728,3.4106304447334423e-09,0
7168,5,3,0.01242370530962944,0.00011119912232970819,1
7169,1,1,0.0027827508747577667,5.9577846514002886e-06,0
7170,9,9,0.05757331848144531,0.0007953614694997668,0
7171,2,2,0.025513410568237305,0.00021378435485530645,0
7172,4,4,0.0832948088645935,0.0035368793178349733,0
7173,1,1,0.09837716817855835,0.0022372908424586058,0
7174,3,6,0.05703142285346985,0.0020803941879421473,1
7175,7,7,0.0016257185488939285,1.0978708360198652e-06,0
7176,8,8,0.06369578838348389,0.001097499392926693,0
7177,2,0,0.2542482614517212,0.01196617353707552,1
7178,0,0,0.003280959092080593,2.11886481338297e-06,0
7179,9,9,0.0073525570333004,3.8783786294516176e-05,0
7180,6,6,0.0010407664813101292,4.547846401692368e-07,0
7181,6,6,0.010449502617120743,3.0873354262439534e-05,0
7182,0,0,0.13212913274765015,0.005941085051745176,0
7183,6,2,0.20508766174316406,0.011531719006597996,1
7184,5,5,0.0032475609332323074,5.037200935475994e-06,0
7185,8,8,0.0018672896549105644,7.556423042842653e-07,0
7186,2,2,0.11254239082336426,0.0030414951033890247,0
7187,7,7,2.7498062991071492e-06,2.1104784586611913e-12,0
7188,4,4,0.14542675018310547,0.00761875044554472,0
7189,0,0,0.0013902001082897186,4.256132228874776e-07,0
7190,2,2,4.03805825044401e-06,7.227923121133628e-12,0
7191,7,7,0.02966514229774475,0.00042468830361030996,0
7192,7,7,0.07669076323509216,0.003433424513787031,0
7193,8,8,0.00016410148236900568,1.1567202307105617e-08,0
7194,8,8,0.0012431107461452484,6.819999498475227e-07,0
7195,7,7,0.0002749871928244829,1.2671256044427537e-08,0
7196,0,0,0.0029713045805692673,5.087154931970872e-06,0
7197,4,4,0.03355927765369415,0.00042755287722684443,0
7198,9,9,2.2453154087997973e-05,1.643107455651105e-10,0
7199,1,1,7.179001113399863e-05,2.1228163671338507e-09,0
7200,4,4,0.0012651560828089714,4.3997471266266075e-07,0
7201,4,0,0.0796346664428711,0.0028180258814245462,1
7202,3,5,0.21002888679504395,0.009727193973958492,1
7203,5,5,0.10021239519119263,0.004296000115573406,0
7204,4,4,4.682086000684649e-06,6.634232226077064e-12,0
7205,6,6,0.006610875017940998,1.1596267540880945e-05,0
7206,2,2,0.0004260704154148698,6.458843415657611e-08,0
7207,3,3,0.02261050045490265,0.00016532688459847122,0
7208,1,1,0.05792638659477234,0.0014107367023825645,0
7209,0,0,0.0053684525191783905,1.7848000425146893e-05,0
7210,3,3,0.01755884289741516,0.00019675891962833703,0
7211,3,3,0.06386354565620422,0.0016422148328274488,0
7212,3,3,0.05740347504615784,0.0008339242194779217,0
7213,6,6,0.002017577178776264,1.5962708630468114e-06,0
7214,3,5,0.012042459100484848,0.00012378109386190772,1
7215,1,1,0.00040613114833831787,6.98621960282253e-08,0
7216,2,2,6.733240297762677e-06,1.1632530008687247e-11,0
7217,8,8,0.23623907566070557,0.00938750896602869,0
7218,9,0,0.18271350860595703,0.008390819653868675,1
7219,7,7,0.033862754702568054,0.00028610514709725976,0
7220,9,9,0.09813350439071655,0.0020666683558374643,0
7221,3,3,0.003113333135843277,7.659361472178716e-06,0
7222,8,8,0.0019643818959593773,1.773789904291334e-06,0
7223,7,7,0.020473718643188477,0.00020153603691142052,0
7224,3,3,0.19739103317260742,0.010229636915028095,0
7225,1,1,4.136787538300268e-06,7.338319188421316e-12,0
7226,7,7,8.289341349154711e-05,2.6645146089521177e-09,0
7227,7,7,0.005999665707349777,7.499985713366186e-06,0
7228,3,3,0.271734356880188,0.010536203160881996,0
7229,2,2,0.10145837068557739,0.005429665558040142,0
7230,2,2,0.0010158903896808624,2.988936955716781e-07,0
7231,8,8,0.019544005393981934,0.00046163395745679736,0
7232,9,9,0.010270711034536362,7.708188786637038e-05,0
7233,5,5,0.006604060530662537,2.412321737210732e-05,0
7234,9,9,2.7666237656376325e-07,2.378632162655485e-14,0
7235,2,2,0.03658759593963623,0.0010597670916467905,0
7236,1,1,0.025230996310710907,0.00035269404179416597,0
7237,7,7,0.008373372256755829,1.633159990888089e-05,0
7238,4,4,0.0009720483794808388,3.0518813787239196e-07,0
7239,4,4,1.9652670744108036e-06,1.5400274371718536e-12,0
7240,0,0,0.009751509875059128,3.686896889121272e-05,0
7241,5,5,0.010268375277519226,7.168394949985668e-05,0
7242,7,7,0.026768311858177185,0.0002510765043552965,0
7243,1,1,0.11079409718513489,0.007012674119323492,0
7244,5,5,0.00022352696396410465,1.562623275219721e-08,0
7245,4,4,0.00865955650806427,2.816220876411535e-05,0
7246,0,2,0.08110827207565308,0.005395341198891401,1
7247,8,8,0.0008777957409620285,2.8423895059859206e-07,0
7248,4,4,0.06253725290298462,0.0012527259532362223,0
7249,9,9,0.011084817349910736,0.00010199371172348037,0
7250,8,8,0.04488977789878845,0.0012428745394572616,0
7251,7,7,0.0028013689443469048,2.218186182290083e-06,0
7252,8,8,0.017127178609371185,5.052208507549949e-05,0
7253,4,4,0.0023220712319016457,1.9401654753892217e-06,0
7254,2,2,0.0011986726894974709,3.797177328124235e-07,0
7255,3,3,0.018383562564849854,0.00015177596651483327,0
7256,4,4,0.0001343623735010624,3.805137538392955e-09,0
7257,0,0,0.0020962441340088844,1.8509186929804855e-06,0
7258,5,5,0.039605140686035156,0.0018663139780983329,0
7259,4,4,0.011142712086439133,3.092706174356863e-05,0
7260,1,1,0.00013817963190376759,4.759560745526414e-09,0
7261,8,8,0.0941491425037384,0.004537058994174004,0
7262,2,2,0.05297112464904785,0.0007995983469299972,0
7263,5,5,0.022122681140899658,0.00016290158964693546,0
7264,4,4,0.003782089799642563,3.6062133403902408e-06,0
7265,5,7,0.19999587535858154,0.008814869448542595,1
7266,2,2,0.05487232282757759,0.0010657943785190582,0
7267,5,5,0.09117546677589417,0.002124432474374771,0
7268,3,3,0.036013469099998474,0.0004035361052956432,0
7269,7,7,0.0002302679931744933,2.1344899181485744e-08,0
7270,9,9,0.000467928359284997,9.730065642088448e-08,0
7271,7,5,0.19727855920791626,0.011230206117033958,1
7272,1,1,0.0010856734588742256,2.4040181756390666e-07,0
7273,4,4,5.237900495558279e-07,1.4902297874441056e-13,0
7274,1,9,4.988186992704868e-05,8.607942691973847e-10,1
7275,3,3,0.03616645932197571,0.0003807515313383192,0
7276,1,1,0.0016922540962696075,1.7659046989138005e-06,0
7277,4,4,0.0009293938055634499,2.231851539136187e-07,0
7278,5,5,0.0038208868354558945,6.3039406086318195e-06,0
7279,5,5,6.82688842061907e-05,2.2036839020245225e-09,0
7280,1,9,0.2315993309020996,0.016953466460108757,1
7281,7,7,0.23862457275390625,0.01790868304669857,0
7282,1,1,4.9582653446123004e-05,1.134058180696229e-09,0
7283,3,5,0.1154060959815979,0.00593618955463171,1
7284,0,0,0.0015119747258722782,1.000049678623327e-06,0
7285,1,1,0.16232526302337646,0.005909775383770466,0
7286,2,2,0.009513815864920616,2.61649602180114e-05,0
7287,5,3,0.045820653438568115,0.003604321973398328,1
7288,7,7,0.01373252272605896,9.224872337654233e-05,0
7289,0,0,0.024717606604099274,0.0002700475452002138,0
7290,6,6,4.1389102989342064e-07,4.9970031096909645e-14,0
7291,3,3,0.0004199420800432563,6.783815820199379e-08,0
7292,5,5,0.0387289822101593,0.0009001519647426903,0
7293,7,7,1.8043516320176423e-05,1.5394532870693922e-10,0
7294,5,5,0.02243390679359436,0.00019448273815214634,0
7295,5,5,2.4212295102188364e-07,1.15528992080359e-14,0
7296,8,8,0.00013209573808126152,6.962578957825372e-09,0
7297,9,9,0.0006801038980484009,1.3467024473357014e-07,0
7298,4,4,0.0005775298923254013,6.422378362458403e-08,0
7299,6,6,0.0003255079500377178,4.543486653574291e-08,0
7300,3,3,0.09008485078811646,0.0029603869188576937,0
7301,6,6,0.0003833766095340252,4.026678368518333e-08,0
7302,6,6,0.0001453189761377871,4.6432404587903875e-09,0
7303,8,8,2.1913976524956524e-05,1.4512462065408016e-10,0
7304,2,2,0.021771319210529327,9.089049126487225e-05,0
7305,6,6,0.0005779932253062725,1.0557001672850674e-07,0
7306,4,4,0.08330151438713074,0.0012435566168278456,0
7307,8,8,0.007927943021059036,1.5857502148719504e-05,0
7308,4,4,0.0016631768085062504,1.426121343683917e-06,0
7309,1,1,0.001639785710722208,5.713222890335601e-07,0
7310,3,3,0.017066895961761475,0.00020411566947586834,0
7311,1,9,0.003397686406970024,3.047732434424688e-06,1
7312,2,2,0.030973829329013824,0.0003588443505577743,0
7313,3,3,0.04494267702102661,0.0010976416524499655,0
7314,3,3,0.07247334718704224,0.0030246064998209476,0
7315,0,0,0.00841347873210907,2.4446722818538547e-05,0
7316,1,1,0.00010273337829858065,3.297684569858461e-09,0
7317,6,6,0.031025812029838562,0.0005612425738945603,0
7318,4,2,0.09506732225418091,0.0056267185136675835,1
7319,2,2,0.01795753836631775,0.0001210224800161086,0
7320,8,0,0.04762168228626251,0.001042369520291686,1
7321,2,2,0.0006948639638721943,1.0187543608708438e-07,0
7322,4,4,0.00036465737503021955,4.6738712455862697e-08,0
7323,3,3,0.07886755466461182,0.005207722540944815,0
7324,1,1,0.049286454916000366,0.0006686899578198791,0
7325,4,4,0.005779445171356201,7.06571063346928e-06,0
7326,4,4,0.02531510591506958,0.0004258971312083304,0
7327,4,4,0.0001429275725968182,4.408706288927533e-09,0
7328,4,4,0.0006606448441743851,2.1213986656221095e-07,0
7329,1,1,0.03985150158405304,0.00041553075425326824,0
7330,5,5,0.00626937672495842,1.1845144399558194e-05,0
7331,5,5,0.028630848973989487,0.00034968138788826764,0
7332,7,7,0.0023076962679624557,1.5919729321467457e-06,0
7333,6,6,0.00029929913580417633,2.1276921557955575e-08,0
7334,5,5,0.0012434800155460835,7.449768304468307e-07,0
7335,4,4,3.5408106668910477e-07,4.978503571309752e-14,0
7336,5,5,0.007497183978557587,2.0725554350065067e-05,0
7337,6,6,0.007812665775418282,2.0219344150973484e-05,0
7338,5,5,9.988792589865625e-05,2.44975995045138e-09,0
7339,6,6,0.008320044726133347,1.9565612092264928e-05,0
7340,2,2,7.662922143936157e-05,2.3204216326178084e-09,0
7341,4,4,0.14755022525787354,0.007326725870370865,0
7342,7,7,0.002276455983519554,1.1650097349047428e-06,0
7343,7,2,0.19367343187332153,0.012681514024734497,1
7344,4,4,0.06552088260650635,0.0010635096114128828,0
7345,6,6,0.00745173916220665,1.9671973859658465e-05,0
7346,5,5,0.01027948409318924,6.281166861299425e-05,0
7347,0,0,0.0042103361338377,4.989281478628982e-06,0
7348,2,2,0.023873213678598404,0.00020803390361834317,0
7349,3,3,0.001366038341075182,8.364805808014353e-07,0
7350,9,9,3.2239986467175186e-06,3.2879649523864796e-12,0
7351,2,2,0.062417566776275635,0.0007924531819298863,0
7352,3,3,0.017696261405944824,0.0004051175492350012,0
7353,8,8,0.0004503841046243906,6.273295127812162e-08,0
7354,0,0,0.0011155926622450352,2.7766196808443055e-07,0
7355,7,7,0.00047146878205239773,7.787836153738681e-08,0
7356,0,0,0.03273826837539673,0.0002580083382781595,0
7357,6,6,0.0029075592756271362,1.7620659491512924e-06,0
7358,8,8,0.00044102221727371216,4.7791377966177606e-08,0
7359,1,1,0.016599413007497787,0.00011747780081350356,0
7360,2,2,0.09537392854690552,0.00310813682153821,0
7361,8,8,0.00047152326442301273,6.018662901396965e-08,0
7362,9,9,0.011026035994291306,3.0756655178265646e-05,0
7363,1,1,2.244546340079978e-05,2.357924966389646e-10,0
7364,5,5,0.0003326833248138428,3.76280482328184e-08,0
7365,4,4,0.001779777929186821,7.983928185240075e-07,0
7366,2,2,0.08105280995368958,0.004302581772208214,0
7367,3,5,0.1082538366317749,0.006128772161900997,1
7368,5,5,0.008590448647737503,4.654208532883786e-05,0
7369,5,5,0.016812309622764587,0.00012032096128677949,0
7370,3,4,0.1350783109664917,0.0051601543091237545,1
7371,6,6,4.069105489179492e-05,4.5991904729092425e-10,0
7372,5,5,0.002054165117442608,1.9051531126024202e-06,0
7373,0,0,0.022606663405895233,0.00014798830670770258,0
7374,3,3,0.032746538519859314,0.000539679080247879,0
7375,2,2,0.16876733303070068,0.008815701119601727,0
7376,1,1,5.8150384575128555e-05,1.463195120621208e-09,0
7377,3,3,0.1654069423675537,0.00797167420387268,0
7378,3,3,0.015035510063171387,0.0005691765691153705,0
7379,7,7,0.006108289584517479,1.8498851204640232e-05,0
7380,7,7,0.09170317649841309,0.004268165212124586,0
7381,4,4,0.0029847389087080956,2.7216262878937414e-06,0
7382,9,9,0.04206477105617523,0.000549177173525095,0
7383,4,4,0.06168608367443085,0.0012251312145963311,0
7384,3,5,0.02494567632675171,0.0005508505855686963,1
7385,9,9,6.757698429282755e-06,1.7139225802487168e-11,0
7386,5,5,0.012131653726100922,7.468754483852535e-05,0
7387,1,1,0.0033681485801935196,1.9428225641604513e-06,0
7388,7,7,0.003341730684041977,5.004079866921529e-06,0
7389,6,6,0.004584060981869698,6.010343895468395e-06,0
7390,6,6,0.045717909932136536,0.00111138797365129,0
7391,4,4,0.007942020893096924,2.388962820987217e-05,0
7392,8,8,0.006469616666436195,1.2911752492072992e-05,0
7393,5,5,0.16351056098937988,0.012136230245232582,0
7394,1,1,0.0021131765097379684,3.535821406330797e-06,0
7395,2,2,0.0938703715801239,0.004053776152431965,0
7396,8,8,0.013735689222812653,5.1389379223110154e-05,0
7397,4,6,0.08448576927185059,0.0028666171710938215,1
7398,5,3,0.02814921736717224,0.0003131165576633066,1
7399,3,3,0.03453877568244934,0.002107767853885889,0
7400,3,5,0.05814570188522339,0.003367197932675481,1
7401,3,3,0.015477567911148071,0.00013632324407808483,0
7402,0,0,0.20559847354888916,0.009496386162936687,0
7403,4,2,0.18599462509155273,0.01278301514685154,1
7404,8,8,0.09896677732467651,0.004689947701990604,0
7405,7,7,0.0001083916868083179,3.61075369603725e-09,0
7406,7,2,0.1837748885154724,0.0067858612164855,1
7407,9,9,0.07433262467384338,0.001091508660465479,0
7408,4,6,0.07406657934188843,0.002111774403601885,1
7409,8,8,1.0976451449096203e-05,1.9692740493848504e-11,0
7410,4,4,0.13061177730560303,0.004662917461246252,0
7411,5,5,0.10319972038269043,0.004124456085264683,0
7412,9,9,0.0001446122769266367,6.2399281297587095e-09,0
7413,1,1,0.04779978096485138,0.001046149292960763,0
7414,8,0,0.08058470487594604,0.0021246334072202444,1
7415,3,3,0.11004418134689331,0.004611869342625141,0
7416,1,8,0.03403925895690918,0.00033581393654458225,1
7417,3,3,0.001366607379168272,3.07335398019859e-07,0
7418,8,8,0.003886814694851637,4.689683464675909e-06,0
7419,0,0,0.011776946485042572,3.897413989761844e-05,0
7420,3,4,0.2486656904220581,0.014043005183339119,1
7421,5,5,0.002958450000733137,3.7217384942778153e-06,0
7422,4,4,0.004260696470737457,8.490070285915863e-06,0
7423,6,6,0.004915699362754822,1.462139334762469e-05,0
7424,9,9,1.0629344615153968e-05,2.0472210732203067e-11,0
7425,2,2,0.00010568468132987618,2.5462585373503543e-09,0
7426,7,7,8.396574412472546e-05,2.3742861010589422e-09,0
7427,2,2,0.05643007159233093,0.0009745497955009341,0
7428,0,0,1.9611994503065944e-05,5.537757058471371e-11,0
7429,5,5,0.012049414217472076,5.9851259720744565e-05,0
7430,2,2,0.001574828289449215,5.060447278992797e-07,0
7431,9,9,0.0005761061329394579,6.663019291863748e-08,0
7432,7,7,7.803089829394594e-06,2.858144797224238e-11,0
7433,5,5,0.003989918157458305,7.535818440373987e-06,0
7434,0,0,0.00015054491814225912,4.767517047810088e-09,0
7435,7,7,0.022083021700382233,0.00015369424363598228,0
7436,0,0,0.10176205635070801,0.006871076766401529,0
7437,3,3,0.05947965383529663,0.0034727328456938267,0
7438,5,5,0.0041901543736457825,8.17914042272605e-06,0
7439,5,3,0.12386786937713623,0.006801894400268793,1
7440,3,3,0.08811759948730469,0.005020840559154749,0
7441,8,8,0.040995121002197266,0.0007329630316235125,0
7442,7,7,0.008339565247297287,1.6032770872698165e-05,0
7443,7,5,0.13615763187408447,0.007380488328635693,1
7444,9,9,0.013265512883663177,0.00015893550880718976,0
7445,6,6,0.019115887582302094,8.329314005095512e-05,0
7446,5,3,0.12544286251068115,0.0030404303688555956,1
7447,8,8,0.04863050580024719,0.0008093913202174008,0
7448,9,9,1.573661393194925e-06,1.4122121441001445e-12,0
7449,0,0,0.04848393797874451,0.0007028657710179687,0
7450,1,1,6.302336259977892e-06,1.926603321322773e-11,0
7451,9,1,0.008295737206935883,6.973809649934992e-05,1
7452,4,4,0.001780020073056221,1.4790769000683213e-06,0
7453,0,0,0.37866491079330444,0.02255983278155327,0
7454,0,0,0.0019675344228744507,2.367504976064083e-06,0
7455,1,9,0.04345172643661499,0.001371276332065463,1
7456,7,7,0.14717352390289307,0.008431576192378998,0
7457,2,2,0.04515582323074341,0.0006684922846034169,0
7458,2,2,0.02042718231678009,7.474380981875584e-05,0
7459,8,8,0.0026570912450551987,1.7054771888069808e-06,0
7460,5,5,0.005894849076867104,1.1075873771915212e-05,0
7461,9,9,0.030063308775424957,0.00015758514928165823,0
7462,8,1,0.06132058799266815,0.0021709620486944914,1
7463,2,2,0.004118664190173149,4.9710624807630666e-06,0
7464,8,8,0.0077569615095853806,2.5674660719232634e-05,0
7465,0,8,0.06268954277038574,0.0016801521414890885,1
7466,6,6,3.331033803988248e-05,2.940372390014545e-10,0
7467,6,6,0.014800187200307846,7.130282756406814e-05,0
7468,8,8,0.0051805684342980385,8.875005732988939e-06,0
7469,6,6,0.014260433614253998,7.794291013851762e-05,0
7470,9,9,0.014111056923866272,5.9582467656582594e-05,0
7471,6,6,0.13545918464660645,0.005164303816854954,0
7472,1,1,0.0023061707615852356,1.8736221818471677e-06,0
7473,1,1,0.00024788558948785067,1.9267529793864924e-08,0
7474,5,5,0.0002643703483045101,2.7998202867252076e-08,0
7475,3,3,0.009508870542049408,5.0488579290686175e-05,0
7476,5,3,0.10233992338180542,0.007818764075636864,1
7477,0,0,0.025447282940149307,0.00029488024301826954,0
7478,7,7,0.005005441606044769,7.467431714758277e-06,0
7479,6,6,1.9122744561173022e-05,8.929993550177429e-11,0
7480,1,1,8.840294321998954e-05,3.684287097627248e-09,0
7481,4,4,0.009650856256484985,2.8037839001626708e-05,0
7482,4,4,0.16045475006103516,0.01005373802036047,0
7483,1,1,3.919656137441052e-07,5.9401892042385e-14,0
7484,1,1,2.457479695294751e-07,1.1975159531802271e-14,0
7485,8,8,0.00014061923138797283,2.818700828299825e-09,0
7486,1,1,0.0018532290123403072,1.5552079730696278e-06,0
7487,1,1,0.00037567049730569124,6.357239357157596e-08,0
7488,2,2,7.624682621099055e-05,1.1874311534043613e-09,0
7489,3,3,0.11236029863357544,0.0038547858130186796,0
7490,4,4,0.008650500327348709,1.9748000340769067e-05,0
7491,9,9,0.38897740840911865,0.015422719530761242,0
7492,9,9,0.0016636056825518608,9.302551120526914e-07,0
7493,5,3,0.021882429718971252,0.000348297122400254,1
7494,2,2,0.00011824507964774966,2.5330488817587593e-09,0
7495,7,7,0.0023531392216682434,1.1616916708589997e-06,0
7496,3,3,0.1629854440689087,0.008340412750840187,0
7497,3,8,0.21428412199020386,0.010793711058795452,1
7498,6,6,0.0006981692276895046,2.1079328860196256e-07,0
7499,9,9,0.10191741585731506,0.0037635639309883118,0
7500,6,6,0.0019980028737336397,1.6822156112539233e-06,0
7501,9,9,4.828130477108061e-05,7.768603538238494e-10,0
7502,8,8,0.2040543556213379,0.013741309754550457,0
7503,8,8,0.030133947730064392,0.0003656440821941942,0
7504,6,6,0.02155529335141182,0.0001712417579255998,0
7505,7,7,0.08498373627662659,0.0028164794202893972,0
7506,4,4,0.0019135186448693275,1.425066102456185e-06,0
7507,7,7,0.03348270058631897,0.0004012301506008953,0
7508,2,2,0.10182934999465942,0.00623842841014266,0
7509,3,5,0.14735662937164307,0.004098920151591301,1
7510,8,8,1.9432860426604748e-05,1.0318584875435022e-10,0
7511,0,0,0.008826076984405518,5.726269955630414e-05,0
7512,9,9,1.2841803254559636e-05,6.690657056163118e-11,0
7513,0,0,0.057523757219314575,0.002720418618991971,0
7514,7,7,0.0004377770237624645,4.4894740369727515e-08,0
7515,8,8,0.0003569819964468479,2.60676049634867e-08,0
7516,1,1,0.00010925962124019861,4.976671963419221e-09,0
7517,2,2,0.06577879190444946,0.0013535961043089628,0
7518,3,3,0.0815955400466919,0.002143596764653921,0
7519,2,8,0.11075198650360107,0.004538833163678646,1
7520,4,4,0.041263654828071594,0.0005566449835896492,0
7521,2,2,9.838797268457711e-05,3.94607635456623e-09,0
7522,9,9,0.0014566648751497269,4.299584759337449e-07,0
7523,0,0,0.002559148706495762,3.234090399928391e-06,0
7524,3,4,0.2545127868652344,0.014062834903597832,1
7525,8,8,0.0001426454691682011,8.17323364543654e-09,0
7526,9,9,0.009169824421405792,4.6866694901837036e-05,0
7527,6,6,0.07667610049247742,0.001950527890585363,0
7528,5,5,4.451034328667447e-06,6.297682427630624e-12,0
7529,5,5,0.05199289321899414,0.0009530987590551376,0
7530,2,2,0.008477311581373215,1.1464007002359722e-05,0
7531,4,4,0.0069326311349868774,1.792353214113973e-05,0
7532,1,1,4.999255179427564e-05,8.390871886199136e-10,0
7533,0,0,0.0005326850805431604,6.788066286844696e-08,0
7534,6,6,1.7966332961805165e-05,1.1558072554596066e-10,0
7535,1,1,0.00016070998390205204,1.133519411666839e-08,0
7536,8,1,0.2349371314048767,0.013468155637383461,1
7537,4,4,0.003150045871734619,3.1716874673293205e-06,0
7538,5,5,0.007991805672645569,2.210839193139691e-05,0
7539,5,5,0.014617323875427246,5.9011694247601554e-05,0
7540,5,5,0.0003051187377423048,4.220914462393921e-08,0
7541,0,0,0.013280302286148071,5.1738192269112915e-05,0
7542,8,8,0.06740236282348633,0.0010562781244516373,0
7543,9,9,0.0016870321705937386,7.730600373179186e-07,0
7544,0,0,0.01179002970457077,3.399893830646761e-05,0
7545,5,7,0.1547948122024536,0.007112038321793079,1
7546,7,7,0.0020589297637343407,1.3982340760776424e-06,0
7547,9,9,0.00010180668323300779,3.197809572696997e-09,0
7548,6,6,0.013779759407043457,6.399062840500847e-05,0
7549,3,5,0.02624848484992981,0.0005591174704022706,1
7550,4,4,0.00023990531917661428,1.600005283819428e-08,0
7551,6,6,0.03181770443916321,0.0001861233322415501,0
7552,4,4,0.0003385117743164301,2.1831354501955502e-08,0
7553,9,9,0.000578270060941577,8.567958786898089e-08,0
7554,7,7,0.02820904552936554,0.00038342757034115493,0
7555,1,1,0.0023921551182866096,3.1455608677788405e-06,0
7556,2,2,0.12424325942993164,0.005150007549673319,0
7557,5,4,0.17277860641479492,0.006677015218883753,1
7558,2,2,0.0013137636706233025,3.8851240447002056e-07,0
7559,8,8,0.330463707447052,0.019017241895198822,0
7560,0,0,0.0006939044687896967,1.0447884335462732e-07,0
7561,2,6,0.1710895299911499,0.00830512959510088,1
7562,2,5,0.026184283196926117,0.00021883472800254822,1
7563,9,9,2.472522737662075e-07,1.439463545376777e-14,0
7564,8,8,4.952630843035877e-05,5.191383434244301e-10,0
7565,1,1,3.282324178144336e-05,3.653410074466734e-10,0
7566,9,9,0.0007209340110421181,8.386729177800589e-08,0
7567,7,7,0.0007838909514248371,2.777778149720689e-07,0
7568,7,7,0.0003358208341524005,3.645089563519832e-08,0
7569,3,3,0.035830944776535034,0.0006725186249241233,0
7570,1,1,2.0766310626640916e-05,1.6966612836899486e-10,0
7571,4,6,0.13976365327835083,0.006075839512050152,1
7572,1,1,0.00014315929729491472,1.0807579720051308e-08,0
7573,1,1,0.08523017168045044,0.006476681679487228,0
7574,3,3,0.10490912199020386,0.004195694345980883,0
7575,8,8,0.014254271984100342,3.914945409633219e-05,0
7576,8,8,5.547140972339548e-06,8.85813471185326e-12,0
7577,1,1,0.0014763581566512585,1.14619183477771e-06,0
7578,9,9,0.004866793751716614,5.766131380369188e-06,0
7579,3,3,0.035175055265426636,0.0006447192281484604,0
7580,8,8,0.0008836616761982441,4.063134895204712e-07,0
7581,9,9,0.0018177367746829987,1.4861899444440496e-06,0
7582,5,5,0.02330198884010315,0.00018088782962877303,0
7583,1,1,0.0029228394851088524,4.15535851061577e-06,0
7584,1,1,0.0007079313509166241,2.021891276626775e-07,0
7585,6,6,1.3539269275497645e-05,5.225150173648885e-11,0
7586,2,7,0.25028395652770996,0.01030025165528059,1
7587,7,7,0.0026186592876911163,2.6075554160343017e-06,0
7588,2,5,0.01328248530626297,8.00132766016759e-05,1
7589,6,6,0.018132388591766357,0.00011177100532222539,0
7590,2,4,0.015800952911376953,6.926737842150033e-05,1
7591,6,6,0.0012002354487776756,6.887668746458075e-07,0
7592,9,9,0.0004358864389359951,5.607341790891951e-08,0
7593,6,6,0.00047565693967044353,7.882370312017883e-08,0
7594,0,0,0.00041962554678320885,4.689591648343594e-08,0
7595,1,1,0.0010016877204179764,2.977312476559746e-07,0
7596,3,3,0.023035943508148193,0.0005893734632991254,0
7597,9,9,1.4877361536491662e-05,3.540859272455066e-11,0
7598,3,5,0.1425614356994629,0.008971856907010078,1
7599,8,8,0.000749942846596241,2.002418568736175e-07,0
7600,8,9,0.4206469655036926,0.01932046376168728,1
7601,8,8,0.2759086489677429,0.012854057364165783,0
7602,2,2,0.14659065008163452,0.011195970699191093,0
7603,9,9,0.0003599589690566063,2.7604784236245905e-08,0
7604,1,1,0.0016285283491015434,9.073521027858078e-07,0
7605,2,4,0.1642337441444397,0.008938686922192574,1
7606,6,6,0.02061842381954193,0.00014162241131998599,0
7607,0,0,0.03787243366241455,0.0005959888221696019,0
7608,5,5,0.00023719831369817257,1.2723527120783729e-08,0
7609,0,0,0.042775481939315796,0.00044779558083973825,0
7610,7,7,0.15914949774742126,0.00842258520424366,0
7611,7,2,0.04262825846672058,0.0004069027490913868,1
7612,7,7,0.0012572160921990871,3.900887861618685e-07,0
7613,9,9,0.003682105801999569,2.2108138182375114e-06,0
7614,4,4,0.0008506905287504196,2.7627743293123785e-07,0
7615,5,5,0.017106279730796814,0.0002233760606031865,0
7616,0,0,0.0021126456558704376,2.2959800389799057e-06,0
7617,2,0,0.1120145320892334,0.004855639301240444,1
7618,3,3,0.001974262297153473,1.9486819837766234e-06,0
7619,5,5,0.05087736248970032,0.002499252324923873,0
7620,5,3,0.146223783493042,0.005143360234797001,1
7621,8,8,4.756680027639959e-07,5.0840506528012155e-14,0
7622,9,9,0.0008842311799526215,2.0032499037370144e-07,0
7623,1,1,0.025999829173088074,0.0003750341129489243,0
7624,2,2,0.005523655563592911,1.3735257198277395e-05,0
7625,7,0,0.19598037004470825,0.011449853889644146,1
7626,1,1,0.017779093235731125,0.00015636111493222415,0
7627,3,3,0.011273995041847229,5.8627629186958075e-05,0
7628,4,7,0.11832749843597412,0.004676353186368942,1
7629,6,6,0.011759139597415924,3.336578083690256e-05,0
7630,9,9,0.14260894060134888,0.005639814771711826,0
7631,1,1,0.00036709464620798826,5.822239401709339e-08,0
7632,0,7,0.08702507615089417,0.002574516925960779,1
7633,7,7,0.026540786027908325,0.00015386230370495468,0
7634,1,1,6.514776032418013e-05,9.800827927008982e-10,0
7635,9,9,0.00011399999493733048,2.3388531111834254e-09,0
7636,5,5,0.00483306311070919,1.2396075362630654e-05,0
7637,8,8,0.015939421951770782,4.9872811359819025e-05,0
7638,1,1,0.015916727483272552,9.981696348404512e-05,0
7639,9,9,0.00302189402282238,6.836597549408907e-06,0
7640,9,9,0.053622275590896606,0.0010624181013554335,0
7641,7,7,0.3130594491958618,0.01465757004916668,0
7642,9,9,7.215177902253345e-06,2.2244404235260973e-11,0
7643,8,8,0.004101164638996124,6.002908321534051e-06,0
7644,3,3,0.07112693786621094,0.0025364276953041553,0
7645,0,3,0.04768437147140503,0.0009582842467352748,1
7646,2,2,0.0009721699170768261,2.812648460803757e-07,0
7647,6,6,0.0003118673339486122,3.396892367391047e-08,0
7648,0,0,0.18113672733306885,0.008256718516349792,0
7649,2,2,0.00025235710199922323,1.482411526865235e-08,0
7650,2,2,0.0035057617351412773,4.127100964979036e-06,0
7651,4,4,0.01023109257221222,3.8641683204332367e-05,0
7652,0,0,0.0008614149410277605,4.276769800526381e-07,0
7653,8,8,0.038794443011283875,0.00023222916934173554,0
7654,4,4,0.02216428518295288,0.0002000842068810016,0
7655,8,8,0.03287525475025177,0.000670163135509938,0
7656,1,1,8.670610259287059e-05,3.6277114645599795e-09,0
7657,2,5,0.11962366104125977,0.006166848819702864,1
7658,7,7,0.0008213669061660767,2.6339267833463964e-07,0
7659,2,2,9.32437542360276e-05,2.4731752201745394e-09,0
7660,7,7,0.05677446722984314,0.0007792912656441331,0
7661,9,9,0.0002219391753897071,2.977519919511451e-08,0
7662,5,5,0.05592072010040283,0.004834518767893314,0
7663,2,2,0.06234976649284363,0.001416339655406773,0
7664,2,2,0.0007586984429508448,1.5727306390544982e-07,0
7665,9,9,0.006189929321408272,1.6691214113961905e-05,0
7666,2,2,0.06678357720375061,0.002529239747673273,0
7667,6,6,0.028183959424495697,0.00019915669690817595,0
7668,5,5,0.03221985697746277,0.0004992169560864568,0
7669,7,7,0.013565972447395325,0.00014268042286857963,0
7670,2,2,0.09202033281326294,0.0020777243189513683,0
7671,5,5,0.010197784751653671,6.436063267756253e-05,0
7672,6,6,0.022063961252570152,0.00020158007100690156,0
7673,5,7,0.11870759725570679,0.005616381764411926,1
7674,1,1,0.01112859696149826,4.1665123717393726e-05,0
7675,8,8,0.47819018363952637,0.020323922857642174,0
7676,2,2,0.008910156786441803,2.3091501134331338e-05,0
7677,6,6,0.000679859658703208,1.5749978388157615e-07,0
7678,8,8,1.5499326764256693e-06,8.008618182682448e-13,0
7679,6,6,0.0001276081893593073,6.135122188055675e-09,0
7680,3,7,0.1973874568939209,0.012109042145311832,1
7681,0,0,3.880733856931329e-05,2.9116795086103764e-10,0
7682,8,8,0.0019239436369389296,1.6147117776199593e-06,0
7683,0,0,0.012725604698061943,7.088437996571884e-05,0
7684,0,0,0.049906373023986816,0.0015888804337009788,0
7685,9,9,0.1565227508544922,0.008589938282966614,0
7686,9,8,0.24248039722442627,0.01467919908463955,1
7687,6,3,0.14584922790527344,0.006272879429161549,1
7688,8,8,0.02224580943584442,0.00012263334065210074,0
7689,0,0,0.14168870449066162,0.00803237222135067,0
7690,6,6,0.00017874460900202394,1.2991341336032747e-08,0
7691,6,6,1.9999046344310045e-05,8.742880031054057e-11,0
7692,0,0,0.013086378574371338,2.025749381573405e-05,0
7693,7,7,0.0021634618751704693,1.3972758097224869e-06,0
7694,9,9,1.683009759290144e-05,9.790065286230387e-11,0
7695,8,8,0.0035997238010168076,3.3675382837827783e-06,0
7696,0,0,9.961659088730812e-05,2.8068314339435574e-09,0
7697,5,5,0.05799254775047302,0.000964533188380301,0
7698,0,0,0.00013636209769174457,5.903182387356765e-09,0
7699,9,9,0.0015917741693556309,1.2104737834306434e-06,0
7700,6,6,9.409181075170636e-06,3.254227096127771e-11,0
7701,0,0,0.00022501643979921937,1.1372825348132665e-08,0
7702,4,4,0.0005110797937959433,7.449579442209142e-08,0
7703,7,7,0.00022739206906408072,2.3755436728833956e-08,0
7704,1,1,7.138166984077543e-05,2.2479125227903296e-09,0
7705,7,7,0.026265949010849,0.00021951005328446627,0
7706,8,8,0.005351610481739044,1.0229503459413536e-05,0
7707,8,8,0.02274131029844284,0.0001806475775083527,0
7708,2,4,0.05304330587387085,0.0015527360374107957,1
7709,3,3,0.10892319679260254,0.005031059496104717,0
7710,9,9,8.93730903044343e-05,3.937293158173816e-09,0
7711,6,3,0.1360253095626831,0.004921946208924055,1
7712,5,5,0.012613005936145782,6.579209730261937e-05,0
7713,5,5,0.001371871680021286,6.877689884277061e-07,0
7714,3,3,0.01418275386095047,0.00010527091944823042,0
7715,1,1,2.738737521212897e-07,3.4166446120876756e-14,0
7716,5,5,0.1000242829322815,0.00491661811247468,0
7717,3,3,0.08291006088256836,0.0026655434630811214,0
7718,0,0,4.345068009570241e-05,3.204947973678429e-10,0
7719,2,2,0.0035843588411808014,4.6087416194495745e-06,0
7720,5,5,0.05835223197937012,0.002412966685369611,0
7721,2,2,8.153382805176079e-05,1.576988317708583e-09,0
7722,7,7,0.061383843421936035,0.000998770585283637,0
7723,3,3,0.05715954303741455,0.0011876551434397697,0
7724,8,8,2.170148945879191e-06,9.863791641112618e-13,0
7725,4,4,0.00015871765208430588,8.458510336595282e-09,0
7726,4,4,0.00031052553094923496,2.3363629253481122e-08,0
7727,6,6,8.018678636290133e-05,1.8692607461900934e-09,0
7728,1,1,0.0004908370319753885,6.807935193364756e-08,0
7729,9,9,6.54873438179493e-05,9.37528943367738e-10,0
7730,4,4,0.011415034532546997,4.5961081923451275e-05,0
7731,1,1,3.3890373742906377e-06,3.112253076781313e-12,0
7732,7,7,0.00015562470071017742,1.0842867936844414e-08,0
7733,0,0,0.0013732705265283585,8.133457640724373e-07,0
7734,1,1,0.04047843813896179,0.0011886644642800093,0
7735,4,4,0.10582542419433594,0.004086507484316826,0
7736,3,3,0.035261571407318115,0.0013657386880367994,0
7737,0,0,0.0004325013142079115,7.646228539215372e-08,0
7738,2,2,4.5663415221497416e-05,4.777961359891947e-10,0
7739,9,9,7.883261332608527e-08,3.3211878105803786e-15,0
7740,4,4,0.007632248103618622,1.8287424609297886e-05,0
7741,5,5,0.08229342103004456,0.0038266978226602077,0
7742,0,0,0.001946249045431614,1.2913098998978967e-06,0
7743,3,3,0.035158514976501465,0.0014469579327851534,0
7744,4,6,0.19554728269577026,0.006825976073741913,1
7745,7,7,0.027202606201171875,0.00047005416126921773,0
7746,2,2,0.11505018174648285,0.005038938485085964,0
7747,3,3,0.01514822244644165,0.00041966052958741784,0
7748,0,0,0.0005683433264493942,4.214603066543532e-08,0
7749,1,1,8.09527700766921e-05,3.1234776987076884e-09,0
7750,3,5,0.25051045417785645,0.012287606485188007,1
7751,7,7,0.0003360377158969641,4.703292688645888e-08,0
7752,9,9,0.00017401657532900572,7.48419370921738e-09,0
7753,9,9,4.33154491474852e-06,8.179458846346854e-12,0
7754,0,0,0.0211600661277771,0.00013182991824578494,0
7755,7,7,0.0003867819905281067,4.1300943109945365e-08,0
7756,5,5,0.0929567813873291,0.0046882969327270985,0
7757,6,6,0.011937513947486877,4.477529728319496e-05,0
7758,7,7,1.3561701052822173e-05,6.940573810121364e-11,0
7759,1,1,0.00010674045188352466,2.288426559360346e-09,0
7760,2,2,0.25212305784225464,0.013715234585106373,0
7761,2,3,0.01229962706565857,0.0001232171489391476,1
7762,7,7,0.0001333665568381548,6.922121542629611e-09,0
7763,4,2,0.10137975215911865,0.005318380426615477,1
7764,6,6,4.23605706600938e-06,6.2035676075267165e-12,0
7765,8,8,0.0007603485137224197,2.473162226124259e-07,0
7766,4,4,0.09164068102836609,0.0030495068058371544,0
7767,9,9,0.00015158031601458788,1.1816288392196839e-08,0
7768,8,8,4.431751222000457e-06,7.657868263122314e-12,0
7769,4,4,0.0581706166267395,0.0015697352355346084,0
7770,9,9,7.984103285707533e-05,1.4930610081620443e-09,0
7771,2,2,0.06363850831985474,0.002493607811629772,0
7772,3,3,0.0013800011947751045,7.36421952751698e-07,0
7773,4,4,0.0015189764089882374,4.887418185717252e-07,0
7774,0,0,7.046342943795025e-05,2.142343413780168e-09,0
7775,2,2,8.959646947914734e-06,2.9425795133875e-11,0
7776,5,5,0.054317623376846313,0.0026322747580707073,0
7777,6,6,6.955455319257453e-06,1.3721209064787576e-11,0
7778,0,6,0.37000226974487305,0.016677316278219223,1
7779,5,5,0.12122845649719238,0.003892717882990837,0
7780,3,3,0.002736886963248253,2.3599807263963157e-06,0
7781,5,3,0.08340531587600708,0.005145546048879623,1
7782,8,8,4.781998086400563e-07,7.840780704825717e-14,0
7783,3,3,0.029179155826568604,0.000705437851138413,0
7784,7,4,0.08698290586471558,0.0025164757389575243,1
7785,4,2,0.20884299278259277,0.009442973881959915,1
7786,9,9,0.01346898078918457,5.257646625977941e-05,0
7787,5,5,0.047305911779403687,0.000694495567586273,0
7788,6,6,1.4168945199344307e-05,5.190509133612409e-11,0
7789,3,3,0.065218985080719,0.0010176366195082664,0
7790,8,8,0.06672216951847076,0.0020402197260409594,0
7791,6,6,0.007352903485298157,1.951201556948945e-05,0
7792,9,1,0.08334207534790039,0.0037297368980944157,1
7793,8,8,0.002389661967754364,2.2766657821193803e-06,0
7794,5,3,0.019665181636810303,0.0005767382099293172,1
7795,5,5,0.022381708025932312,0.00045721878996118903,0
7796,8,8,4.659531987272203e-05,5.938080027689807e-10,0
7797,3,6,0.10838603973388672,0.005163414869457483,1
7798,5,3,0.1476271152496338,0.008237970061600208,1
7799,9,9,0.04668109118938446,0.0006159754702821374,0
7800,0,0,0.008084461092948914,7.494098099414259e-05,0
7801,4,4,0.0011903252452611923,5.409472692008421e-07,0
7802,2,2,0.16781938076019287,0.0075628249906003475,0
7803,0,0,0.05615890026092529,0.0012098669540137053,0
7804,5,5,0.0024148039519786835,2.4681041850271868e-06,0
7805,9,9,0.03395681083202362,0.00033420175896026194,0
7806,9,9,0.00038072699680924416,5.419864379518913e-08,0
7807,3,3,0.015404202044010162,0.00011395350156817585,0
7808,8,8,4.736117261927575e-06,6.479257234903724e-12,0
7809,0,0,0.0012726308777928352,3.4228739309583034e-07,0
7810,6,6,2.4609602405689657e-05,1.5437434663923e-10,0
7811,0,0,0.007279258221387863,2.635088821989484e-05,0
7812,2,2,0.0016605439595878124,1.007336436487094e-06,0
7813,3,3,0.1547642946243286,0.006762214936316013,0
7814,7,7,0.0020590312778949738,9.91626393442857e-07,0
7815,0,8,0.012208320200443268,6.123227649368346e-05,1
7816,0,4,0.07191891968250275,0.0014814039459452033,1
7817,6,6,0.008548315614461899,2.2588672436540946e-05,0
7818,9,9,0.11392545700073242,0.002302336972206831,0
7819,1,1,2.010379103012383e-05,1.8674647939143085e-10,0
7820,5,5,0.022279992699623108,0.0004968911525793374,0
7821,2,0,0.2202085256576538,0.016828740015625954,1
7822,2,2,0.18669748306274414,0.010915697552263737,0
7823,7,7,0.0005575749091804028,9.07919783799116e-08,0
7824,9,9,0.04421620070934296,0.0004688780754804611,0
7825,3,3,0.03230169415473938,0.0003400630666874349,0
7826,9,9,0.011012952774763107,6.529355596285313e-05,0
7827,3,3,0.04226517677307129,0.0028518273029476404,0
7828,5,5,0.0038599707186222076,7.013192316662753e-06,0
7829,2,2,0.006320057436823845,6.223218406375963e-06,0
7830,2,2,0.002905042842030525,4.474923571251566e-06,0
7831,2,4,0.13125652074813843,0.006655269768089056,1
7832,8,8,1.0361168278905097e-07,1.0948122765894013e-14,0
7833,8,8,0.0010199793614447117,3.2812059203024546e-07,0
7834,5,5,2.433647750876844e-05,2.079616062689027e-10,0
7835,0,0,0.0032015210017561913,4.730862656288082e-06,0
7836,0,0,2.0183229935355484e-05,1.0957827006885523e-10,0
7837,7,7,7.891285349614918e-06,1.4386748736772148e-11,0
7838,0,0,0.00027934869285672903,2.5413896764803212e-08,0
7839,3,4,0.1294739693403244,0.006326392292976379,1
7840,1,1,0.0004577494692057371,6.242370176323675e-08,0
7841,6,3,0.10388827323913574,0.0036566208582371473,1
7842,5,4,0.016401216387748718,8.761396020418033e-05,1
7843,0,2,0.20667576789855957,0.007159627042710781,1
7844,9,9,3.7325253288145177e-07,4.366266462968449e-14,0
7845,2,2,0.0003526529762893915,3.322682928796894e-08,0
7846,6,6,0.0026402547955513,2.1932512481726008e-06,0
7847,7,7,0.0006597798783332109,1.1446468306530733e-07,0
7848,4,4,0.008310142904520035,2.2431875549955294e-05,0
7849,2,2,0.039369940757751465,0.0024744735565036535,0
7850,0,0,0.0002217983128502965,1.951861605675731e-08,0
7851,0,0,0.011242590844631195,5.050736217526719e-05,0
7852,5,7,0.1508520543575287,0.005457204766571522,1
7853,3,3,0.05694860219955444,0.0017541616689413786,0
7854,3,3,0.00586499460041523,1.817347038013395e-05,0
7855,2,2,0.061951518058776855,0.0024770754389464855,0
7856,6,6,0.0031099990010261536,2.237983153463574e-06,0
7857,4,4,0.059235185384750366,0.0008582586306147277,0
7858,2,2,0.0012035421095788479,3.850912833058828e-07,0
7859,7,7,0.004488973878324032,1.0867051969398744e-05,0
7860,8,8,0.00325818732380867,6.047310762369307e-06,0
7861,0,9,0.06515491008758545,0.0016362748574465513,1
7862,1,1,0.0019067805260419846,9.904291573548107e-07,0
7863,0,0,0.01622813194990158,0.0001178504535346292,0
7864,1,1,0.0019447281956672668,1.5395074797197594e-06,0
7865,3,3,0.03868977725505829,0.0009679870563559234,0
7866,6,6,0.001871147658675909,1.0943410870822845e-06,0
7867,4,4,0.03629612922668457,0.0004086826811544597,0
7868,8,8,0.00028665747959166765,2.399340814918105e-08,0
7869,0,0,0.0009728977456688881,2.667689784630056e-07,0
7870,6,6,0.0007735239341855049,1.8869006623845053e-07,0
7871,0,0,0.0005702227354049683,1.5796612728991022e-07,0
7872,9,9,7.647617167094722e-06,2.1302931640931888e-11,0
7873,1,1,0.0036318739876151085,3.1747185857966542e-06,0
7874,6,6,0.0012474795803427696,5.219327476879698e-07,0
7875,2,2,0.042013198137283325,0.0004930853610858321,0
7876,1,1,8.592149924879777e-08,6.9569077535964856e-15,0
7877,0,0,0.1728491187095642,0.010735388845205307,0
7878,1,1,0.0003216980258002877,4.637270123453163e-08,0
7879,3,3,0.0013141557574272156,1.632926569072879e-06,0
7880,0,0,0.042603179812431335,0.0004272651276551187,0
7881,3,4,0.038834065198898315,0.0013452747371047735,1
7882,7,7,0.03006008267402649,0.0002249397075502202,0
7883,9,9,0.0006591619458049536,1.7229434945420508e-07,0
7884,9,9,0.044539690017700195,0.0008191506494767964,0
7885,3,3,0.012645993381738663,4.053519296576269e-05,0
7886,7,7,8.225539932027459e-05,2.5624333765961183e-09,0
7887,5,5,0.010436728596687317,0.00010324566392228007,0
7888,7,7,0.0003773416392505169,5.4100020463465626e-08,0
7889,1,1,2.7780188247561455e-05,3.0724867094988895e-10,0
7890,6,6,0.0017948388122022152,1.0075642649098882e-06,0
7891,6,6,0.00011398328933864832,4.270690912022701e-09,0
7892,1,9,0.03635028004646301,0.0009081629104912281,1
7893,1,1,0.08491101861000061,0.0026878858916461468,0
7894,1,1,0.07756644487380981,0.002469299826771021,0
7895,4,4,0.00734623521566391,1.2758627235598397e-05,0
7896,4,3,0.08461380004882812,0.005148312542587519,1
7897,2,2,0.00035869714338332415,2.7572685468157943e-08,0
7898,1,1,1.6706690075807273e-05,1.243616321033869e-10,0
7899,7,7,0.06187662482261658,0.0018469818169251084,0
7900,0,0,0.039345622062683105,0.0005338446935638785,0
7901,1,1,0.011158216744661331,3.483620093902573e-05,0
7902,2,2,0.0011604540050029755,3.0296777708826994e-07,0
7903,1,1,0.006778176873922348,1.8709644791670144e-05,0
7904,1,8,0.07900464534759521,0.004621096421033144,1
7905,3,3,0.07325714826583862,0.0018725668778643012,0
7906,2,4,0.07264325022697449,0.0036129229702055454,1
7907,6,6,0.00025869417004287243,2.716268809876965e-08,0
7908,9,9,0.0436273068189621,0.0005899941315874457,0
7909,1,9,0.004095297306776047,2.80769245364354e-06,1
7910,3,5,0.10375833511352539,0.00931493192911148,1
7911,2,2,8.91295203473419e-05,2.560434975151793e-09,0
7912,0,0,0.06171247363090515,0.001046622870489955,0
7913,8,8,0.19142520427703857,0.009180386550724506,0
7914,7,7,0.0569523423910141,0.0007854990544728935,0
7915,3,3,0.018207937479019165,0.00012073712423443794,0
7916,4,4,0.02086496353149414,0.0001813439594116062,0
7917,6,6,0.007334895431995392,2.1910920622758567e-05,0
7918,4,4,0.008662782609462738,2.0468825823627412e-05,0
7919,6,6,0.00013369275256991386,3.2089499946152955e-09,0
7920,9,9,0.07766750454902649,0.0011240137973800302,0
7921,4,4,0.0629613995552063,0.0018310544546693563,0
7922,8,8,0.0014109122566878796,5.643810254696291e-07,0
7923,9,9,0.0010804831981658936,1.5635166050742555e-07,0
7924,3,3,0.09811067581176758,0.0028808717615902424,0
7925,0,0,0.003248359076678753,3.1051417863636743e-06,0
7926,5,5,0.047076672315597534,0.0018777779769152403,0
7927,7,7,0.004297276958823204,7.3777782745310105e-06,0
7928,2,2,0.015249878168106079,6.644836685154587e-05,0
7929,0,0,0.013606630265712738,0.00013529768330045044,0
7930,2,2,0.07703892886638641,0.0022829093504697084,0
7931,9,9,0.22364556789398193,0.01833817921578884,0
7932,9,9,0.15105020999908447,0.007593402173370123,0
7933,3,2,0.10279291868209839,0.004803248681128025,1
7934,8,8,0.0015841936692595482,6.832927965660929e-07,0
7935,7,7,0.0031534433364868164,3.5719526749744546e-06,0
7936,1,1,7.327875209739432e-06,2.3666398701882585e-11,0
7937,1,1,0.00011301043559797108,3.148817651066338e-09,0
7938,2,2,0.00029622914735227823,2.4026059364246066e-08,0
7939,2,2,0.12558984756469727,0.005669064354151487,0
7940,2,2,0.1530258059501648,0.007531966082751751,0
7941,5,5,0.026463553309440613,0.00017447513528168201,0
7942,9,9,0.015550509095191956,6.950848910491914e-05,0
7943,1,1,0.00825133640319109,2.855261482181959e-05,0
7944,2,2,0.00011707283556461334,5.741275899140419e-09,0
7945,6,6,0.0008705644868314266,2.7909669597647735e-07,0
7946,1,1,3.48708126693964e-05,5.230979538417557e-10,0
7947,2,6,0.05320024490356445,0.0012833549408242106,1
7948,1,1,5.482062988448888e-06,1.7200196128497325e-11,0
7949,8,8,0.00035703927278518677,2.2399573751386015e-08,0
7950,9,9,2.1702351205021841e-07,1.319722055161815e-14,0
7951,2,2,7.423041097354144e-06,2.518906437598556e-11,0
7952,3,3,0.1211099624633789,0.005599474534392357,0
7953,1,1,2.7779664378613234e-05,1.8336945850627728e-10,0
7954,9,9,0.001164912711828947,5.243565510681947e-07,0
7955,9,9,5.6090037105605006e-05,9.945011480994026e-10,0
7956,4,3,0.0424061119556427,0.0004364699707366526,1
7957,4,4,0.0005563442828133702,1.1389631993097282e-07,0
7958,5,3,0.0812833309173584,0.0017214380204677582,1
7959,5,5,0.1055687665939331,0.005345443729311228,0
7960,0,0,0.0169321708381176,6.495186244137585e-05,0
7961,3,3,0.06845211982727051,0.0015478944405913353,0
7962,3,5,0.06470489501953125,0.002436793642118573,1
7963,7,7,0.00019283522851765156,8.369005932706841e-09,0
7964,1,1,0.002483387477695942,2.625502474984387e-06,0
7965,7,7,8.269655518233776e-05,1.196628462984961e-09,0
7966,7,7,0.0015125619247555733,1.1165418527525617e-06,0
7967,9,1,0.11246472597122192,0.007804642431437969,1
7968,8,8,1.2615753803402185e-05,3.131085321572691e-11,0
7969,6,6,0.012233622372150421,6.434668466681615e-05,0
7970,3,5,0.03935191035270691,0.001734899589791894,1
7971,5,5,4.343854379840195e-05,9.011895119037661e-10,0
7972,5,5,0.0303497314453125,0.0007188592571765184,0
7973,1,1,9.383828000864014e-06,3.82900863793445e-11,0
7974,6,6,0.0243096724152565,0.000322171748848632,0
7975,2,2,1.3628905435325578e-06,6.623092916116513e-13,0
7976,7,7,0.05661576986312866,0.0017914667259901762,0
7977,8,8,6.474385736510158e-05,8.24059820381251e-10,0
7978,4,4,0.045624732971191406,0.0005536810494959354,0
7979,3,3,0.039708346128463745,0.0011896085925400257,0
7980,3,3,0.034952908754348755,0.0003436330589465797,0
7981,5,5,0.019084185361862183,0.0001041938885464333,0
7982,9,9,0.007949614897370338,2.4784840206848457e-05,0
7983,6,2,0.1546839475631714,0.011140933260321617,1
7984,8,8,1.3251741620479152e-05,7.707371546539221e-11,0
7985,5,5,0.007997697219252586,2.7483130907057784e-05,0
7986,1,1,8.232324034906924e-06,3.1085856111445764e-11,0
7987,0,0,0.0002699864562600851,2.1083653933828828e-08,0
7988,6,6,0.008926168084144592,3.456504418863915e-05,0
7989,7,3,0.10007500648498535,0.0027355735655874014,1
7990,0,4,0.1719743013381958,0.006288680247962475,1
7991,9,9,1.6349098586943e-05,1.1280869294250095e-10,0
7992,6,6,6.029495852999389e-05,1.4828929195687124e-09,0
7993,2,2,0.0063765086233615875,9.79288415692281e-06,0
7994,0,0,0.03733834624290466,0.00038004020461812615,0
7995,8,8,5.984702511341311e-07,9.890912822932071e-14,0
7996,7,7,0.029811903834342957,0.0002378214558120817,0
7997,1,1,9.883897291729227e-07,3.704306826557424e-13,0
7998,2,2,0.010004974901676178,2.354577009100467e-05,0
7999,6,6,0.02025751769542694,0.00012651443830691278,0
8000,9,9,1.7600454157218337e-05,1.4252340974074684e-10,0
8001,1,1,0.0015691653825342655,1.0187104635406286e-06,0
8002,6,6,7.131666643545032e-05,2.1228199198475295e-09,0
8003,4,6,0.1945258378982544,0.009203716181218624,1
8004,7,7,0.011821700260043144,5.640171730192378e-05,0
8005,1,1,9.032091838889755e-07,3.886235951100492e-13,0
8006,9,9,0.004470344632863998,3.5402379126026062e-06,0
8007,0,0,0.1476593017578125,0.008725467137992382,0
8008,0,0,0.0031504109501838684,4.39181621914031e-06,0
8009,5,3,0.08053040504455566,0.003545976709574461,1
8010,2,2,0.006365027278661728,7.657551577722188e-06,0
8011,8,8,0.004229776561260223,8.522357347828802e-06,0
8012,3,3,0.00025079259648919106,3.6305603856590096e-08,0
8013,8,8,0.006480298936367035,2.082968785543926e-05,0
8014,2,2,0.03538870811462402,0.0003473380929790437,0
8015,8,8,0.005777448415756226,1.0555531844147481e-05,0
8016,4,4,0.02225324511528015,0.00017648805805947632,0
8017,0,0,0.012112494558095932,7.507135160267353e-05,0
8018,8,8,0.0083895493298769,3.6464603908825666e-05,0
8019,3,3,0.0013916930183768272,7.804746928741224e-07,0
8020,6,6,0.13857483863830566,0.01096537709236145,0
8021,1,1,1.454519406252075e-06,6.974977236409718e-13,0
8022,2,2,0.002433914691209793,1.8291250398760894e-06,0
8023,3,3,0.03310269117355347,0.0005492017371580005,0
8024,0,0,0.01050647348165512,6.405037129297853e-05,0
8025,5,5,0.025401867926120758,0.0002726187522057444,0
8026,0,0,1.6748141206335276e-05,6.167349270169709e-11,0
8027,4,4,0.009227525442838669,1.620942202862352e-05,0
8028,1,1,0.0004218178801238537,9.332203632084202e-08,0
8029,7,7,0.0001346454955637455,7.270640534073891e-09,0
8030,2,2,0.027575016021728516,0.00014763814397156239,0
8031,0,0,0.015477031469345093,0.00010653239587554708,0
8032,1,1,0.004520731046795845,8.297251952171791e-06,0
8033,3,3,0.07031601667404175,0.005481542553752661,0
8034,9,9,9.631530701881275e-06,4.5101585660622945e-11,0
8035,1,1,0.01595095358788967,5.111061182105914e-05,0
8036,6,6,0.002397734671831131,1.2397157433952088e-06,0
8037,1,1,1.2592259736265987e-05,4.3187276671519115e-11,0
8038,6,6,0.00022683257702738047,1.938373372922797e-08,0
8039,1,1,0.00012226644321344793,6.620715531369115e-09,0
8040,2,2,0.000885913847014308,2.590101075838902e-07,0
8041,8,3,0.06366696953773499,0.0008997510885819793,1
8042,7,7,0.001722556073218584,8.613577051619359e-07,0
8043,0,2,0.23805060982704163,0.019815295934677124,1
8044,9,0,0.08142435550689697,0.003964305855333805,1
8045,5,5,0.0006597673054784536,1.2972324725524231e-07,0
8046,8,7,0.20392441749572754,0.007626608945429325,1
8047,0,4,0.09780728816986084,0.0031064057257026434,1
8048,0,0,0.11174428462982178,0.0032680765725672245,0
8049,1,1,0.0002860241802409291,3.819499738710874e-08,0
8050,7,7,0.012489564716815948,4.533831452135928e-05,0
8051,9,9,0.012609712779521942,7.414303399855271e-05,0
8052,7,7,0.18741416931152344,0.007937202230095863,0
8053,1,1,0.0017787609249353409,1.653053573136276e-06,0
8054,9,9,0.000566697446629405,1.248571379619534e-07,0
8055,2,2,0.00017454742919653654,1.1779393460642495e-08,0
8056,1,1,0.0040066782385110855,6.411143658624496e-06,0
8057,9,9,0.003472067415714264,4.90013326270855e-06,0
8058,4,0,0.2333030104637146,0.011295417323708534,1
8059,3,3,0.00027678441256284714,3.189649433466002e-08,0
8060,6,6,0.00014166539767757058,4.058760882941215e-09,0
8061,0,0,0.00022214744240045547,1.2182232111968005e-08,0
8062,2,2,0.0009248410351574421,1.6218297105297097e-07,0
8063,0,0,0.002026369795203209,1.6055979585871683e-06,0
8064,0,0,0.0012391405180096626,5.15671388257033e-07,0
8065,9,9,5.7157594710588455e-05,1.4245864488060533e-09,0
8066,9,3,0.05660742521286011,0.0008203798206523061,1
8067,8,8,0.00020027649588882923,1.551899231344578e-08,0
8068,9,9,0.0016789073124527931,7.071310506034933e-07,0
8069,4,4,0.03057175874710083,0.0005594183458015323,0
8070,5,5,0.0006319242529571056,1.4489521049654286e-07,0
8071,4,4,0.13275617361068726,0.009689965285360813,0
8072,3,3,0.026851266622543335,0.0010168018052354455,0
8073,0,0,0.08637979626655579,0.00334145943634212,0
8074,7,7,0.12441539764404297,0.00515817990526557,0
8075,8,8,0.0011995178647339344,3.987984200648498e-07,0
8076,7,7,0.0005723421927541494,7.030388360362849e-08,0
8077,3,3,0.05549851059913635,0.0007823524065315723,0
8078,7,7,0.12011551856994629,0.0033944074530154467,0
8079,5,3,0.0937185287475586,0.0025825316552072763,1
8080,4,4,0.0071442872285842896,1.9346267436048947e-05,0
8081,6,6,0.0018631257116794586,1.121787818192388e-06,0
8082,5,5,0.0025533316656947136,4.215630724502262e-06,0
8083,9,9,4.813852137885988e-05,5.936616753743351e-10,0
8084,5,3,0.08685660362243652,0.0025740948040038347,1
8085,2,2,0.0001798076555132866,6.87692880418922e-09,0
8086,4,4,0.1527862548828125,0.00609255488961935,0
8087,2,3,0.13138198852539062,0.004483689554035664,1
8088,7,7,2.16013995668618e-06,1.5849740140141955e-12,0
8089,9,9,4.262454240233637e-06,6.678011008759421e-12,0
8090,6,6,0.0013900352641940117,5.31185776253551e-07,0
8091,7,7,0.2550591826438904,0.011966822668910027,0
8092,4,0,0.07760179042816162,0.0015465179458260536,1
8093,7,7,0.07698124647140503,0.002937489654868841,0
8094,1,1,0.0002736683236435056,2.7411578784608537e-08,0
8095,2,2,0.006320059299468994,1.0654821380740032e-05,0
8096,3,3,0.0005503327120095491,8.76377796998895e-08,0
8097,1,1,0.01713654398918152,0.0001165946014225483,0
8098,1,1,0.09576356410980225,0.006539566908031702,0
8099,3,3,0.0289546400308609,0.0002768624690361321,0
8100,6,6,0.10488426685333252,0.004302743822336197,0
8101,8,8,0.00020807795226573944,2.154734879411535e-08,0
8102,3,3,0.009060084819793701,2.075010161206592e-05,0
8103,7,7,0.06956034898757935,0.002364465733990073,0
8104,7,7,0.07522869110107422,0.002237661276012659,0
8105,0,0,0.0004053697921335697,3.0350076229979095e-08,0
8106,8,8,1.8053497115033679e-06,9.510266922932442e-13,0
8107,1,1,0.00043549202382564545,6.6509812768345e-08,0
8108,5,5,0.0010642141569405794,4.889094498139457e-07,0
8109,2,2,0.011963006108999252,3.453751924098469e-05,0
8110,5,6,0.10849374532699585,0.005351558793336153,1
8111,5,5,0.07777264714241028,0.0013965679099783301,0
8112,3,3,0.0863732099533081,0.0021927463822066784,0
8113,6,6,3.158603794872761e-05,3.3915609209955733e-10,0
8114,3,3,0.016635634005069733,0.0001057576373568736,0
8115,5,5,0.05398070812225342,0.0017217593267560005,0
8116,9,9,0.005839623510837555,1.0063664376502857e-05,0
8117,8,8,0.0009760339744389057,2.927465345692326e-07,0
8118,4,4,0.040062278509140015,0.0003416721592657268,0
8119,6,2,0.10731101036071777,0.006916316691786051,1
8120,8,8,0.07704740762710571,0.005155414342880249,0
8121,0,0,0.0010440661571919918,4.772742272507458e-07,0
8122,4,4,0.07166051864624023,0.004374171141535044,0
8123,1,1,0.03276713937520981,0.00016950051940511912,0
8124,7,7,9.823049185797572e-05,2.9156805858576718e-09,0
8125,8,8,0.018399495631456375,0.00012927694479003549,0
8126,4,4,0.01728379726409912,5.698373934137635e-05,0
8127,9,9,0.001196318306028843,3.4577840324345743e-07,0
8128,7,3,0.0710456371307373,0.002586553106084466,1
8129,2,2,0.0005912345368415117,1.5288608778973867e-07,0
8130,6,6,0.0005494875367730856,8.111034333069256e-08,0
8131,3,3,0.02757123112678528,0.00035444097011350095,0
8132,8,8,0.0001010242267511785,3.986900143360117e-09,0
8133,8,8,0.011214278638362885,3.9192931581055745e-05,0
8134,6,6,0.002117220312356949,1.8916429098680965e-06,0
8135,7,7,0.04064476490020752,0.0006362125859595835,0
8136,3,3,0.02888140082359314,0.000174933229573071,0
8137,8,8,0.14533816277980804,0.008069286122918129,0
8138,1,1,0.2507157325744629,0.013056199066340923,0
8139,1,1,0.008492730557918549,4.0903127228375524e-05,0
8140,5,5,0.06821286678314209,0.002377388533204794,0
8141,3,3,0.0066411979496479034,2.4270975700346753e-05,0
8142,7,7,0.010022610425949097,3.191662472090684e-05,0
8143,9,9,0.01254989206790924,3.19027531077154e-05,0
8144,9,9,0.00018585857469588518,1.3722160296936181e-08,0
8145,9,9,0.014922082424163818,7.02137331245467e-05,0
8146,8,0,0.23952841758728027,0.012912903912365437,1
8147,5,5,0.02145691215991974,0.0004154748748987913,0
8148,9,9,0.0004134690389037132,3.6909938216922455e-08,0
8149,9,9,0.00011188635835424066,5.170909922469491e-09,0
8150,6,6,1.4989200280979276e-06,9.559074452131222e-13,0
8151,8,8,8.988308763946407e-07,2.0403419080140817e-13,0
8152,8,8,7.094163447618484e-05,1.3605547799500073e-09,0
8153,4,4,0.05796849727630615,0.0011056039948016405,0
8154,8,8,0.0018276162445545197,8.474087849208445e-07,0
8155,1,1,5.648851129080867e-07,1.2672713356129406e-13,0
8156,0,0,0.004369776695966721,6.971119091758737e-06,0
8157,1,1,2.1233336156001315e-07,2.2969907226277897e-14,0
8158,8,8,2.2472149794339202e-06,1.7049822925024882e-12,0
8159,8,8,1.4748761714145076e-06,4.931445876654728e-13,0
8160,6,6,0.010030020028352737,4.422182246344164e-05,0
8161,5,5,0.056199222803115845,0.0017285465728491545,0
8162,9,9,0.00016128330025821924,1.0438298225778908e-08,0
8163,0,0,0.000646703178063035,2.1803369065764855e-07,0
8164,6,6,1.7120051779784262e-05,7.915561262006321e-11,0
8165,1,1,0.002716450020670891,3.60568446922116e-06,0
8166,2,6,0.17301452159881592,0.007837522774934769,1
8167,6,6,0.0004283236339688301,7.804941049016634e-08,0
8168,6,6,0.009453840553760529,2.8589169232873246e-05,0
8169,3,4,0.08605790138244629,0.003450019285082817,1
8170,5,5,7.649950566701591e-05,1.5523842211706551e-09,0
8171,6,6,0.1130552589893341,0.0019779319409281015,0
8172,5,5,0.023034244775772095,0.000305894878692925,0
8173,5,3,0.0948733389377594,0.0019892605487257242,1
8174,3,3,0.010676652193069458,0.0004742874880321324,0
8175,3,3,0.007572546601295471,4.168520536040887e-05,0
8176,6,6,0.08841830492019653,0.003841101424768567,0
8177,8,9,0.0003021113807335496,2.2120710596595927e-08,1
8178,9,9,0.002947269007563591,6.068959010008257e-06,0
8179,4,4,9.841860446613282e-06,4.240603007632515e-11,0
8180,4,2,0.01010788232088089,5.485315341502428e-05,1
8181,3,3,0.04201690852642059,0.0009917651768773794,0
8182,8,8,0.00023947563022375107,1.549630468389296e-08,0
8183,3,3,0.04041910171508789,0.0031874305568635464,0
8184,6,6,0.00017937540542334318,7.3465598049438086e-09,0
8185,0,0,0.0028227418661117554,3.455013256825623e-06,0
8186,8,8,0.0007706023752689362,1.4832768613359804e-07,0
8187,5,5,0.01758580654859543,0.00011836849444080144,0
8188,7,7,0.004951433278620243,1.2655361388169695e-05,0
8189,8,8,1.2564792996272445e-05,3.4064469994765645e-11,0
8190,4,4,0.05584624409675598,0.0008726915111765265,0
8191,6,6,0.10788068175315857,0.003967954311519861,0
8192,5,5,0.004720680415630341,1.1348025509505533e-05,0
8193,3,5,0.17095965147018433,0.011382514610886574,1
8194,1,1,0.0019799917936325073,2.1763521544926334e-06,0
8195,8,8,0.00014516920782625675,6.6040142243650735e-09,0
8196,3,3,0.05070871114730835,0.0007070376304909587,0
8197,0,0,0.0016516130417585373,1.2009796819256735e-06,0
8198,4,4,0.02900676429271698,0.000294579251203686,0
8199,4,9,0.20246613025665283,0.0064102960750460625,1
8200,3,0,0.22561490535736084,0.009159433655440807,1
8201,3,3,0.01547454297542572,0.00014024808479007334,0
8202,5,5,0.0602557510137558,0.0013763459865003824,0
8203,3,3,0.0019851750694215298,1.446662508897134e-06,0
8204,3,3,0.0021922243759036064,2.153935838578036e-06,0
8205,2,2,0.0035651372745633125,4.488462764129508e-06,0
8206,7,7,0.0007625315338373184,9.749275164949722e-08,0
8207,7,7,1.3983924873173237e-05,6.640867022955632e-11,0
8208,8,8,0.39544904232025146,0.022310445085167885,0
8209,2,4,0.1329495906829834,0.007087603211402893,1
8210,0,0,0.0018385639414191246,8.891837524060975e-07,0
8211,5,5,0.00012709491420537233,5.397942981488768e-09,0
8212,5,3,0.05090749263763428,0.0007705974858254194,1
8213,6,6,0.0003357542445883155,2.2545542321950052e-08,0
8214,1,1,3.089316305704415e-05,4.162870603785507e-10,0
8215,1,1,0.0001993782352656126,1.8156267600488718e-08,0
8216,3,3,0.0755910873413086,0.006295688450336456,0
8217,9,9,5.620142474072054e-06,1.7905229382497723e-11,0
8218,9,9,0.03789903223514557,0.000422085722675547,0
8219,3,2,0.13376379013061523,0.00584016228094697,1
8220,6,6,0.27246391773223877,0.012391886673867702,0
8221,7,7,0.0014990470372140408,9.341895861325611e-07,0
8222,1,1,0.04326765239238739,0.0008688746020197868,0
8223,8,8,0.00015496305422857404,7.908021792957243e-09,0
8224,3,3,0.040573850274086,0.0005086564924567938,0
8225,9,9,0.2101847231388092,0.01076964195817709,0
8226,8,3,0.21581172943115234,0.007368571124970913,1
8227,7,7,0.022222913801670074,0.00024251043214462698,0
8228,8,8,3.0907889595255256e-05,3.6742062170525003e-10,0
8229,8,8,0.18304598331451416,0.009128729812800884,0
8230,0,0,0.014177266508340836,5.69511903449893e-05,0
8231,3,3,0.18357610702514648,0.008957592770457268,0
8232,2,2,0.00022622448159381747,1.5797066765799173e-08,0
8233,4,4,0.19426661729812622,0.011445070616900921,0
8234,8,8,0.17589634656906128,0.0096967788413167,0
8235,7,7,1.0791063687065616e-06,4.375320093209789e-13,0
8236,5,3,0.09270572662353516,0.0028215087950229645,1
8237,7,7,0.0021967682987451553,3.1148508696787758e-06,0
8238,1,1,0.001272805966436863,6.948314990040672e-07,0
8239,8,8,6.548241799464449e-06,1.155832287519365e-11,0
8240,7,7,0.0005336154717952013,9.143978729753144e-08,0
8241,3,6,0.13064545392990112,0.010012674145400524,1
8242,5,5,0.07179448008537292,0.0031776023097336292,0
8243,4,4,0.0002566981129348278,2.827784228998098e-08,0
8244,4,4,0.024990826845169067,0.0002659820020198822,0
8245,3,5,0.08429750800132751,0.006176037713885307,1
8246,8,8,0.00024527055211365223,2.806379129083325e-08,0
8247,6,6,0.0001502570230513811,9.132298472991351e-09,0
8248,1,1,0.013727761805057526,6.269619916565716e-05,0
8249,1,1,0.0041445353999733925,8.86186353454832e-06,0
8250,6,6,0.03634665161371231,0.0002915633376687765,0
8251,3,3,0.01597774773836136,7.541207742178813e-05,0
8252,2,2,0.03167775273323059,0.00046176681644283235,0
8253,2,2,0.0005593830719590187,8.789427141664419e-08,0
8254,8,8,0.11286476254463196,0.0037913615815341473,0
8255,9,9,1.2206219253130257e-06,2.90849863724546e-13,0
8256,8,8,0.0011996724642813206,6.181903131619038e-07,0
8257,3,3,0.036538898944854736,0.00099298229906708,0
8258,3,3,0.08749353885650635,0.0028261090628802776,0
8259,8,8,0.10983395576477051,0.004163587000221014,0
8260,1,1,0.000468552578240633,9.552975654969487e-08,0
8261,1,0,0.1241188645362854,0.003309743944555521,1
8262,0,0,0.006846241652965546,4.659149999497458e-05,0
8263,5,5,0.004651617258787155,9.7173160611419e-06,0
8264,2,2,2.7276758629568576e-09,4.901656726042095e-19,0
8265,0,0,0.00623867753893137,1.274941587325884e-05,0
8266,5,5,0.08348739147186279,0.003922381438314915,0
8267,0,0,0.11545801162719727,0.0036383499391376972,0
8268,5,2,0.1672506332397461,0.00805526040494442,1
8269,8,8,0.2825589179992676,0.013458500616252422,0
8270,6,6,0.0006777034141123295,1.7346793868000532e-07,0
8271,3,3,0.026164650917053223,0.00048378692008554935,0
8272,9,9,0.16224300861358643,0.009111081250011921,0
8273,6,6,2.590130316093564e-05,2.457693215607293e-10,0
8274,6,6,0.015077315270900726,0.00010888893302762881,0
8275,3,3,0.040133774280548096,0.0020525329746305943,0
8276,9,0,0.14148378372192383,0.009962303563952446,1
8277,4,4,0.02304168790578842,0.00017497886437922716,0
8278,8,8,5.228837835602462e-05,5.431792793331169e-10,0
8279,3,3,0.019665762782096863,0.0002489756734576076,0
8280,4,4,0.0420844703912735,0.0006995361181907356,0
8281,3,3,0.045702993869781494,0.0028116812463849783,0
8282,1,1,4.7309964429587126e-05,1.023484630380267e-09,0
8283,1,1,0.06385686993598938,0.0006447272608056664,0
8284,2,2,0.0014070505276322365,4.909793460683431e-07,0
8285,9,9,0.0017559416592121124,1.2078112376912031e-06,0
8286,7,2,0.1409151554107666,0.005509117152541876,1
8287,8,8,0.0002405562554486096,1.973494434537315e-08,0
8288,5,5,4.405933395901229e-07,4.6962830353063437e-14,0
8289,5,5,0.03270922601222992,0.0003808814799413085,0
8290,8,8,0.0066635459661483765,2.434814814478159e-05,0
8291,6,6,0.06575196981430054,0.0010364112677052617,0
8292,9,9,0.05485530197620392,0.001173539087176323,0
8293,0,0,1.563009573146701e-05,6.041828148894979e-11,0
8294,8,8,2.1929417926003225e-06,1.0748882253025505e-12,0
8295,3,0,0.12443986535072327,0.004268761724233627,1
8296,5,3,0.22574883699417114,0.01460441667586565,1
8297,1,1,0.0002721133641898632,1.7277052677400206e-08,0
8298,3,2,0.15303540229797363,0.009172630496323109,1
8299,3,3,0.0026912204921245575,4.405484105518553e-06,0
8300,5,3,0.0755462646484375,0.003607979044318199,1
8301,5,5,0.03584699332714081,0.00040868521318770945,0
8302,3,3,0.004330139607191086,6.422787009796593e-06,0
8303,8,8,0.03287222981452942,0.00047021740465424955,0
8304,1,9,0.012853100895881653,3.423960879445076e-05,1
8305,4,4,0.020735472440719604,0.0001996707869693637,0
8306,6,6,0.19588637351989746,0.013874826021492481,0
8307,4,4,1.1512142350511567e-08,9.512784832129692e-17,0
8308,2,2,0.2637902498245239,0.01911146380007267,0
8309,4,4,0.010575171560049057,3.649908467195928e-05,0
8310,3,3,0.027855820953845978,0.00025736255338415504,0
8311,8,8,0.0013441492337733507,4.1859681232381263e-07,0
8312,9,9,0.04308253526687622,0.0013478533364832401,0
8313,6,6,0.0005640177987515926,1.2018972483929247e-07,0
8314,6,2,0.03426998853683472,0.00044111176976002753,1
8315,6,6,0.0013619381934404373,5.877939202036941e-07,0
8316,5,5,0.0747525691986084,0.004247858189046383,0
8317,5,5,0.11250489950180054,0.00495974812656641,0
8318,2,2,0.036988526582717896,0.00040241930400952697,0
8319,7,7,0.02393336594104767,0.00022085453383624554,0
8320,7,7,0.05878433585166931,0.0014142583822831511,0
8321,4,4,0.01994350552558899,0.00012101260654162616,0
8322,4,4,0.021775607019662857,0.00013165641576051712,0
8323,9,9,0.1836773157119751,0.007679601665586233,0
8324,3,5,0.13682520389556885,0.006395723670721054,1
8325,8,0,0.1535496711730957,0.0077603361569345,1
8326,3,5,0.061129987239837646,0.002766053192317486,1
8327,7,7,0.0015317313373088837,7.307222631425248e-07,0
8328,7,7,0.00017731753177940845,7.348043506993918e-09,0
8329,8,8,0.0055507756769657135,1.4790076420467813e-05,0
8330,5,5,0.0002947889734059572,3.8970519256054104e-08,0
8331,3,4,0.09794440865516663,0.00295466766692698,1
8332,9,9,0.002678627148270607,2.1508208192244638e-06,0
8333,1,1,0.010037954896688461,2.7278179913992062e-05,0
8334,6,6,0.0023132748901844025,1.963381464520353e-06,0
8335,7,3,0.08660519123077393,0.0042247227393090725,1
8336,3,3,0.01409505307674408,0.00014029419980943203,0
8337,3,3,0.043820083141326904,0.0007731944206170738,0
8338,3,3,0.2895858883857727,0.011457378976047039,0
8339,8,8,0.0033503733575344086,5.838493507326348e-06,0
8340,5,5,0.05282878875732422,0.0019600153900682926,0
8341,6,6,0.06631320714950562,0.0012067107018083334,0
8342,1,1,0.01317332312464714,7.080727664288133e-05,0
8343,3,3,0.0078197680413723,3.072039544349536e-05,0
8344,7,2,0.07556074857711792,0.0015653042355552316,1
8345,9,9,0.07230453193187714,0.001090134959667921,0
8346,6,6,0.12835711240768433,0.0062589929439127445,0
8347,1,1,0.004125972278416157,8.401564628002234e-06,0
8348,6,3,0.09942615032196045,0.006281502544879913,1
8349,4,4,0.028254231438040733,0.00031607187702320516,0
8350,9,9,0.014321967959403992,5.651854371535592e-05,0
8351,0,0,0.04814131557941437,0.0009182530338875949,0
8352,5,5,0.14652231335639954,0.009147312492132187,0
8353,7,7,0.008069640956819057,2.4321412638528273e-05,0
8354,4,4,0.02315519005060196,0.00016925328236538917,0
8355,9,9,3.3456285564170685e-07,3.8826723140848035e-14,0
8356,1,1,1.6685124137438834e-05,5.593316435015261e-11,0
8357,0,6,0.2783583402633667,0.013028696179389954,1
8358,0,0,0.001524109859019518,3.335595692988136e-07,0
8359,2,6,0.06552278995513916,0.0027553290128707886,1
8360,7,7,8.488094317726791e-05,1.3499781292836133e-09,0
8361,8,8,0.18037045001983643,0.007431420031934977,0
8362,3,5,0.14411532878875732,0.006989389657974243,1
8363,2,2,0.03451372683048248,0.00047428597463294864,0
8364,7,7,0.2012932300567627,0.007988505065441132,0
8365,6,6,1.6590289305895567e-05,4.9928942924548636e-11,0
8366,1,1,0.0007470813579857349,3.081618729083857e-07,0
8367,6,6,0.011784985661506653,4.123831240576692e-05,0
8368,6,6,6.095123535487801e-05,1.2616900857409519e-09,0
8369,4,4,0.0052091339603066444,9.63749971560901e-06,0
8370,4,4,0.03654450178146362,0.0005484811263158917,0
8371,2,2,0.000360773759894073,2.54937280175227e-08,0
8372,1,1,0.04491204023361206,0.0005071952473372221,0
8373,8,8,7.202911547210533e-07,1.03954158107121e-13,0
8374,4,4,0.00046469131484627724,8.404597195976748e-08,0
8375,4,4,0.005423042923212051,1.093206628866028e-05,0
8376,7,7,0.07826650142669678,0.00193706713616848,0
8377,8,8,0.00033406075090169907,1.9414937213468875e-08,0
8378,5,3,0.018241822719573975,0.0005567773478105664,1
8379,8,8,7.755888873361982e-07,2.720536469713597e-13,0
8380,9,9,0.0011230218224227428,3.93455280800481e-07,0
8381,4,4,0.08869940042495728,0.0044071427546441555,0
8382,3,3,0.010217424482107162,3.079442831221968e-05,0
8383,2,2,0.0037549566477537155,2.489601229171967e-06,0
8384,2,2,0.01140868291258812,3.9094196836231276e-05,0
8385,9,8,0.21196824312210083,0.008176503702998161,1
8386,3,3,0.004584215581417084,7.680117050767876e-06,0
8387,0,0,0.17108207941055298,0.009257182478904724,0
8388,1,1,0.00494135357439518,1.2938015061081387e-05,0
8389,1,1,0.10355713963508606,0.0035812705755233765,0
8390,1,1,0.00016799656441435218,1.2774930446823873e-08,0
8391,1,1,0.00482519343495369,7.411782462440897e-06,0
8392,6,6,0.0040007419884204865,4.266829819243867e-06,0
8393,8,8,7.714701496297494e-06,1.774844507473894e-11,0
8394,7,7,0.25012922286987305,0.008281202986836433,0
8395,1,1,3.8914906326681376e-05,3.5098829398449993e-10,0
8396,3,3,0.07693451642990112,0.0030606971122324467,0
8397,0,0,0.09663635492324829,0.006822875235229731,0
8398,4,4,0.064037024974823,0.001362839830107987,0
8399,5,5,0.10022038221359253,0.005381470546126366,0
8400,0,0,0.009586291387677193,3.474095865385607e-05,0
8401,3,5,0.08970820903778076,0.0034571303986012936,1
8402,0,0,0.005295507609844208,6.211567779246252e-06,0
8403,6,6,0.011819861829280853,7.109891157597303e-05,0
8404,2,2,0.121426522731781,0.004055488854646683,0
8405,0,3,0.0974431037902832,0.003962494898587465,1
8406,9,9,0.001585199497640133,1.130551254391321e-06,0
8407,8,8,0.00011752167483791709,2.9344504604011945e-09,0
8408,6,6,0.0002247473457828164,2.0378184473202055e-08,0
8409,8,8,0.012780845165252686,6.790643965359777e-05,0
8410,5,3,0.08051353693008423,0.0027705859392881393,1
8411,8,8,4.231739148963243e-05,7.964647830149829e-10,0
8412,2,2,0.0022006630897521973,1.0882538390433183e-06,0
8413,9,0,0.2670876979827881,0.010353085584938526,1
8414,6,6,1.5566169167868793e-05,8.254756600489799e-11,0
8415,0,0,0.0006011906079947948,1.0276060891101224e-07,0
8416,6,6,0.0026454050093889236,2.360228563702549e-06,0
8417,1,1,0.001231130212545395,7.525212026848749e-07,0
8418,8,8,3.090295649599284e-05,3.0248603621885195e-10,0
8419,7,7,0.029415741562843323,0.0004058477934449911,0
8420,3,6,0.05457574129104614,0.0016280070412904024,1
8421,2,2,0.0015841033309698105,6.442827498176484e-07,0
8422,2,2,0.030443184077739716,0.0002550743520259857,0
8423,6,6,0.0001184764550998807,5.381495693512761e-09,0
8424,5,5,0.025316327810287476,0.0004082265659235418,0
8425,6,2,0.01655203104019165,0.0001267159532289952,1
8426,9,9,1.241336121893255e-06,6.266928707747421e-13,0
8427,2,2,0.00028584839310497046,1.3917504482208187e-08,0
8428,5,3,0.11185550689697266,0.00447935750707984,1
8429,4,4,4.249386256560683e-05,6.184592837854552e-10,0
8430,9,9,0.0001516680931672454,6.7674923442950785e-09,0
8431,8,8,0.005826467648148537,1.016032365441788e-05,0
8432,5,5,0.015315450727939606,0.00011782562069129199,0
8433,3,3,0.02807241678237915,0.0003312152111902833,0
8434,9,9,0.00011209328658878803,5.4180882003151964e-09,0
8435,3,3,0.0898999273777008,0.002309555886313319,0
8436,5,5,0.007754657417535782,2.6117038942174986e-05,0
8437,7,7,0.0014907950535416603,6.897756748003303e-07,0
8438,1,1,0.00013282685540616512,6.763380522301077e-09,0
8439,8,8,0.0020392942242324352,1.6192161638173275e-06,0
8440,5,2,0.12427878379821777,0.006675021257251501,1
8441,8,8,4.019912739749998e-05,6.659969242761576e-10,0
8442,6,6,0.002890361472964287,1.7335130451101577e-06,0
8443,2,4,0.16924142837524414,0.0068984562531113625,1
8444,5,5,0.017671287059783936,0.0001568566367495805,0
8445,1,1,0.000223316194023937,1.3631238360289899e-08,0
8446,3,3,0.023439958691596985,0.0001776999852154404,0
8447,0,0,0.0001555982744321227,1.1388443077464672e-08,0
8448,4,4,0.1684158444404602,0.009080844931304455,0
8449,1,1,0.016527429223060608,0.00010404817294329405,0
8450,9,9,0.2486790418624878,0.009903217665851116,0
8451,5,7,0.06797373294830322,0.001972789177671075,1
8452,4,4,0.10406875610351562,0.0033433183562010527,0
8453,9,9,5.270994734019041e-05,1.0112420900654229e-09,0
8454,2,2,0.09620964527130127,0.0034431051462888718,0
8455,1,1,8.698851161170751e-06,3.171162638038183e-11,0
8456,4,4,0.10661554336547852,0.005156719591468573,0
8457,2,4,0.020705580711364746,0.00012418410915415734,1
8458,5,5,0.004688549786806107,8.056729711825028e-06,0
8459,9,9,5.294174115988426e-06,6.614527068432574e-12,0
8460,8,8,2.1255880710668862e-05,1.5773674033603413e-10,0
8461,7,7,0.09579610824584961,0.0029053944163024426,0
8462,2,2,0.00603489950299263,8.097492354863789e-06,0
8463,1,1,0.047752171754837036,0.0005270642577670515,0
8464,6,6,0.007605778053402901,2.8207718060002662e-05,0
8465,9,9,0.01619219034910202,0.00012015944957965985,0
8466,7,7,0.00023799599148333073,1.1744083039388897e-08,0
8467,3,3,0.05978016555309296,0.002235672902315855,0
8468,6,6,0.0003393909428268671,3.618025701257466e-08,0
8469,5,3,0.12200558185577393,0.003236114513128996,1
8470,8,8,0.018173377960920334,0.0001006219899863936,0
8471,0,0,0.22773200273513794,0.016377676278352737,0
8472,2,2,1.747634814819321e-05,8.250525262987196e-11,0
8473,2,2,0.11984360218048096,0.004784871824085712,0
8474,4,4,0.00013765203766524792,3.3040983282717207e-09,0
8475,9,9,0.008766667917370796,1.8399245163891464e-05,0
8476,0,0,0.21871697902679443,0.009730558842420578,0
8477,5,5,0.002683614380657673,1.952101456481614e-06,0
8478,5,5,0.016783643513917923,9.034282265929505e-05,0
8479,4,4,0.019632767885923386,0.00014657271094620228,0
8480,2,3,0.08475899696350098,0.003050808096304536,1
8481,3,3,0.04053860902786255,0.001327041070908308,0
8482,1,1,1.6307836631312966e-05,7.926437978200696e-11,0
8483,0,0,0.007163055241107941,2.3322618289967068e-05,0
8484,3,3,0.10943377017974854,0.0035943822003901005,0
8485,0,0,0.0008019856177270412,1.9798191885911365e-07,0
8486,4,4,0.0012414725497364998,3.2614349265713827e-07,0
8487,4,2,0.002503356896340847,1.316677980867098e-06,1
8488,9,1,0.20216715335845947,0.01039107609540224,1
8489,1,1,0.0014652232639491558,9.175655577564612e-07,0
8490,3,3,0.11495941877365112,0.00678590964525938,0
8491,3,2,0.06694120168685913,0.001655493164435029,1
8492,0,9,0.04792717099189758,0.0023191142827272415,1
8493,2,2,0.15791666507720947,0.009569458663463593,0
8494,1,1,0.039566606283187866,0.0005865175044164062,0
8495,1,1,0.0005079022375866771,1.0243461190384551e-07,0
8496,0,0,0.0016901451162993908,1.0966591617034283e-06,0
8497,4,4,0.030693858861923218,0.00026338716270402074,0
8498,1,1,0.0021854694932699203,2.2939104837860214e-06,0
8499,9,9,0.0009608692489564419,3.408908355595486e-07,0
8500,4,4,0.0028524473309516907,2.601224196041585e-06,0
8501,8,8,0.008476216346025467,1.6594965927652083e-05,0
8502,1,1,7.716344043728895e-07,1.8482394434360394e-13,0
8503,1,1,0.04056371748447418,0.0004882342182099819,0
8504,1,1,0.0025553805753588676,1.5854469666010118e-06,0
8505,5,5,0.01226428896188736,8.054677891777828e-05,0
8506,9,9,1.1407166311983019e-05,5.746684725305151e-11,0
8507,8,0,0.1655777096748352,0.013693517073988914,1
8508,1,1,0.01784323900938034,0.00016952732403296977,0
8509,6,6,6.164296792121604e-06,1.0414119219759321e-11,0
8510,7,7,0.00019574339967221022,1.3321688641099172e-08,0
8511,2,2,0.016512230038642883,9.275746560888365e-05,0
8512,9,9,0.10874861478805542,0.005111555103212595,0
8513,9,9,0.00010105711407959461,4.9895794163035134e-09,0
8514,7,7,0.1290905475616455,0.006087165325880051,0
8515,8,8,1.1727039236575365e-05,5.2475919443129015e-11,0
8516,8,8,0.0019083796069025993,8.313832040585112e-07,0
8517,1,1,0.003611111082136631,3.536998747222242e-06,0
8518,9,9,0.1162647008895874,0.004244365729391575,0
8519,7,7,0.010374559089541435,4.2201612814096734e-05,0
8520,8,8,0.0011572579387575388,4.497719601204153e-07,0
8521,9,8,0.06890994310379028,0.0016985411057248712,1
8522,1,1,3.922608016182494e-09,9.197023522538599e-17,0
8523,6,6,0.011551477015018463,5.5430737120332196e-05,0
8524,6,6,0.03468410670757294,0.0003805732703767717,0
8525,3,3,0.07542669773101807,0.0028455082792788744,0
8526,3,3,0.036424607038497925,0.0005993389640934765,0
8527,1,1,0.002276485785841942,2.596507783891866e-06,0
8528,3,3,0.04110950231552124,0.0011211790842935443,0
8529,0,9,0.13244545459747314,0.01114627905189991,1
8530,8,8,0.000159428920596838,8.506807702701735e-09,0
8531,8,8,0.021657831966876984,9.045426122611389e-05,0
8532,3,3,0.16363650560379028,0.008651300333440304,0
8533,6,6,0.01229865849018097,6.935890269232914e-05,0
8534,6,6,0.00034006801433861256,2.3558932582545822e-08,0
8535,7,7,0.09190012514591217,0.004237513057887554,0
8536,1,1,0.25336378812789917,0.015761012211441994,0
8537,0,0,0.007339488714933395,1.5079368495207746e-05,0
8538,7,7,0.04540698230266571,0.0006571883568540215,0
8539,6,6,0.001280766911804676,2.1410035344615608e-07,0
8540,4,4,0.0004112918395549059,7.449634864542531e-08,0
8541,8,8,0.00811692327260971,2.8197013307362795e-05,0
8542,2,6,0.1148308515548706,0.0048120999708771706,1
8543,0,0,0.0009273514151573181,3.367113663443888e-07,0
8544,6,6,3.837002441287041e-05,3.24395232897956e-10,0
8545,6,6,0.09946471452713013,0.002834859536960721,0
8546,8,0,0.08174735307693481,0.0032076132483780384,1
8547,6,6,0.05064508318901062,0.0010554678738117218,0
8548,3,6,0.03191863000392914,0.0002860965032596141,1
8549,1,9,0.1920803189277649,0.01724660024046898,1
8550,1,1,0.0007820497266948223,2.3434365914454247e-07,0
8551,8,8,0.007171137258410454,1.2132256415497977e-05,0
8552,6,6,0.02112901210784912,0.0001974143087863922,0
8553,7,7,0.005269564688205719,1.017731938190991e-05,0
8554,0,0,0.0008298386819660664,3.176934910698037e-07,0
8555,5,5,0.0006953228730708361,1.7567658971984201e-07,0
8556,4,4,0.0016993200406432152,6.615190386582981e-07,0
8557,3,3,0.02276366949081421,0.00017382197256665677,0
8558,2,2,0.03590017557144165,0.00027060494176112115,0
8559,1,1,0.3582192659378052,0.014692515134811401,0
8560,7,7,0.003713289275765419,4.658836587623227e-06,0
8561,8,8,2.2897665985510685e-06,1.439700138619604e-12,0
8562,2,2,0.058301784098148346,0.0014013912295922637,0
8563,0,0,0.04214818775653839,0.0004784603079315275,0
8564,1,1,0.0019504176452755928,1.2319533198024146e-06,0
8565,7,7,7.407888188026845e-05,1.3449729108216957e-09,0
8566,4,4,0.3334200382232666,0.01608208939433098,0
8567,8,8,5.0963571993634105e-06,7.219429914995246e-12,0
8568,7,7,0.002272302284836769,1.5978205283317948e-06,0
8569,6,6,0.14520180225372314,0.006460505537688732,0
8570,6,6,0.07739719748497009,0.00132086465600878,0
8571,7,7,0.0022291718050837517,1.934800366143463e-06,0
8572,0,0,0.0005850186571478844,1.0835158548161417e-07,0
8573,6,2,0.24098455905914307,0.011301770806312561,1
8574,4,4,0.05165776610374451,0.0016038073226809502,0
8575,9,9,2.161214069928974e-05,1.5964914112931439e-10,0
8576,2,0,0.046353042125701904,0.0012730631278827786,1
8577,3,6,0.11656564474105835,0.004083812702447176,1
8578,2,5,0.07807791233062744,0.0018375031650066376,1
8579,1,1,1.6114126992761157e-06,1.1297207743940496e-12,0
8580,3,5,0.1124829649925232,0.004965746775269508,1
8581,8,8,0.01893230527639389,0.00012024080206174403,0
8582,6,6,0.0009863032028079033,2.787114965485671e-07,0
8583,8,8,0.0015858146362006664,1.0137858907910413e-06,0
8584,1,1,0.0004511945880949497,8.578307841844435e-08,0
8585,9,9,1.2891454389318824e-05,6.641198702084239e-11,0
8586,6,2,0.05232769250869751,0.001100047375075519,1
8587,7,7,7.314133108593524e-05,2.2357302675857227e-09,0
8588,6,6,0.00031390972435474396,3.119918545735345e-08,0
8589,5,3,0.03052288293838501,0.0006384142907336354,1
8590,0,0,0.0339360237121582,0.0006550202379003167,0
8591,6,4,0.12297725677490234,0.005286046769469976,1
8592,0,0,0.0013554287143051624,5.192344474380661e-07,0
8593,1,1,3.866803308483213e-05,6.269511021450569e-10,0
8594,3,3,8.228316437453032e-05,3.0959745878078593e-09,0
8595,1,1,0.0015492835082113743,1.099671521842538e-06,0
8596,1,1,0.002226395532488823,1.149375179920753e-06,0
8597,5,5,0.0005096795503050089,6.965059640151594e-08,0
8598,3,2,0.10351914167404175,0.0032246974296867847,1
8599,4,5,0.15912377834320068,0.006891876459121704,1
8600,3,3,0.04430094361305237,0.0009217715705744922,0
8601,3,3,0.025543630123138428,0.00029623028240166605,0
8602,8,8,0.11483433842658997,0.005538545548915863,0
8603,1,1,0.004156032577157021,7.706526048423257e-06,0
8604,6,5,0.16540729999542236,0.0053759184665977955,1
8605,6,6,3.7796817196067423e-06,3.992563224475276e-12,0
8606,1,1,0.011562004685401917,3.1632986065233126e-05,0
8607,8,8,0.006538016721606255,1.2754220733768307e-05,0
8608,8,8,0.00024701841175556183,2.556675937626096e-08,0
8609,6,6,0.0004475435707718134,6.087805104471045e-08,0
8610,2,2,0.0001496225013397634,4.452143986810597e-09,0
8611,7,7,0.09942567348480225,0.0032929449807852507,0
8612,4,4,4.685026942752302e-05,7.121372380680668e-10,0
8613,6,6,0.05780838429927826,0.0014455056516453624,0
8614,8,8,0.1256062388420105,0.006722746882587671,0
8615,9,9,0.0005995326209813356,1.38862134235751e-07,0
8616,3,6,0.019380174577236176,0.00010682972788345069,1
8617,3,4,0.0997309684753418,0.0046205357648432255,1
8618,5,5,0.029704928398132324,0.0006504624034278095,0
8619,5,5,0.0029495377093553543,2.289625854245969e-06,0
8620,3,4,0.0752723217010498,0.003101044800132513,1
8621,1,1,2.2255488147493452e-05,2.546832189587178e-10,0
8622,4,4,0.0007577282376587391,1.482908231764668e-07,0
8623,1,1,0.00043080770410597324,8.497376313698624e-08,0
8624,9,9,0.13522446155548096,0.007231938652694225,0
8625,5,5,0.09011143445968628,0.005653438623994589,0
8626,1,1,0.03291994333267212,0.00027439044788479805,0
8627,7,7,8.364632958546281e-05,2.2191208870481205e-09,0
8628,7,7,0.020950578153133392,0.0001105229021050036,0
8629,7,2,0.09995865821838379,0.004360794089734554,1
8630,5,5,0.008389176800847054,2.8572696464834735e-05,0
8631,2,2,0.005822408944368362,5.5534001148771495e-06,0
8632,3,3,0.16726374626159668,0.007139666937291622,0
8633,3,2,0.024625718593597412,0.0002849719603545964,1
8634,6,6,0.010121330618858337,4.100830847164616e-05,0
8635,6,6,0.000529030105099082,5.564852045836233e-08,0
8636,6,6,0.03755386173725128,0.0005831262678839266,0
8637,4,4,0.002225581556558609,1.1023264505638508e-06,0
8638,0,0,0.003733806312084198,6.41595761408098e-06,0
8639,7,0,0.2555658221244812,0.013941563665866852,1
8640,1,1,0.005900833755731583,1.853877074609045e-05,0
8641,7,7,0.13310199975967407,0.005011270754039288,0
8642,3,6,0.1381269097328186,0.006886372808367014,1
8643,0,0,7.96219683252275e-05,1.3165349921351321e-09,0
8644,8,0,0.15339607000350952,0.006149274297058582,1
8645,1,1,0.010181963443756104,7.135580381145701e-05,0
8646,2,7,0.10096985101699829,0.0034411251544952393,1
8647,4,4,0.012041233479976654,5.5759661336196586e-05,0
8648,1,1,3.637874215201009e-07,5.758938383679593e-14,0
8649,2,2,0.0014215260744094849,4.99985048918461e-07,0
8650,2,2,0.11187183856964111,0.0046257758513092995,0
8651,4,2,0.12135440111160278,0.004724408965557814,1
8652,9,9,2.3260610760189593e-05,9.424314800776656e-11,0
8653,8,8,0.04792419821023941,0.0007074574823491275,0
8654,2,2,0.12227198481559753,0.0029917636420577765,0
8655,8,8,0.003049476072192192,2.3052148208080325e-06,0
8656,7,7,0.054992347955703735,0.0008157449774444103,0
8657,6,6,0.08096964657306671,0.001821163110435009,0
8658,3,3,0.06836479902267456,0.004726811312139034,0
8659,4,4,0.04717358946800232,0.0006990524125285447,0
8660,7,7,0.06448894739151001,0.0018154906574636698,0
8661,2,2,0.01447346806526184,4.854369763052091e-05,0
8662,3,3,0.022214442491531372,0.00021728684077970684,0
8663,1,1,9.542636689729989e-07,2.9160585079436585e-13,0
8664,5,5,0.025936782360076904,0.001646768650971353,0
8665,3,3,0.011872544884681702,4.33945024269633e-05,0
8666,0,2,0.08867323398590088,0.004195560701191425,1
8667,4,4,0.10907196998596191,0.0038228731136769056,0
8668,3,3,0.00905793160200119,2.3770673578837886e-05,0
8669,4,4,0.11655724048614502,0.004894101060926914,0
8670,9,9,0.0007221796549856663,2.2370599594978557e-07,0
8671,4,4,0.011131178587675095,5.06512114952784e-05,0
8672,7,4,0.13008970022201538,0.005340874195098877,1
8673,9,9,0.002425353042781353,2.051113597190124e-06,0
8674,1,1,0.004376822151243687,6.413496066670632e-06,0
8675,7,7,0.00191454216837883,1.1524987257871544e-06,0
8676,8,8,0.04767264425754547,0.0006195389432832599,0
8677,3,3,0.08407026529312134,0.0075010331347584724,0
8678,1,1,0.007585294544696808,3.8155947549967095e-05,0
8679,8,8,0.0020678117871284485,2.0294046407798305e-06,0
8680,3,3,0.05117011070251465,0.0011928678723052144,0
8681,2,2,0.045837581157684326,0.0010141668608412147,0
8682,5,5,0.0328139066696167,0.0009315614588558674,0
8683,7,7,0.0006036325357854366,1.7096138549277384e-07,0
8684,2,2,0.028415337204933167,0.0002267074742121622,0
8685,7,7,0.0005103262374177575,9.03897401371978e-08,0
8686,9,9,0.002383379265666008,1.7752776102497592e-06,0
8687,6,6,0.08366835117340088,0.0031568284612149,0
8688,8,8,0.009202904999256134,1.7575985111761838e-05,0
8689,6,6,1.3082004443276674e-05,7.585411465615977e-11,0
8690,8,8,0.016681969165802002,0.0002450991596560925,0
8691,6,6,0.034503430128097534,0.0005797305493615568,0
8692,5,5,0.05945301055908203,0.0009808273753151298,0
8693,9,9,2.129769693937078e-10,7.648061860464143e-21,0
8694,0,0,0.07159659266471863,0.0026290223468095064,0
8695,4,4,0.03259316086769104,0.0006053188117220998,0
8696,8,8,0.0016727447509765625,6.736343607371964e-07,0
8697,5,5,0.015416096895933151,8.543662261217833e-05,0
8698,6,6,0.0006054248660802841,1.513772502903521e-07,0
8699,4,3,0.04714411497116089,0.0008427762659266591,1
8700,3,3,0.019944757223129272,0.000393797701690346,0
8701,8,8,3.6360768717713654e-05,3.6068140141232163e-10,0
8702,0,0,0.08487987518310547,0.0024696458131074905,0
8703,4,4,0.05687139928340912,0.0009056127746589482,0
8704,8,8,5.624071491183713e-06,1.1067311997403628e-11,0
8705,6,6,0.03168860077857971,0.000511050398927182,0
8706,7,7,0.0024019088596105576,1.8116530782208429e-06,0
8707,2,2,0.010916313156485558,3.587389801396057e-05,0
8708,7,2,0.10837352275848389,0.0044892411679029465,1
8709,1,1,0.0003301056567579508,4.792441288259397e-08,0
8710,7,7,0.001187354326248169,5.832534384353494e-07,0
8711,4,4,0.009227573871612549,2.365092223044485e-05,0
8712,1,1,1.977018837351352e-05,1.4653012136989219e-10,0
8713,2,2,0.00936334952712059,2.003243935178034e-05,0
8714,4,4,0.10886147618293762,0.0036576595157384872,0
8715,2,2,0.0003150955308228731,3.68843906528582e-08,0
8716,2,2,0.08591938018798828,0.002301049418747425,0
8717,8,8,4.6477653086185455e-05,2.6345753356693535e-10,0
8718,7,7,0.00014939223183318973,5.946910075493861e-09,0
8719,2,2,0.16159111261367798,0.007095598615705967,0
8720,2,2,0.11582750082015991,0.009616167284548283,0
8721,6,6,0.09154421091079712,0.0025439371820539236,0
8722,7,7,0.003521868959069252,2.1529897367145168e-06,0
8723,5,7,0.0215444415807724,0.0001699374697636813,1
8724,6,6,0.007119692862033844,2.731040513026528e-05,0
8725,8,8,0.037047963589429855,0.0006132555427029729,0
8726,9,9,2.3293396225199103e-05,2.0398419064981965e-10,0
8727,9,0,0.1155693531036377,0.006041332148015499,1
8728,6,3,0.049082934856414795,0.003545767394825816,1
8729,5,5,0.07492154836654663,0.005126952193677425,0
8730,2,2,0.004920680075883865,1.0977584679494612e-05,0
8731,9,9,0.00740186870098114,2.3688347937422805e-05,0
8732,8,8,0.004964210093021393,7.394727617793251e-06,0
8733,7,7,0.001422720029950142,8.786757348389074e-07,0
8734,2,2,0.025494210422039032,0.0001237272226717323,0
8735,3,5,0.15948200225830078,0.006201338954269886,1
8736,3,3,0.009254926815629005,4.9471720558358356e-05,0
8737,7,7,0.015373140573501587,8.191329834517092e-05,0
8738,4,4,0.004233645275235176,3.952779479732271e-06,0
8739,3,3,0.004265707917511463,8.138884368236177e-06,0
8740,2,2,0.06826093792915344,0.0012523332843557,0
8741,1,1,0.03328871726989746,0.0006381052080541849,0
8742,9,9,0.11641192436218262,0.0025038316380232573,0
8743,0,8,0.004092210903763771,3.4749846236081794e-06,1
8744,1,1,1.4711527910549194e-05,1.0088400947960707e-10,0
8745,5,5,0.00909356027841568,5.209794107940979e-05,0
8746,3,3,0.06461095809936523,0.005664771888405085,0
8747,2,2,9.713897952678963e-08,4.504484367565164e-15,0
8748,6,6,0.010874923318624496,3.529123932821676e-05,0
8749,5,4,0.09719949960708618,0.004533609375357628,1
8750,9,9,0.00030397914815694094,2.4982611535051547e-08,0
8751,1,1,0.16305220127105713,0.004881798755377531,0
8752,5,3,0.07624191045761108,0.003830201458185911,1
8753,4,5,0.281929612159729,0.015956148505210876,1
8754,3,3,0.006529480218887329,9.280644917453174e-06,0
8755,6,6,0.06006661802530289,0.0012388862669467926,0
8756,2,2,0.04608553647994995,0.0005761205684393644,0
8757,8,0,0.21599233150482178,0.007736948784440756,1
8758,9,7,0.11117798089981079,0.005539326928555965,1
8759,7,7,0.0675663948059082,0.0037668657023459673,0
8760,8,8,1.1304313375148922e-05,3.270105367048082e-11,0
8761,0,0,0.20111775398254395,0.014594334177672863,0
8762,8,8,0.00012944400077685714,5.9106048944101985e-09,0
8763,9,9,4.597773113346193e-07,5.878466252185258e-14,0
8764,1,1,0.00013565004337579012,4.5660017988780055e-09,0
8765,2,2,0.00038705358747392893,5.108923772922935e-08,0
8766,5,5,0.006785992532968521,2.006794420594815e-05,0
8767,7,7,0.04368123784661293,0.0007546410197392106,0
8768,2,2,0.00213427422568202,9.19049682579498e-07,0
8769,0,0,0.0003361195558682084,4.813650633650468e-08,0
8770,6,3,0.022964805364608765,0.00020646562916226685,1
8771,6,6,0.04707036912441254,0.0008615331025794148,0
8772,1,1,1.0560390364844352e-05,5.168794212084826e-11,0
8773,6,2,0.004524262621998787,6.496074092865456e-06,1
8774,3,7,0.16340851783752441,0.00910966657102108,1
8775,1,1,0.02799355983734131,0.0002647149085532874,0
8776,5,5,0.01512153446674347,0.00012378273822832853,0
8777,0,0,0.02459108829498291,0.00035880590439774096,0
8778,3,2,0.26619720458984375,0.01040709763765335,1
8779,7,4,0.09644585847854614,0.004745753016322851,1
8780,4,4,0.0014721415936946869,5.126092901264201e-07,0
8781,6,6,0.009703487157821655,2.0877658243989572e-05,0
8782,5,5,0.008992083370685577,5.32280610059388e-05,0
8783,6,6,0.0008280491456389427,2.6020063614851097e-07,0
8784,4,4,0.05036330223083496,0.0015059839934110641,0
8785,8,8,0.07727861404418945,0.0025545568205416203,0
8786,3,3,0.04751390218734741,0.0020098385866731405,0
8787,4,4,0.019061021506786346,0.000125308710266836,0
8788,5,5,0.028646335005760193,0.0004044274683110416,0
8789,5,5,4.512116720434278e-05,5.527404089988863e-10,0
8790,0,0,0.02400916814804077,0.0001187831730931066,0
8791,6,6,0.03651528060436249,0.0004988405271433294,0
8792,6,6,0.07789289951324463,0.004581691697239876,0
8793,7,7,7.417250890284777e-05,1.9084633873234225e-09,0
8794,5,5,0.07930886745452881,0.0036145232152193785,0
8795,0,0,0.006448239088058472,5.745228918385692e-05,0
8796,9,9,6.849550118204206e-07,9.91886897594961e-14,0
8797,9,9,0.0005794416647404432,7.805851964803878e-08,0
8798,6,6,0.0005059614777565002,5.3242541042664016e-08,0
8799,1,1,0.00012299534864723682,7.137535451562371e-09,0
8800,0,2,0.03665870428085327,0.0028609188739210367,1
8801,4,4,0.0895276665687561,0.0024089759681373835,0
8802,6,6,0.000325853587128222,2.9009106228272685e-08,0
8803,3,7,0.09538042545318604,0.004685132764279842,1
8804,6,2,0.22843706607818604,0.011610258370637894,1
8805,9,9,0.0008560786955058575,2.5218378141289577e-07,0
8806,3,2,0.016222842037677765,0.00014243159967008978,1
8807,6,6,0.0003197230398654938,2.8792484840778343e-08,0
8808,6,6,0.013837892562150955,0.00011690028622979298,0
8809,8,8,0.0220097154378891,0.00013446001685224473,0
8810,2,2,0.003267381340265274,3.0723724648851203e-06,0
8811,1,1,0.19319510459899902,0.006231966428458691,0
8812,0,0,0.0029497575014829636,5.14217208547052e-06,0
8813,1,1,0.0020382562652230263,1.6170251910807565e-06,0
8814,9,9,7.737238775007427e-05,2.064793225287076e-09,0
8815,3,5,0.061408400535583496,0.002577276434749365,1
8816,7,7,0.03183192014694214,0.0005573215894401073,0
8817,4,4,0.09390532970428467,0.0036597265861928463,0
8818,3,3,0.04177898168563843,0.0023466318380087614,0
8819,0,0,0.0007885023951530457,8.897980308120168e-08,0
8820,2,2,0.034793391823768616,0.0006005364703014493,0
8821,7,7,0.0066862571984529495,1.5372321286122315e-05,0
8822,6,6,0.003151549957692623,2.666596174094593e-06,0
8823,4,4,0.0065626055002212524,1.0839868991752155e-05,0
8824,3,3,0.01627609133720398,0.00010313293023500592,0
8825,0,1,0.22461318969726562,0.009034117683768272,1
8826,8,8,2.9749280656687915e-06,2.8720769252449374e-12,0
8827,2,7,0.27960240840911865,0.013412985019385815,1
8828,0,5,0.22800588607788086,0.010276091285049915,1
8829,0,0,0.000309096765704453,3.79383990889437e-08,0
8830,9,9,9.465652510698419e-07,3.406683843441144e-13,0
8831,6,6,0.0018347564619034529,1.3680825077244663e-06,0
8832,6,6,0.0003798973048105836,6.030814603263934e-08,0
8833,6,6,0.0028497017920017242,2.6742879981611622e-06,0
8834,8,8,0.00023420737124979496,2.2978488445346557e-08,0
8835,7,7,0.004744315519928932,5.488471742864931e-06,0
8836,4,4,0.06506308913230896,0.0015111942775547504,0
8837,1,1,0.0005773869343101978,7.029998272400917e-08,0
8838,8,8,0.0008094543591141701,1.6666777469254157e-07,0
8839,1,1,1.7734266293700784e-05,1.0218755702728899e-10,0
8840,2,2,0.03996409475803375,0.0005890108877792954,0
8841,2,2,0.05943363904953003,0.0015006103785708547,0
8842,4,4,0.0006631622090935707,1.051549674002672e-07,0
8843,8,8,0.262726366519928,0.017823796719312668,0
8844,5,5,0.0005594287067651749,1.047058404424206e-07,0
8845,2,2,8.749077096581459e-05,3.1517157772498194e-09,0
8846,6,6,4.5776687329635024e-05,3.9039549371011617e-10,0
8847,5,5,0.020776014775037766,0.00013082701480016112,0
8848,3,3,0.05607020854949951,0.0012291580205783248,0
8849,9,9,0.006718562915921211,1.6422120097558945e-05,0
8850,1,1,0.018332496285438538,0.0001389346580253914,0
8851,0,0,0.00261043943464756,1.2536969506982132e-06,0
8852,7,7,0.002447797916829586,2.2861829620524077e-06,0
8853,2,2,0.03423118591308594,0.00025780481519177556,0
8854,4,5,0.20178985595703125,0.008431491442024708,1
8855,4,4,0.028391942381858826,0.0005431467434391379,0
8856,0,0,0.0007311748340725899,2.6623811777426454e-07,0
8857,0,0,0.0868789553642273,0.0016086336690932512,0
8858,6,6,0.02700786292552948,0.0004061183426529169,0
8859,2,2,0.0084745604544878,2.6737037842394784e-05,0
8860,2,2,5.918713577557355e-05,1.4842274076443118e-09,0
8861,4,4,0.10108780860900879,0.005853535607457161,0
8862,0,0,0.0478285551071167,0.0007419713656418025,0
8863,5,5,0.00998566672205925,3.9848615415394306e-05,0
8864,9,9,1.8975806597154588e-05,1.1976862557272483e-10,0
8865,7,4,0.0604972243309021,0.0018276212504133582,1
8866,1,1,0.027551621198654175,0.00022770157374907285,0
8867,8,8,8.271417755167931e-06,2.092184411828235e-11,0
8868,4,4,0.13577711582183838,0.006118743680417538,0
8869,5,4,0.1441255807876587,0.006195117253810167,1
8870,5,5,0.05620087683200836,0.0017876913771033287,0
8871,9,9,2.2067360987421125e-06,1.3560498210440919e-12,0
8872,8,8,0.027202114462852478,0.0002399496006546542,0
8873,5,5,0.0875101089477539,0.0021505937911570072,0
8874,7,7,0.12248381972312927,0.007018234580755234,0
8875,8,8,0.004243306815624237,5.86362602916779e-06,0
8876,0,0,0.052318550646305084,0.0013522267108783126,0
8877,9,9,0.12019366025924683,0.007899130694568157,0
8878,8,8,0.001727243885397911,5.842869654770766e-07,0
8879,9,9,0.13988131284713745,0.011853902600705624,0
8880,1,1,2.134686383215012e-08,2.191447082207674e-16,0
8881,6,6,0.0003109942190349102,4.3078635769688844e-08,0
8882,3,3,0.09835237264633179,0.005353704560548067,0
8883,8,8,0.0076612867414951324,2.0499806851148605e-05,0
8884,0,7,0.22952714562416077,0.013209310360252857,1
8885,3,3,0.0022251494228839874,2.3936543129821075e-06,0
8886,4,4,0.0712738037109375,0.0028450735844671726,0
8887,4,4,0.021324560046195984,0.00017731005209498107,0
8888,8,8,0.0005152211524546146,1.164521918894934e-07,0
8889,4,4,0.0015384373255074024,5.505860372068128e-07,0
8890,8,8,9.17472061701119e-06,2.604972661190974e-11,0
8891,9,9,0.015270739793777466,5.835532283526845e-05,0
8892,8,8,0.0718238353729248,0.003748361486941576,0
8893,6,6,0.054237931966781616,0.0013798068976029754,0
8894,0,0,0.0012943996116518974,5.582293169936747e-07,0
8895,0,2,0.07169926166534424,0.005402377340942621,1
8896,8,8,0.10471080243587494,0.0037255175411701202,0
8897,2,2,0.0020808400586247444,9.76310502665001e-07,0
8898,7,2,0.1613222360610962,0.00632606353610754,1
8899,4,4,0.0016731335781514645,1.1437143712100806e-06,0
8900,2,2,0.026662617921829224,0.000308398186462,0
8901,5,5,0.13130593299865723,0.009101626463234425,0
8902,6,6,0.004362854175269604,5.8354103202873375e-06,0
8903,0,1,0.1322784423828125,0.006470132619142532,1
8904,5,5,2.709626642172225e-06,2.1155995792027094e-12,0
8905,8,8,0.000604560598731041,8.025445197290537e-08,0
8906,4,4,0.044938549399375916,0.0007001352496445179,0
8907,1,1,0.0060460008680820465,1.5207560863927938e-05,0
8908,9,9,0.0020060031674802303,1.2237799182912568e-06,0
8909,0,0,0.0003853777889162302,5.6724594799106853e-08,0
8910,1,1,6.527529330924153e-05,1.2134714344469444e-09,0
8911,4,4,0.0009540775790810585,4.894266112387413e-07,0
8912,4,4,0.03723588585853577,0.0007645158912055194,0
8913,8,8,0.0016092052683234215,8.694688631294412e-07,0
8914,4,4,2.5232191546820104e-05,1.4690590410815219e-10,0
8915,9,9,0.0002566608600318432,1.7802669560751383e-08,0
8916,6,6,0.0010890732519328594,4.103249864328973e-07,0
8917,0,0,0.007949534803628922,2.2085694581619464e-05,0
8918,7,7,0.2463780641555786,0.009313689544796944,0
8919,7,4,0.002741806209087372,2.321302872587694e-06,1
8920,6,6,0.000535902101546526,7.774514187985915e-08,0
8921,8,8,0.0029047708958387375,3.8135924569360213e-06,0
8922,9,9,0.009539686143398285,6.364041473716497e-05,0
8923,6,6,0.04237142205238342,0.0009663159144110978,0
8924,2,2,0.0016296622343361378,5.603140493803949e-07,0
8925,0,0,0.121257483959198,0.0025916441809386015,0
8926,4,4,1.9168473954778165e-05,9.16415068830112e-11,0
8927,9,9,3.885230398736894e-05,6.91798451857295e-10,0
8928,4,4,0.18400311470031738,0.014427813701331615,0
8929,9,9,1.8033853848464787e-05,1.3180967428638724e-10,0
8930,3,9,0.1282949447631836,0.004423186182975769,1
8931,9,9,6.038877472747117e-06,7.74815888532343e-12,0
8932,6,2,0.010904669761657715,5.6970573496073484e-05,1
8933,6,6,0.09564918279647827,0.006651635281741619,0
8934,7,7,0.026333443820476532,0.00016927169053815305,0
8935,0,0,6.921680324012414e-06,1.2345398141266894e-11,0
8936,9,9,0.1362585723400116,0.006378307938575745,0
8937,7,7,0.0003614055458456278,4.712336476586643e-08,0
8938,1,8,0.1294037103652954,0.006496696267277002,1
8939,8,8,0.15588724613189697,0.00724564865231514,0
8940,6,6,0.13760867714881897,0.004937559831887484,0
8941,0,0,0.012941427528858185,4.233581785229035e-05,0
8942,6,6,4.256944521330297e-05,6.603276259120605e-10,0
8943,7,4,0.09782451391220093,0.006071462295949459,1
8944,4,4,0.015540316700935364,5.1710558182094246e-05,0
8945,1,1,0.0013686730526387691,7.925071372483217e-07,0
8946,9,9,0.0006933924742043018,2.5652883550719707e-07,0
8947,4,4,0.011516213417053223,0.00011190826626261696,0
8948,6,6,0.013911742717027664,5.725356095354073e-05,0
8949,7,7,0.057617008686065674,0.002050654962658882,0
8950,9,9,0.0001582070835866034,6.268900953898537e-09,0
8951,8,8,2.4227319954661652e-06,2.80684460049474e-12,0
8952,3,3,0.133797287940979,0.008795000612735748,0
8953,9,9,0.002149648033082485,8.337257213497651e-07,0
8954,2,2,0.0016322145238518715,7.447626444445632e-07,0
8955,1,1,0.14347872138023376,0.002799228997901082,0
8956,2,2,0.002287580631673336,2.470987283231807e-06,0
8957,7,7,0.03678448498249054,0.0004387092194519937,0
8958,6,6,0.16744589805603027,0.010019641369581223,0
8959,1,1,0.0005318219773471355,1.729072209855076e-07,0
8960,0,0,0.07670146226882935,0.0021962199825793505,0
8961,0,0,0.0001649716286920011,6.89656554087037e-09,0
8962,5,5,0.022084668278694153,0.00015572705888189375,0
8963,6,6,0.0037528183311223984,3.574790298443986e-06,0
8964,0,0,0.05773240327835083,0.000966533669270575,0
8965,4,4,0.002831343561410904,2.1382243176049087e-06,0
8966,3,3,0.11668658256530762,0.00463133817538619,0
8967,2,2,0.035238489508628845,0.00023774660076014698,0
8968,8,8,0.00035201525315642357,2.240439123113447e-08,0
8969,8,8,5.164029062143527e-07,1.491014749816985e-13,0
8970,0,0,0.00011660420568659902,4.5166341777758134e-09,0
8971,6,6,3.83207225240767e-05,3.3856567549506167e-10,0
8972,9,9,0.05253921449184418,0.0004915855242870748,0
8973,5,5,0.008131705224514008,2.9206325052655302e-05,0
8974,2,2,2.6615976821631193e-05,1.4169089512794386e-10,0
8975,8,8,4.7608755266992375e-06,9.008278498146005e-12,0
8976,7,7,0.1836135983467102,0.009202687069773674,0
8977,0,0,0.015398487448692322,6.155361916171387e-05,0
8978,6,6,0.0033849533647298813,5.1867568799934816e-06,0
8979,5,5,0.0017929188907146454,1.775896407707478e-06,0
8980,9,9,0.00014266191283240914,4.688812449415991e-09,0
8981,7,4,0.06324838101863861,0.0014183692401275039,1
8982,2,2,0.0015256102196872234,6.433789963011805e-07,0
8983,3,5,0.05271780490875244,0.0024751094169914722,1
8984,6,6,0.0055479202419519424,8.41959899844369e-06,0
8985,9,0,0.11467236280441284,0.005714363418519497,1
8986,6,6,0.0010374896228313446,3.889589947903005e-07,0
8987,2,2,0.005405174568295479,1.2008318662992679e-05,0
8988,2,2,7.251789793372154e-05,1.4403418457931139e-09,0
8989,4,4,4.803125193575397e-06,3.5518636642972723e-12,0
8990,1,1,5.382167955758632e-08,3.3514558976758006e-15,0
8991,0,0,0.0019942112267017365,9.436548680241685e-07,0
8992,5,5,0.00023502158001065254,1.8134688417603684e-08,0
8993,0,9,0.17189711332321167,0.013883134350180626,1
8994,8,8,0.0005697186570614576,1.2642689739550406e-07,0
8995,9,9,0.0016638124361634254,6.642218863817106e-07,0
8996,3,7,0.11057943105697632,0.00442757923156023,1
8997,5,5,0.0004021609202027321,6.893767334759104e-08,0
8998,9,9,1.1198130778211635e-07,1.550776041327022e-14,0
8999,3,3,0.014883458614349365,4.680798156186938e-05,0
9000,8,8,2.0776565179403406e-07,3.746055725274873e-15,0
9001,1,1,0.05570606887340546,0.0010673049837350845,0
9002,6,6,0.01659204065799713,0.00010160104284295812,0
9003,3,3,0.037424832582473755,0.000582353095524013,0
9004,7,7,0.0029387297108769417,3.5273446883365978e-06,0
9005,5,3,0.034315675497055054,0.0016461197519674897,1
9006,6,6,0.002129681408405304,8.79638434980734e-07,0
9007,2,2,0.009579300880432129,2.295021477038972e-05,0
9008,0,0,0.002346998080611229,1.6007243175408803e-06,0
9009,2,6,0.27098000049591064,0.022196924313902855,1
9010,8,3,0.09892499446868896,0.0032999340910464525,1
9011,2,2,0.07987523078918457,0.00368538242764771,0
9012,8,8,0.002482175827026367,2.4384803509747144e-06,0
9013,7,7,0.07747900485992432,0.004493976943194866,0
9014,7,3,0.19809067249298096,0.012194449082016945,1
9015,8,8,0.0014988034963607788,9.59140493250743e-07,0
9016,1,1,0.00020485615823417902,1.4823970495569938e-08,0
9017,0,0,0.01535097137093544,8.954829536378384e-05,0
9018,8,8,0.014190435409545898,5.5709628213662654e-05,0
9019,9,9,0.0003841477446258068,6.663065477141572e-08,0
9020,7,7,0.011620938777923584,3.5083361581200734e-05,0
9021,0,0,0.0005292021669447422,6.5417495420661e-08,0
9022,3,3,0.23735445737838745,0.014820337295532227,0
9023,8,8,0.04757151007652283,0.0007373802945949137,0
9024,0,0,0.02915748953819275,0.00036211154656484723,0
9025,5,5,0.002636559307575226,1.8263275478602736e-06,0
9026,9,9,0.0511946827173233,0.0007025179220363498,0
9027,5,5,0.03455011546611786,0.000784127798397094,0
9028,8,8,0.007431920617818832,2.731985841819551e-05,0
9029,4,4,0.15319454669952393,0.011603804305195808,0
9030,2,2,0.0026582106947898865,2.736652504609083e-06,0
9031,0,0,0.03484143316745758,0.000533606274984777,0
9032,9,9,2.4478249542880803e-06,2.947702412020581e-12,0
9033,2,7,0.0424116849899292,0.0005763814551755786,1
9034,2,4,0.17091423273086548,0.009279491379857063,1
9035,4,5,0.16036254167556763,0.010376387275755405,1
9036,4,7,0.09583818912506104,0.0035025193355977535,1
9037,9,9,0.02375122159719467,0.0002814370091073215,0
9038,2,2,0.1684301495552063,0.008724324405193329,0
9039,2,3,0.16936564445495605,0.006248773075640202,1
9040,2,5,0.012841328978538513,9.075802518054843e-05,1
9041,5,5,0.11778581142425537,0.0072351605631411076,0
9042,1,1,0.0025995662435889244,1.254758785762533e-06,0
9043,3,3,0.019945107400417328,0.0001307494385400787,0
9044,2,2,2.5288696633651853e-05,1.575456015645571e-10,0
9045,0,0,0.0006466256454586983,9.169675507791908e-08,0
9046,0,0,0.00991637073457241,2.886544643843081e-05,0
9047,4,4,0.0003236006014049053,1.8390375444710116e-08,0
9048,0,9,0.10297363996505737,0.005884329788386822,1
9049,6,6,0.000712013803422451,2.8651825800807273e-07,0
9050,5,3,0.03817516565322876,0.001931080361828208,1
9051,8,8,3.383633156772703e-06,3.2102397996836007e-12,0
9052,0,0,0.004517124965786934,8.358992090506945e-06,0
9053,5,5,0.045629262924194336,0.0007387384539470077,0
9054,8,8,4.011260898550972e-06,7.047345346178346e-12,0
9055,6,6,0.0002776132896542549,1.816896677553359e-08,0
9056,4,4,0.05192863941192627,0.0012723032850772142,0
9057,8,8,4.279703716747463e-05,6.410417752178432e-10,0
9058,5,5,0.06310778856277466,0.0029471672605723143,0
9059,2,2,0.03933463990688324,0.0006011612131260335,0
9060,9,9,2.194271655753255e-05,9.148094087807479e-11,0
9061,7,7,4.131979949306697e-06,5.762024538058519e-12,0
9062,9,9,0.00196083914488554,1.3927462987339823e-06,0
9063,7,7,0.0003396753454580903,4.1202046219268595e-08,0
9064,1,1,0.009327126666903496,4.216423985781148e-05,0
9065,0,0,0.07802677154541016,0.002365113701671362,0
9066,1,1,0.002866685390472412,1.5520370197918965e-06,0
9067,9,1,0.2557911276817322,0.015601267106831074,1
9068,6,3,0.07919251918792725,0.0012463966850191355,1
9069,9,9,0.004026598297059536,7.410701073240489e-06,0
9070,2,2,0.019265659153461456,0.00012049769429722801,0
9071,7,7,0.12773418426513672,0.0060926578007638454,0
9072,9,9,8.966180757852271e-06,3.278081625590623e-11,0
9073,4,4,0.05731905996799469,0.0008905130671337247,0
9074,4,4,0.006978275254368782,1.6555701222387142e-05,0
9075,0,0,0.0038526467978954315,8.029745004023425e-06,0
9076,6,6,0.0004890835843980312,6.509354477657325e-08,0
9077,2,2,0.00012851768406108022,4.2440655434461405e-09,0
9078,4,4,0.0038390355184674263,4.344135504652513e-06,0
9079,1,8,0.06440454721450806,0.004436165560036898,1
9080,3,3,0.03998011350631714,0.000565767812076956,0
9081,7,7,0.0009782416746020317,2.731322581439599e-07,0
9082,2,2,0.1635749340057373,0.009390709921717644,0
9083,8,8,0.005487261340022087,5.964321189821931e-06,0
9084,5,5,0.11486881971359253,0.010087558999657631,0
9085,9,9,0.00014391762670129538,3.910040291543737e-09,0
9086,0,0,0.0010959855280816555,4.215016815578565e-07,0
9087,3,3,0.003728412091732025,7.135558007576037e-06,0
9088,2,3,0.0685306191444397,0.0017411581939086318,1
9089,3,3,0.009442057460546494,2.1772628315375187e-05,0
9090,2,4,0.17001932859420776,0.012216034345328808,1
9091,7,7,1.099825749406591e-05,5.0762338776877414e-11,0
9092,6,6,0.0029957015067338943,2.432469500490697e-06,0
9093,3,5,0.07167333364486694,0.0038798395544290543,1
9094,2,2,0.0011045560240745544,4.3774588220912847e-07,0
9095,5,5,0.05101767182350159,0.00086900097085163,0
9096,9,9,0.0001385369396302849,8.245807592288656e-09,0
9097,0,0,0.0464508980512619,0.0007661176496185362,0
9098,5,5,0.003947243094444275,7.09378673491301e-06,0
9099,9,9,0.007559731602668762,4.949520734953694e-05,0
9100,9,9,0.034299373626708984,0.0004564899136312306,0
9101,8,8,7.99614645075053e-06,2.4523752820138078e-11,0
9102,7,7,0.07715916633605957,0.003847696352750063,0
9103,7,5,0.14353930950164795,0.00791526772081852,1
9104,4,4,0.00010457163443788886,2.2082418116298186e-09,0
9105,8,8,0.027050286531448364,0.0003365781158208847,0
9106,6,6,0.043059155344963074,0.0004825784417334944,0
9107,5,7,0.2602865695953369,0.010722088627517223,1
9108,2,2,0.0010654053185135126,3.1738923667035124e-07,0
9109,3,3,0.01187070831656456,3.969434692407958e-05,0
9110,1,1,0.0035454481840133667,5.074830369267147e-06,0
9111,0,0,0.0017933016642928123,1.4506952084047953e-06,0
9112,4,4,3.0152332328725606e-06,2.355929036926274e-12,0
9113,1,1,0.004591247066855431,5.199983661441365e-06,0
9114,8,8,0.060232460498809814,0.0008369582938030362,0
9115,8,8,2.231867256341502e-06,1.8872219325477557e-12,0
9116,4,4,0.02804882824420929,0.0003108966338913888,0
9117,9,9,0.0010558250360190868,4.2746978579089046e-07,0
9118,4,4,0.0013905605301260948,5.159097327123163e-07,0
9119,4,4,0.040214866399765015,0.0007923553930595517,0
9120,3,5,0.08253955841064453,0.004719121847301722,1
9121,3,3,0.05973982810974121,0.0032542466651648283,0
9122,9,9,0.039273932576179504,0.0005553140654228628,0
9123,2,5,0.10563457012176514,0.005689723417162895,1
9124,0,0,0.00558910146355629,1.972036261577159e-05,0
9125,1,1,0.00015731871826574206,1.0918960846595382e-08,0
9126,1,1,0.06365445256233215,0.0018448805203661323,0
9127,8,8,0.08539783954620361,0.003984224982559681,0
9128,4,3,0.060072362422943115,0.004070586990565062,1
9129,4,2,0.11117944121360779,0.005522668361663818,1
9130,8,8,0.0046650078147649765,5.695453182852361e-06,0
9131,3,3,0.010634809732437134,0.00014857362839393318,0
9132,2,2,0.08671611547470093,0.005201457068324089,0
9133,9,9,0.0018604770302772522,7.215825235107332e-07,0
9134,5,5,0.005678463727235794,1.1886317224707454e-05,0
9135,7,7,0.03535167872905731,0.0005161449080333114,0
9136,6,6,0.0019154422916471958,1.5124894616747042e-06,0
9137,2,2,0.09707188606262207,0.0049770609475672245,0
9138,5,5,0.0002931508934125304,3.19038377938341e-08,0
9139,4,4,0.003942584618926048,4.95208860229468e-06,0
9140,7,7,0.11396008729934692,0.007821447215974331,0
9141,3,3,0.009874269366264343,3.626605757744983e-05,0
9142,3,3,0.005112944170832634,1.535136289021466e-05,0
9143,9,9,0.2081393003463745,0.008979232981801033,0
9144,0,0,0.0011773561127483845,5.842474593009683e-07,0
9145,1,9,0.02455979585647583,0.00030081975273787975,1
9146,5,5,2.0909501472488046e-06,1.1569814117179389e-12,0
9147,9,9,0.12364858388900757,0.0031332119833678007,0
9148,3,5,0.11994147300720215,0.009503357112407684,1
9149,7,7,0.027943581342697144,0.00026325666112825274,0
9150,6,6,0.0002535104285925627,2.038468416287742e-08,0
9151,0,0,0.005838807672262192,1.8298649592907168e-05,0
9152,4,4,0.0011795340105891228,6.094957143432111e-07,0
9153,2,2,0.04256480932235718,0.0008026667637750506,0
9154,2,2,0.00010935281170532107,4.379980378388382e-09,0
9155,5,5,0.00011013180483132601,3.51125128972285e-09,0
9156,6,6,0.0002323982771486044,1.3100569518087468e-08,0
9157,3,3,0.030690640211105347,0.0007620597025379539,0
9158,8,8,0.020211219787597656,0.00011403935786802322,0
9159,9,9,0.003980578854680061,6.799455150030553e-06,0
9160,5,5,0.010640084743499756,4.950621951138601e-05,0
9161,6,6,0.012513861060142517,4.588104638969526e-05,0
9162,1,1,0.0005599288269877434,1.1390484644380194e-07,0
9163,4,4,0.00020815833704546094,1.3241496787941287e-08,0
9164,5,5,0.0005962380673736334,1.730217320528027e-07,0
9165,4,4,0.00068115652538836,1.7810751273827918e-07,0
9166,6,6,7.113750325515866e-05,1.0926421989410073e-09,0
9167,7,7,0.0014974013902246952,5.576440571530838e-07,0
9168,2,2,0.027369022369384766,0.0003585493250284344,0
9169,1,0,0.04788725823163986,0.0008233229746110737,1
9170,0,9,0.19321346282958984,0.011301130056381226,1
9171,2,2,0.0003615003079175949,3.748386845359164e-08,0
9172,0,0,0.0006712600588798523,1.7961016851586464e-07,0
9173,4,4,9.275150659959763e-06,1.9458634356595006e-11,0
9174,9,9,0.0036340197548270226,4.008491032436723e-06,0
9175,8,8,3.7170411815168336e-07,3.62237502363541e-14,0
9176,8,8,0.04916033148765564,0.0005413666949607432,0
9177,9,9,0.000747832702472806,2.6282882004124986e-07,0
9178,1,1,0.004049507901072502,6.612649485759903e-06,0
9179,1,1,9.370899078930961e-08,5.556670812226824e-15,0
9180,5,5,0.0011334537994116545,5.15614203777659e-07,0
9181,0,0,0.0006935475394129753,3.953713587634411e-07,0
9182,0,0,7.320608710870147e-05,1.7449590661300363e-09,0
9183,8,8,0.0009457371197640896,2.0900623098896176e-07,0
9184,7,7,0.013235766440629959,5.745492671849206e-05,0
9185,1,1,0.026395797729492188,0.00021742950775660574,0
9186,7,7,0.02668994665145874,0.0002781139628496021,0
9187,4,4,0.004326101392507553,4.928198450215859e-06,0
9188,5,5,0.04650905728340149,0.0010986042907461524,0
9189,4,4,8.844630792737007e-05,1.5227907823600617e-09,0
9190,3,5,0.17190486192703247,0.009192058816552162,1
9191,3,3,0.01996380090713501,0.0003097360604442656,0
9192,2,2,0.006319573149085045,1.2924436305183917e-05,0
9193,0,0,0.0477791428565979,0.0011298642493784428,0
9194,6,6,1.1034426279366016e-05,3.0877862766676145e-11,0
9195,6,6,1.89443162526004e-05,1.518205838824116e-10,0
9196,0,0,0.0006673259194940329,1.072978221827725e-07,0
9197,1,1,1.8363556591793895e-05,1.5311514556248795e-10,0
9198,3,3,0.030287042260169983,0.0002326306712348014,0
9199,9,9,0.0001030098064802587,4.610536841198609e-09,0
9200,8,8,0.0011549675837159157,3.9652405803281e-07,0
9201,3,3,0.03526845574378967,0.0005110514466650784,0
9202,7,7,0.00018316006753593683,9.510623399933138e-09,0
9203,8,8,0.00405927374958992,3.925620148947928e-06,0
9204,9,8,0.03585979342460632,0.0007878459873609245,1
9205,4,4,0.012363329529762268,5.325431266101077e-05,0
9206,8,8,0.0003869221545755863,5.5653181618708913e-08,0
9207,9,9,0.0133528932929039,8.390294533455744e-05,0
9208,0,0,0.06692403554916382,0.001540183206088841,0
9209,9,1,0.009680237621068954,6.037944694980979e-05,1
9210,7,7,0.004736484959721565,5.1525557864806615e-06,0
9211,1,1,0.00017475546337664127,1.0334710864867702e-08,0
9212,6,6,0.08602035045623779,0.0014877074863761663,0
9213,2,2,0.0012935558333992958,4.6843473455737694e-07,0
9214,9,9,0.0019626449793577194,7.640490480298467e-07,0
9215,5,5,0.0002670842222869396,2.161973711167775e-08,0
9216,6,2,0.19770276546478271,0.009649029932916164,1
9217,9,9,0.002844385802745819,3.876751179632265e-06,0
9218,3,5,0.042549967765808105,0.0006566329975612462,1
9219,9,9,0.030350595712661743,0.0001772226969478652,0
9220,8,8,0.001672231825068593,1.329955694018281e-06,0
9221,7,7,0.005093637853860855,7.76563410909148e-06,0
9222,7,7,0.20048928260803223,0.01121547818183899,0
9223,1,1,0.0599687397480011,0.001672067097388208,0
9224,6,6,0.0007780622690916061,1.477326634358178e-07,0
9225,5,5,0.09060743451118469,0.0043522948399186134,0
9226,3,4,0.16434171795845032,0.009907923638820648,1
9227,1,9,0.0003527998924255371,6.508992100862088e-08,1
9228,3,3,0.0637325644493103,0.0020813257433474064,0
9229,1,8,0.10450398921966553,0.004134007729589939,1
9230,2,2,0.09597229957580566,0.003003728808835149,0
9231,7,3,0.10224401950836182,0.00501012708991766,1
9232,1,1,0.0005792586598545313,1.525935147128621e-07,0
9233,8,8,1.012891880236566e-05,2.1435322267171486e-11,0
9234,2,2,0.012578669935464859,8.461719698971137e-05,0
9235,0,0,0.051793843507766724,0.0009427830809727311,0
9236,9,9,0.002338571008294821,1.2516214837887674e-06,0
9237,7,3,0.063926100730896,0.0034570724237710238,1
9238,9,9,0.001964697614312172,9.582823849996203e-07,0
9239,8,8,4.445478225534316e-07,3.472283834700558e-14,0
9240,8,8,6.78260694257915e-05,1.2551282235762073e-09,0
9241,6,6,0.1762378215789795,0.0070921890437603,0
9242,7,7,0.000784682109951973,9.291385083542991e-08,0
9243,3,3,0.00244766753166914,2.1915352590440307e-06,0
9244,7,7,0.00014535931404680014,8.644642335298158e-09,0
9245,1,1,0.017068564891815186,7.371311949100345e-05,0
9246,3,3,0.032542213797569275,0.00044665037421509624,0
9247,9,9,1.3482887879945338e-05,4.120415814101719e-11,0
9248,0,0,0.03193040192127228,0.0003399148117750883,0
9249,9,9,0.0003103985218331218,4.020845878471846e-08,0
9250,3,5,0.08054345846176147,0.00418958580121398,1
9251,6,6,0.0009094001725316048,3.0464377687167143e-07,0
9252,7,7,0.07811981439590454,0.0024795797653496265,0
9253,2,2,0.013851586729288101,7.513087621191517e-05,0
9254,7,5,0.11030226945877075,0.004880986176431179,1
9255,3,3,0.082084059715271,0.0022835214622318745,0
9256,0,0,0.0020235772244632244,1.955449761226191e-06,0
9257,5,5,0.011559613049030304,7.529598951805383e-05,0
9258,9,9,2.3405787942465395e-05,2.6511320916355885e-10,0
9259,7,7,0.00013313209637999535,4.531165220811317e-09,0
9260,5,3,0.0513310432434082,0.003465576795861125,1
9261,5,5,0.0006225220859050751,1.8250497646477015e-07,0
9262,0,0,0.1322317123413086,0.006820261478424072,0
9263,6,6,0.001239841803908348,7.776964707773004e-07,0
9264,5,5,0.026102736592292786,0.0005872343899682164,0
9265,1,1,2.947114990092814e-05,2.4613938665041246e-10,0
9266,8,8,0.00045238190796226263,7.918926314687269e-08,0
9267,2,6,0.1855107545852661,0.01378571055829525,1
9268,7,7,0.002075393218547106,1.6876089148354367e-06,0
9269,5,0,0.19648420810699463,0.008661321364343166,1
9270,9,9,4.6723062041564845e-07,4.467936844066919e-14,0
9271,0,0,0.033876873552799225,0.0002766549587249756,0
9272,0,0,0.00036963075399398804,1.851283926157521e-08,0
9273,0,0,0.13865619897842407,0.011633899062871933,0
9274,8,8,0.030028969049453735,0.0003062534669879824,0
9275,8,8,0.031810760498046875,0.001140826498158276,0
9276,7,7,0.05655071139335632,0.0009325671126134694,0
9277,3,2,0.07562536001205444,0.0014600561698898673,1
9278,7,7,0.0009414516389369965,3.6458456520449545e-07,0
9279,8,8,2.3996994968911167e-07,1.913816564805878e-14,0
9280,9,9,0.016016792505979538,6.0471833421615884e-05,0
9281,3,4,0.26512259244918823,0.009806333109736443,1
9282,7,7,0.01689155399799347,9.815732482820749e-05,0
9283,9,9,0.0003484328626655042,5.395991564682845e-08,0
9284,7,7,0.0006052285898476839,1.1359882279293743e-07,0
9285,8,8,0.0066105034202337265,1.3262719221529551e-05,0
9286,7,7,8.954550139605999e-05,3.1719988857759063e-09,0
9287,9,9,0.0006048115901648998,1.5346287796091929e-07,0
9288,8,8,0.20638787746429443,0.0069335149601101875,0
9289,5,5,0.02918703854084015,0.00031975284218788147,0
9290,4,4,0.00682821124792099,1.6585021512582898e-05,0
9291,8,8,0.11307209730148315,0.0050296662375330925,0
9292,3,4,0.16178053617477417,0.00657690828666091,1
9293,7,7,0.003093375824391842,3.1560921343043447e-06,0
9294,6,3,0.03378072381019592,0.00028599536744877696,1
9295,3,3,0.03189563751220703,0.001695494749583304,0
9296,8,8,0.0009177355095744133,2.1446066966746002e-07,0
9297,2,2,0.106040358543396,0.002729556756094098,0
9298,1,1,0.07151579856872559,0.0032334006391465664,0
9299,9,9,0.0010423758067190647,5.008240577808465e-07,0
9300,5,3,0.04809427261352539,0.0008192638051696122,1
9301,7,5,0.09323978424072266,0.0034927099477499723,1
9302,3,3,0.1534191370010376,0.007291649468243122,0
9303,9,9,0.01744118332862854,0.00023752353445161134,0
9304,5,5,0.005660424008965492,1.8923299649031833e-05,0
9305,5,7,0.08664041757583618,0.0033892858773469925,1
9306,8,8,7.061086944304407e-05,7.766081111526546e-10,0
9307,7,7,0.0005895718932151794,7.313407479614398e-08,0
9308,3,3,0.04181972146034241,0.000653219351079315,0
9309,5,3,0.05336111783981323,0.004772389307618141,1
9310,3,3,0.0925767719745636,0.0033260812051594257,0
9311,5,5,0.0012710178270936012,8.190407925212639e-07,0
9312,9,9,0.0014296597801148891,8.90935098141199e-07,0
9313,7,7,0.04803477227687836,0.0009740847162902355,0
9314,6,6,0.0010754023678600788,4.182049053724768e-07,0
9315,7,7,0.16858524084091187,0.009131459519267082,0
9316,3,4,0.10655319690704346,0.0041372752748429775,1
9317,6,6,0.002027839422225952,1.006412730930606e-06,0
9318,4,4,0.0014849361032247543,8.442151511189877e-07,0
9319,3,5,0.03874528408050537,0.0019216981017962098,1
9320,9,9,0.04386884719133377,0.0007400858448818326,0
9321,4,4,0.004220396280288696,7.0533155849261675e-06,0
9322,2,2,0.0002305216621607542,9.87945281138991e-09,0
9323,1,1,7.833864401618484e-08,6.653597113645982e-15,0
9324,9,9,0.005684565752744675,1.276354305446148e-05,0
9325,6,6,0.173350989818573,0.008708937093615532,0
9326,0,0,0.0073889512568712234,1.3272838259581476e-05,0
9327,2,2,0.12159860134124756,0.007451185025274754,0
9328,6,6,0.07310575246810913,0.002972789341583848,0
9329,7,7,0.07021981477737427,0.0049455235712230206,0
9330,4,4,0.05266469717025757,0.0008536225068382919,0
9331,7,7,0.006198465824127197,1.2251836778887082e-05,0
9332,9,9,0.0005514156073331833,9.390915067797323e-08,0
9333,0,0,0.01703951507806778,0.00011904401617357507,0
9334,7,7,0.003109605982899666,4.1383532334293704e-06,0
9335,4,4,0.0005859381053596735,1.0922246929112589e-07,0
9336,3,5,0.08611929416656494,0.007652411703020334,1
9337,5,5,0.04359602928161621,0.001603193348273635,0
9338,3,6,0.13627249002456665,0.010685505345463753,1
9339,1,1,0.0006889095529913902,2.4080770799628226e-07,0
9340,1,1,6.859692803118378e-06,2.0894692226436362e-11,0
9341,2,2,0.15370500087738037,0.006234078202396631,0
9342,6,6,0.000626295106485486,7.378282873560238e-08,0
9343,8,8,0.0071189552545547485,2.2474085199064575e-05,0
9344,2,2,0.15555185079574585,0.005821643862873316,0
9345,1,1,0.002742120996117592,5.0502881094871555e-06,0
9346,7,5,0.10376971960067749,0.0037962044589221478,1
9347,8,8,0.00036558229476213455,6.496294702174055e-08,0
9348,5,5,0.09191089868545532,0.003941872622817755,0
9349,9,0,0.021237224340438843,0.00017675742856226861,1
9350,6,6,0.006820354610681534,1.9978535419795662e-05,0
9351,1,9,0.11120396852493286,0.010154666379094124,1
9352,1,1,0.019829049706459045,0.00011306202213745564,0
9353,5,5,0.07051956653594971,0.0032596332021057606,0
9354,0,0,0.018205806612968445,0.0002261201589135453,0
9355,6,6,0.004064822569489479,6.53616143608815e-06,0
9356,0,0,0.0007420200854539871,1.6671386049438297e-07,0
9357,9,9,0.0013778358697891235,8.666426651871006e-07,0
9358,2,2,0.007712610065937042,1.7409984138794243e-05,0
9359,6,6,0.015349261462688446,6.305862189037725e-05,0
9360,5,5,0.20160043239593506,0.013144250027835369,0
9361,8,8,0.19296479225158691,0.009964646771550179,0
9362,9,9,0.01916840672492981,8.408603025600314e-05,0
9363,5,3,0.02333056926727295,0.0005595717811957002,1
9364,5,5,0.010209217667579651,5.6079192290781066e-05,0
9365,6,6,0.0029777581803500652,3.838683824142208e-06,0
9366,2,2,0.03548940271139145,0.0005114006926305592,0
9367,9,9,0.0007813782431185246,3.0020524377505353e-07,0
9368,1,1,0.003713959828019142,6.795658464398002e-06,0
9369,5,4,0.07273471355438232,0.002274865284562111,1
9370,8,8,0.16749286651611328,0.00671952310949564,0
9371,8,8,0.13183486461639404,0.00740742776542902,0
9372,7,7,0.0009444812312722206,2.660622442363092e-07,0
9373,1,1,0.00030862295534461737,3.500304046610836e-08,0
9374,7,7,0.00016437267186120152,1.1051253245852877e-08,0
9375,3,5,0.08809500932693481,0.003210843773558736,1
9376,5,5,0.05209830403327942,0.0009608138352632523,0
9377,4,4,0.012025043368339539,3.7710426113335416e-05,0
9378,9,9,0.005749870091676712,6.526587185362587e-06,0
9379,7,7,3.5033572203246877e-06,2.191240895330071e-12,0
9380,5,3,0.10389518737792969,0.00814643781632185,1
9381,2,2,0.032916948199272156,0.00025974647724069655,0
9382,9,9,0.003512839786708355,4.532331331574824e-06,0
9383,9,9,0.01854662597179413,0.0001193288917420432,0
9384,4,4,0.020767398178577423,0.00013992379535920918,0
9385,7,0,0.15643346309661865,0.0065788947977125645,1
9386,4,2,0.008224144577980042,2.7010148187400773e-05,1
9387,1,1,0.00010200179531238973,4.453821311756201e-09,0
9388,3,3,0.00579090416431427,1.6932515791268088e-05,0
9389,8,8,0.002284274436533451,2.5232170628441963e-06,0
9390,7,7,0.0018102768808603287,1.126675329032878e-06,0
9391,9,9,6.986765947658569e-05,1.953976092039511e-09,0
9392,0,0,0.05663907527923584,0.0008539656992070377,0
9393,4,4,0.012159179896116257,5.754365702159703e-05,0
9394,5,5,0.04097557067871094,0.0007177950465120375,0
9395,7,7,0.011786175891757011,6.274631596170366e-05,0
9396,5,5,0.0408124178647995,0.0005110415513627231,0
9397,2,2,0.015566796064376831,9.757922089193016e-05,0
9398,8,8,0.03288796544075012,0.0006389707559719682,0
9399,7,7,0.00743513647466898,2.269827018608339e-05,0
9400,6,6,8.623686153441668e-05,1.3517782448957405e-09,0
9401,9,9,0.015103083103895187,0.0001026491736411117,0
9402,6,6,0.005890257656574249,1.3036542441113852e-05,0
9403,9,9,0.0005409214645624161,8.121590866494444e-08,0
9404,3,3,0.058549344539642334,0.0029209747444838285,0
9405,8,8,0.0014179171994328499,6.522219564430998e-07,0
9406,5,5,0.024087846279144287,0.00033220413024537265,0
9407,6,6,0.09368300437927246,0.004033097065985203,0
9408,6,6,0.00011089380132034421,4.354742344503393e-09,0
9409,9,9,1.2801705452147871e-05,7.931628964730209e-11,0
9410,5,5,0.00014887709403410554,8.040122345676082e-09,0
9411,7,7,0.005689352750778198,1.3786775525659323e-05,0
9412,8,8,0.00047069741412997246,1.2888426681456622e-07,0
9413,0,0,0.0021284427493810654,9.470824693380564e-07,0
9414,5,5,0.07477617263793945,0.005770170129835606,0
9415,0,0,0.0238305926322937,0.00010162058606510982,0
9416,7,7,0.000500147812999785,1.1169304059421847e-07,0
9417,4,4,0.06317147612571716,0.0020814435556530952,0
9418,8,8,0.02949625998735428,0.0003345098812133074,0
9419,2,2,0.032969146966934204,0.0003519069869071245,0
9420,5,5,0.03834943845868111,0.0006164658698253334,0
9421,1,1,0.19270354509353638,0.010382777079939842,0
9422,3,5,0.04443854093551636,0.002759973518550396,1
9423,2,2,0.2518206238746643,0.015266260132193565,0
9424,2,2,0.000186758057679981,1.0981410447641338e-08,0
9425,6,6,0.003087639808654785,2.759992639767006e-06,0
9426,2,4,0.2213360071182251,0.013053396716713905,1
9427,1,1,0.000611786381341517,1.4859212171813851e-07,0
9428,7,7,0.014220766723155975,4.3357333197491243e-05,0
9429,4,4,0.028482884168624878,0.00025289913173764944,0
9430,6,6,0.1843145489692688,0.010517056100070477,0
9431,3,5,0.1149401068687439,0.004257494583725929,1
9432,1,1,0.0115834791213274,5.706377487513237e-05,0
9433,3,3,0.017313823103904724,0.00011476523650344461,0
9434,7,7,0.047486886382102966,0.0010858479654416442,0
9435,2,2,0.06593888998031616,0.0020668841898441315,0
9436,1,1,0.175653874874115,0.011021777987480164,0
9437,3,7,0.053395211696624756,0.0010226689046248794,1
9438,7,7,0.0005281625781208277,7.418388037194745e-08,0
9439,0,0,0.07638657093048096,0.0018750093877315521,0
9440,8,8,6.729931919835508e-05,9.530424227577328e-10,0
9441,4,4,0.1877068281173706,0.008496643044054508,0
9442,4,4,0.0253235325217247,0.00023197774135041982,0
9443,5,5,0.014225468039512634,0.0001003531288006343,0
9444,7,7,1.572387554915622e-05,1.218103395927983e-10,0
9445,9,7,0.2921626567840576,0.01833997666835785,1
9446,5,3,0.07162249088287354,0.005314581096172333,1
9447,4,4,0.0018692677840590477,9.895586572383763e-07,0
9448,3,3,0.05732858180999756,0.001766128116287291,0
9449,9,9,0.1444421410560608,0.008432867005467415,0
9450,6,6,0.09851136803627014,0.0036624898202717304,0
9451,8,8,5.179530126042664e-05,6.648070982606669e-10,0
9452,2,0,0.19096457958221436,0.007383554242551327,1
9453,3,3,0.0030108094215393066,4.2094634409295395e-06,0
9454,3,3,0.18389004468917847,0.008703621104359627,0
9455,1,1,0.004358021542429924,7.836109944037162e-06,0
9456,6,6,0.0004219062393531203,4.912582696192658e-08,0
9457,1,1,0.014233589172363281,0.0002127503539668396,0
9458,7,7,1.05014214568655e-06,4.214421780307509e-13,0
9459,0,0,0.16284382343292236,0.011770125478506088,0
9460,3,3,0.008380036801099777,1.5251734112098347e-05,0
9461,4,4,0.09913116693496704,0.0038553797639906406,0
9462,2,2,0.053941547870635986,0.002575793769210577,0
9463,9,9,0.00044989073649048805,5.063910890612533e-08,0
9464,4,4,0.012497767806053162,2.6381971110822633e-05,0
9465,5,5,0.0690457820892334,0.0022167651914060116,0
9466,8,8,0.001733250916004181,5.809043841509265e-07,0
9467,2,7,0.1357603669166565,0.007262961473315954,1
9468,7,7,0.20128953456878662,0.012346376664936543,0
9469,0,0,0.005795465782284737,7.913174158602487e-06,0
9470,9,9,5.951587809249759e-05,1.5094741012688928e-09,0
9471,6,6,0.1766573190689087,0.007752891629934311,0
9472,8,8,0.003093884326517582,3.909403858415317e-06,0
9473,0,0,0.010866675525903702,1.9332805095473304e-05,0
9474,8,8,1.3685683370567858e-05,9.43433664524207e-11,0
9475,2,2,0.0006585181690752506,1.87644928928421e-07,0
9476,8,8,0.0018066810443997383,1.2436128145054681e-06,0
9477,5,5,0.00027694308664649725,3.1613620166126566e-08,0
9478,7,7,1.2208187399664894e-05,6.308459310488956e-11,0
9479,7,7,0.0055889468640089035,1.121640616474906e-05,0
9480,2,2,0.0013428675010800362,4.2578079728627927e-07,0
9481,2,2,0.004073167219758034,4.828903001907747e-06,0
9482,0,0,0.0010434160940349102,4.2971478819708864e-07,0
9483,0,0,0.043994009494781494,0.0012436754768714309,0
9484,0,0,0.04235297441482544,0.00042879077955149114,0
9485,7,7,0.024408109486103058,0.0004141645913477987,0
9486,4,4,0.00018966977950185537,6.8003211950440345e-09,0
9487,1,1,1.0033994612967945e-07,7.249123108970905e-15,0
9488,6,6,0.0029485952109098434,1.8384132545179455e-06,0
9489,6,6,3.2287396606989205e-05,3.377771951029729e-10,0
9490,8,8,0.08989045023918152,0.003931761719286442,0
9491,8,8,0.0006549286190420389,1.2054266562699922e-07,0
9492,9,9,0.026621147990226746,0.00029359007021412253,0
9493,0,8,0.21315497159957886,0.009669500403106213,1
9494,9,9,0.003464088775217533,4.81426377518801e-06,0
9495,0,0,0.003304213285446167,6.672940799035132e-06,0
9496,1,1,1.2613803846761584e-05,7.026774995200213e-11,0
9497,3,3,0.0709775984287262,0.0019343076273798943,0
9498,3,6,0.1264936923980713,0.00749980378895998,1
9499,0,0,0.0029262294992804527,2.9924424325145083e-06,0
9500,9,9,0.002534015104174614,1.5061443718877854e-06,0
9501,6,2,0.0037272553890943527,4.021163022116525e-06,1
9502,6,6,0.000786312622949481,2.1373276126723795e-07,0
9503,2,6,0.13800078630447388,0.0076640816405415535,1
9504,6,6,0.003988940268754959,5.079232323623728e-06,0
9505,3,3,0.015238717198371887,0.000147303580888547,0
9506,4,2,0.05064654350280762,0.0007356599089689553,1
9507,0,8,0.0005813697353005409,1.4672562542727974e-07,1
9508,8,8,0.0073205213993787766,1.7707339793560095e-05,0
9509,4,4,0.018189430236816406,0.00013773079263046384,0
9510,1,1,0.00031954830046743155,3.622616162601844e-08,0
9511,4,4,0.04384024813771248,0.0005640070885419846,0
9512,0,0,0.001963971182703972,1.810922412914806e-06,0
9513,6,6,0.014902591705322266,5.3799525630893186e-05,0
9514,5,5,0.06919431686401367,0.0016333654057234526,0
9515,0,0,0.025935843586921692,0.00029058862128295004,0
9516,9,9,3.278978510934394e-07,3.35532992991501e-14,0
9517,9,9,0.0049554649740457535,5.99463874095818e-06,0
9518,9,9,0.02863013744354248,0.0003796469827648252,0
9519,9,9,1.7622121958993375e-05,1.3739301363280276e-10,0
9520,1,1,0.011386163532733917,5.800218059448525e-05,0
9521,2,2,0.034749969840049744,0.00028281821869313717,0
9522,3,2,0.1577150821685791,0.008632214739918709,1
9523,5,5,0.02585296332836151,0.0003832154907286167,0
9524,4,4,0.0007745765615254641,1.7698405940791417e-07,0
9525,2,2,0.014754720032215118,7.143765105865896e-05,0
9526,9,9,0.0005454246420413256,1.257867978665672e-07,0
9527,6,6,0.1194378137588501,0.004584743175655603,0
9528,0,0,0.1742638349533081,0.006651000119745731,0
9529,9,9,0.15533554553985596,0.005269001238048077,0
9530,6,6,0.00016393008991144598,1.048470288367298e-08,0
9531,6,6,0.00010850277612917125,4.614407966840872e-09,0
9532,8,8,1.072265877155587e-05,2.2781495440105104e-11,0
9533,0,0,0.016048170626163483,7.466187526006252e-05,0
9534,6,6,8.200312731787562e-05,3.56967322368007e-09,0
9535,1,9,0.11069422960281372,0.002820071531459689,1
9536,4,4,0.009221851825714111,3.3097829145845026e-05,0
9537,6,6,6.925201159901917e-05,8.905384762947222e-10,0
9538,8,8,0.007747832685709,1.777112265699543e-05,0
9539,0,0,7.151463069021702e-05,1.6743797459639609e-09,0
9540,5,5,0.003839584067463875,4.6305585783557035e-06,0
9541,4,4,0.050812870264053345,0.0010680516716092825,0
9542,1,1,0.03556019067764282,0.0005176792619749904,0
9543,2,2,0.0020318711176514626,8.86802695276856e-07,0
9544,0,0,0.00433088093996048,4.508951860771049e-06,0
9545,9,9,2.2812484530732036e-05,2.263968318372278e-10,0
9546,6,6,0.00011319422628730536,3.5589089453225142e-09,0
9547,4,4,0.00014936353545635939,8.798552997291154e-09,0
9548,2,3,0.19341808557510376,0.012371977791190147,1
9549,4,4,0.0012183785438537598,3.525856016040052e-07,0
9550,6,6,0.010532716289162636,4.948872810928151e-05,0
9551,5,4,0.27488481998443604,0.013464728370308876,1
9552,9,9,0.00020277220755815506,1.4534026426815672e-08,0
9553,7,7,0.03619268536567688,0.0004587922303471714,0
9554,7,7,1.5124962374102324e-05,7.862812484438209e-11,0
9555,4,4,0.05587857961654663,0.0016342431772500277,0
9556,6,6,0.0011347811669111252,4.226246801408706e-07,0
9557,5,5,0.2439238429069519,0.019402822479605675,0
9558,0,0,0.0018495433032512665,1.197386950479995e-06,0
9559,1,1,0.006401538848876953,1.1743702998501249e-05,0
9560,9,9,0.04079349339008331,0.0003788641479332,0
9561,0,0,0.0008293157443404198,1.8190155515185324e-07,0
9562,3,3,0.009497836232185364,8.882483962224796e-05,0
9563,1,2,0.34477388858795166,0.01729574427008629,1
9564,9,9,2.360029611736536e-05,2.688311795395748e-10,0
9565,0,0,0.0006025482434779406,1.6021628823637002e-07,0
9566,9,9,9.432216756977141e-06,3.7277840536642515e-11,0
9567,7,7,0.02715429663658142,0.00020093843340873718,0
9568,8,8,7.103831740096211e-05,1.3847630819796564e-09,0
9569,6,6,0.006297670304775238,9.254397809854709e-06,0
9570,7,7,0.00048377341590821743,7.338032759207636e-08,0
9571,6,6,0.06998327374458313,0.002005412010475993,0
9572,8,8,2.1179759642109275e-05,1.5186647772669204e-10,0
9573,2,5,0.1622428297996521,0.0068919300101697445,1
9574,4,4,0.0005373092135414481,1.3641700036259863e-07,0
9575,5,5,6.532285624416545e-06,1.8146078389902343e-11,0
9576,3,3,0.08211630582809448,0.002682600636035204,0
9577,0,0,0.0008105626329779625,2.215271877048508e-07,0
9578,3,3,0.01626446843147278,0.00010396611469332129,0
9579,2,2,0.25327062606811523,0.017306948080658913,0
9580,1,1,0.0035988562740385532,5.3981016208126675e-06,0
9581,7,7,4.484885721467435e-06,4.5475945058270906e-12,0
9582,5,5,0.015748798847198486,0.0001656817621551454,0
9583,9,9,0.02026950940489769,0.00010269854828948155,0
9584,3,3,0.06701779365539551,0.0016933574806898832,0
9585,4,4,0.001967189833521843,1.3671345868715434e-06,0
9586,5,5,0.05440300703048706,0.0033486075699329376,0
9587,7,7,0.23586463928222656,0.01216898299753666,0
9588,1,1,4.755986446980387e-05,6.449628608962144e-10,0
9589,5,5,0.0020582936704158783,1.0656207223291858e-06,0
9590,0,0,0.07739907503128052,0.0020275709684938192,0
9591,1,1,0.00020591082284227014,1.905280555547506e-08,0
9592,1,1,8.597061196269351e-08,5.226076394012312e-15,0
9593,1,9,0.028374135494232178,0.00017299021419603378,1
9594,9,9,0.02098073996603489,0.00015747275028843433,0
9595,7,7,0.005813073366880417,2.641113314894028e-05,0
9596,5,5,4.674449883168563e-06,7.931426349028214e-12,0
9597,4,4,0.0007385392673313618,1.336523069994655e-07,0
9598,9,9,0.0006470626685768366,1.9740153334169008e-07,0
9599,7,7,9.727891665534116e-07,2.309052742847234e-13,0
9600,8,8,0.0004808972589671612,7.664056056455593e-08,0
9601,1,3,0.05510830879211426,0.0027499254792928696,1
9602,0,0,6.333208875730634e-05,8.933269124433707e-10,0
9603,2,2,0.0077383145689964294,1.640580376260914e-05,0
9604,8,8,0.06173300743103027,0.0008972316863946617,0
9605,5,5,0.0010562390089035034,6.581756224477431e-07,0
9606,6,3,0.1929260492324829,0.012301869690418243,1
9607,7,7,0.06648387014865875,0.0010639361571520567,0
9608,0,0,0.02123028039932251,0.001041026203893125,0
9609,1,1,0.13658690452575684,0.0059841712936758995,0
9610,4,4,2.710225999180693e-06,2.374258558854314e-12,0
9611,8,8,4.389821697259322e-06,9.447472318346861e-12,0
9612,4,4,0.00031318608671426773,1.701287821731512e-08,0
9613,4,4,0.0026318300515413284,1.909233333208249e-06,0
9614,6,6,4.933299351250753e-06,6.85187236809659e-12,0
9615,6,6,0.00011108804028481245,2.838876245192523e-09,0
9616,5,2,0.08092516660690308,0.003088960889726877,1
9617,8,8,0.011891957372426987,5.1808892749249935e-05,0
9618,1,1,3.256105856053182e-07,4.0300563857202307e-14,0
9619,8,8,0.005669296719133854,9.09457685338566e-06,0
9620,4,4,0.007150102406740189,1.641205744817853e-05,0
9621,6,6,0.0025426633656024933,2.2028671082807705e-06,0
9622,5,5,0.01685298979282379,9.07658104551956e-05,0
9623,9,9,4.171139153186232e-06,6.412612194722778e-12,0
9624,2,2,0.0018014553934335709,1.3437554571282817e-06,0
9625,2,2,0.01622532308101654,9.443470480618998e-05,0
9626,1,1,0.006690062582492828,9.028748536366038e-06,0
9627,4,4,0.06602013111114502,0.0021829416509717703,0
9628,9,9,0.004749320913106203,9.41994585446082e-06,0
9629,1,1,0.028320398181676865,0.00033765347325243056,0
9630,6,6,0.00014594988897442818,5.926342971918075e-09,0
9631,7,7,0.0031082313507795334,5.477922513819067e-06,0
9632,2,2,0.0009706630371510983,2.67527809683088e-07,0
9633,0,3,0.16800951957702637,0.01117792446166277,1
9634,1,1,0.0017320644110441208,1.746162524796091e-06,0
9635,7,7,0.1564226746559143,0.011521236971020699,0
9636,6,6,0.009640095755457878,2.9751321562798694e-05,0
9637,5,5,0.003946660086512566,7.1895847213454545e-06,0
9638,2,2,3.936633584089577e-05,4.108485218701219e-10,0
9639,2,2,0.002614798955619335,1.6853548459039303e-06,0
9640,5,5,0.09242832660675049,0.00381665606983006,0
9641,6,3,0.11520814895629883,0.00439088698476553,1
9642,0,0,0.003949386067688465,8.298591637867503e-06,0
9643,9,9,0.11174130439758301,0.008733658120036125,0
9644,0,0,0.04679630696773529,0.0011140821734443307,0
9645,1,1,2.9101378459017724e-05,3.5931843611614056e-10,0
9646,5,7,0.09381335973739624,0.006114001851528883,1
9647,3,3,0.02655118703842163,0.0008724539657123387,0
9648,3,3,0.035346463322639465,0.00038738135481253266,0
9649,5,5,0.00034913711715489626,5.170990036162948e-08,0
9650,8,8,1.7956175724975765e-05,5.608459877071148e-11,0
9651,7,7,0.00010175531497225165,4.774005635255207e-09,0
9652,5,3,0.21058130264282227,0.0076735964976251125,1
9653,6,6,0.0005657392321154475,1.3015430511131854e-07,0
9654,5,5,0.02181999385356903,0.00017060613026842475,0
9655,8,8,5.280642653815448e-06,1.2996870073223032e-11,0
9656,0,0,0.036971315741539,0.0003549452521838248,0
9657,5,3,0.05113774538040161,0.0024047656916081905,1
9658,9,9,0.00017681776080280542,8.584891908469672e-09,0
9659,4,4,0.03260834515094757,0.0002768059493973851,0
9660,6,6,0.00022451661061495543,1.1360699048168499e-08,0
9661,5,5,0.006757095456123352,1.8628732505021617e-05,0
9662,1,1,8.461533980153035e-07,2.779470989304478e-13,0
9663,1,1,0.0016429964452981949,1.112935706260032e-06,0
9664,0,0,0.0037259962409734726,6.014649443386588e-06,0
9665,3,3,0.12237286567687988,0.005962810013443232,0
9666,3,3,0.03202125430107117,0.0007875753799453378,0
9667,9,9,0.00014107616152614355,9.944446155429887e-09,0
9668,4,4,2.6959431124851108e-05,2.030643708739177e-10,0
9669,8,8,0.013428859412670135,7.114811160136014e-05,0
9670,1,1,4.320495645515621e-05,6.298812582627988e-10,0
9671,7,7,0.003907635807991028,7.682840987399686e-06,0
9672,7,7,0.012773076072335243,5.4888259910512716e-05,0
9673,9,9,0.0010284511372447014,2.1577025677288475e-07,0
9674,9,9,9.161374237010023e-08,9.16753076175749e-15,0
9675,4,4,0.14524602890014648,0.007382524665445089,0
9676,3,2,0.09165710210800171,0.003538622986525297,1
9677,6,6,4.670637281378731e-07,9.217932271437732e-14,0
9678,3,3,0.025343596935272217,0.00042392435716465116,0
9679,2,2,0.01584114134311676,7.841286424081773e-05,0
9680,8,8,0.020785585045814514,0.00016428045637439936,0
9681,2,2,0.07005506753921509,0.001615734538063407,0
9682,7,7,0.02012138068675995,9.500583109911531e-05,0
9683,6,6,0.11918091773986816,0.00448859017342329,0
9684,7,7,0.010450497269630432,2.963822043966502e-05,0
9685,0,0,0.011377237737178802,3.682854730868712e-05,0
9686,2,2,0.00893106684088707,2.7203368517803028e-05,0
9687,1,1,0.0542391836643219,0.0013261850690469146,0
9688,2,2,0.022215843200683594,0.00011478267697384581,0
9689,9,9,0.0006142947822809219,1.3101211493449227e-07,0
9690,4,4,0.07164210081100464,0.0036785341799259186,0
9691,6,6,0.09322363138198853,0.0027048487681895494,0
9692,9,9,0.010418809950351715,3.046355595870409e-05,0
9693,6,6,0.14588773250579834,0.007147718220949173,0
9694,1,1,0.04200536012649536,0.0012273595202714205,0
9695,0,0,0.000571344280615449,8.414098573439333e-08,0
9696,1,1,0.00014991452917456627,1.0677530859481976e-08,0
9697,8,8,0.024822473526000977,0.0004923277883790433,0
9698,7,7,0.0036181691102683544,5.260680154606234e-06,0
9699,0,0,0.036176979541778564,0.0005462797125801444,0
9700,0,0,0.0004340014420449734,3.3343951599817956e-08,0
9701,4,4,0.0015948088839650154,5.386552288655366e-07,0
9702,7,7,3.458977153059095e-05,3.8472020014168606e-10,0
9703,4,4,9.350194886792451e-06,2.0113504611840582e-11,0
9704,2,3,0.08331596851348877,0.00294173089787364,1
9705,6,6,0.033307820558547974,0.00041998393135145307,0
9706,9,9,9.083154145628214e-05,1.0411053130710002e-09,0
9707,5,5,0.1539442539215088,0.010811835527420044,0
9708,9,9,0.012827029451727867,6.320911052171141e-05,0
9709,0,0,0.042791128158569336,0.0006927974754944444,0
9710,7,7,0.006785718724131584,2.1795282009406947e-05,0
9711,4,4,2.8621116143767722e-08,3.009723525600487e-16,0
9712,5,5,0.007723582908511162,1.98407651623711e-05,0
9713,8,8,2.2617896320298314e-05,1.2316740682916105e-10,0
9714,1,1,5.690557009074837e-05,1.4100629552871169e-09,0
9715,4,4,1.290454383706674e-05,5.521392718033091e-11,0
9716,7,7,0.0134425088763237,6.243467214517295e-05,0
9717,9,9,0.08690762519836426,0.0061594657599925995,0
9718,9,9,0.013150420039892197,9.799045801628381e-05,0
9719,8,8,1.689239070401527e-06,5.263203067817912e-13,0
9720,8,8,0.0013914192095398903,6.411104322978645e-07,0
9721,6,6,0.05089297890663147,0.0007996432250365615,0
9722,3,3,0.10253918170928955,0.0024550347588956356,0
9723,7,7,0.011292796581983566,5.712714118999429e-05,0
9724,0,0,0.001243741251528263,3.8641937294414674e-07,0
9725,8,8,0.016598805785179138,5.04495037603192e-05,0
9726,9,9,0.031278133392333984,0.0002206184872193262,0
9727,6,6,0.1934766173362732,0.009132868610322475,0
9728,2,2,0.0018548611551523209,9.930561191140441e-07,0
9729,4,4,0.07881838083267212,0.002001563087105751,0
9730,6,3,0.010252632200717926,3.427852425375022e-05,1
9731,2,2,0.006025403738021851,1.2362752386252396e-05,0
9732,9,9,0.013238150626420975,8.537527173757553e-05,0
9733,7,7,0.10270661115646362,0.00811885204166174,0
9734,4,7,0.10881543159484863,0.006278944201767445,1
9735,6,6,0.005757715553045273,1.6192139810300432e-05,0
9736,8,8,0.0046954285353422165,1.0999930054822471e-05,0
9737,5,5,0.09441179037094116,0.008617168292403221,0
9738,6,2,0.06037434935569763,0.0026428955607116222,1
9739,1,1,0.03809693455696106,0.001315775909461081,0
9740,3,6,0.10508263111114502,0.004254561848938465,1
9741,5,5,0.007332205772399902,3.069458034588024e-05,0
9742,9,9,0.007527435198426247,1.227597203978803e-05,0
9743,9,9,0.0030658654868602753,5.907715603825636e-06,0
9744,1,9,0.039311811327934265,0.0012130069080740213,1
9745,3,3,0.0006761280819773674,1.2028661444674071e-07,0
9746,2,0,0.018580719828605652,8.632335084257647e-05,1
9747,0,0,0.03542575240135193,0.00047678506234660745,0
9748,3,3,0.012597531080245972,9.930990927387029e-05,0
9749,0,0,0.0024067796766757965,2.4385731194342952e-06,0
9750,2,2,0.0021447334438562393,1.7209844145327224e-06,0
9751,0,0,0.1026727557182312,0.005665947683155537,0
9752,7,7,0.027753591537475586,0.00017035313067026436,0
9753,3,3,0.06112271547317505,0.002638607518747449,0
9754,9,9,0.00017368549015372992,1.2677118021997558e-08,0
9755,3,3,0.037767231464385986,0.0006441725417971611,0
9756,5,5,0.010077951475977898,5.680115282302722e-05,0
9757,7,7,0.19203412532806396,0.00798571202903986,0
9758,6,6,0.02315252274274826,0.00013355709961615503,0
9759,5,5,0.012197650969028473,0.00011453550541773438,0
9760,9,9,0.034324996173381805,0.0003823799197562039,0
9761,5,5,0.026969507336616516,0.0002669899840839207,0
9762,6,6,2.6042020181193948e-05,2.1243089232125811e-10,0
9763,1,1,0.00027857208624482155,3.449907381991579e-08,0
9764,2,2,0.03895491361618042,0.0009516208665445447,0
9765,4,4,0.0812268853187561,0.0023841343354433775,0
9766,0,0,0.03458741307258606,0.0007823966443538666,0
9767,2,2,0.007094893604516983,1.1889240340678953e-05,0
9768,7,7,0.010935097932815552,3.6024288419866934e-05,0
9769,8,8,7.721805013716221e-05,2.9160804881911417e-09,0
9770,4,4,0.06472510099411011,0.001468009315431118,0
9771,4,4,0.0008841892704367638,2.2897927465237444e-07,0
9772,0,2,0.10298407077789307,0.00425633043050766,1
9773,9,9,0.0339522659778595,0.0012406772002577782,0
9774,5,5,0.028497740626335144,0.0004890820709988475,0
9775,9,9,0.0245821475982666,0.00014925932919140905,0
9776,2,4,0.09059882164001465,0.00378813361749053,1
9777,9,9,0.13690558075904846,0.003945158328860998,0
9778,3,5,0.10516315698623657,0.004918312653899193,1
9779,2,5,0.15575248003005981,0.009182124398648739,1
9780,4,2,0.11406642198562622,0.004815784282982349,1
9781,3,3,0.026663899421691895,0.0010808904189616442,0
9782,2,2,0.021519578993320465,0.00012448530469555408,0
9783,2,2,0.0672324001789093,0.0019874395802617073,0
9784,8,8,0.00013628427404910326,8.949429641802453e-09,0
9785,8,8,0.1547846794128418,0.009059013798832893,0
9786,6,1,0.23289477825164795,0.011780841276049614,1
9787,8,0,0.0839693546295166,0.006283246912062168,1
9788,1,1,1.3408571248874068e-05,7.345764968524904e-11,0
9789,6,6,0.0006288886070251465,1.2248247571733373e-07,0
9790,8,8,0.00987124815583229,1.967594653251581e-05,0
9791,9,6,0.006585262715816498,9.811711606744211e-06,1
9792,8,9,0.08587431907653809,0.003703522030264139,1
9793,2,2,0.15313589572906494,0.011072146706283092,0
9794,1,0,0.10019892454147339,0.0028429916128516197,1
9795,4,4,0.031734317541122437,0.0004037048202008009,0
9796,9,9,0.0073282718658447266,1.8132435798179358e-05,0
9797,1,1,2.27285418077372e-05,2.2186852355332576e-10,0
9798,5,5,0.0005368435522541404,7.745654784230283e-08,0
9799,7,7,0.0011364258825778961,4.069265173711756e-07,0
9800,1,1,3.129787728539668e-06,3.0152154644608187e-12,0
9801,6,3,0.04219743609428406,0.0006931301904842257,1
9802,0,0,0.0038888920098543167,6.951132490939926e-06,0
9803,1,1,5.646590579999611e-06,1.4805181386412514e-11,0
9804,5,5,0.014883182942867279,6.843516894150525e-05,0
9805,2,2,0.0685163140296936,0.003497553523629904,0
9806,8,8,0.029900670051574707,0.0006407395703718066,0
9807,1,1,0.0006189371924847364,7.647668809340757e-08,0
9808,1,1,0.060974299907684326,0.0014874155167490244,0
9809,3,3,0.05119603872299194,0.0017152298241853714,0
9810,8,8,0.028310194611549377,0.00035460959770716727,0
9811,1,1,0.005324574187397957,1.4346986063173972e-05,0
9812,3,8,0.23254239559173584,0.008549255318939686,1
9813,1,1,0.00028534489683806896,3.547265947645428e-08,0
9814,8,8,0.0077986083924770355,2.4855524316080846e-05,0
9815,5,5,0.0337119996547699,0.0006887918571010232,0
9816,1,1,0.00023846421390771866,2.0590892546579198e-08,0
9817,9,9,0.06643196940422058,0.0035631314385682344,0
9818,0,0,0.002665594220161438,1.4585853023163509e-06,0
9819,3,5,0.04836287349462509,0.0011417000787332654,1
9820,0,0,0.16971367597579956,0.006727959029376507,0
9821,4,4,0.00983305461704731,3.150302654830739e-05,0
9822,0,0,0.004775892943143845,5.001705631002551e-06,0
9823,5,3,0.04044228792190552,0.00204992713406682,1
9824,1,1,0.016887575387954712,0.00020147149916738272,0
9825,2,4,0.12428128719329834,0.007894644513726234,1
9826,0,0,0.0036692600697278976,6.052277058188338e-06,0
9827,4,4,0.0015807985328137875,8.775529067861498e-07,0
9828,9,9,0.0009392369538545609,1.9809110085589055e-07,0
9829,5,5,0.07586407661437988,0.0027490886859595776,0
9830,1,1,0.012926742434501648,7.80082555138506e-05,0
9831,2,2,0.0009748074226081371,3.473788581231929e-07,0
9832,2,2,0.18432873487472534,0.007279880344867706,0
9833,7,7,0.005915496498346329,1.6310488717863336e-05,0
9834,8,8,0.0004821205511689186,9.40928117643125e-08,0
9835,7,7,7.780309533700347e-05,1.968349483405518e-09,0
9836,2,2,0.006412189453840256,7.15471469447948e-06,0
9837,4,4,0.0028646597638726234,2.6087186597578693e-06,0
9838,5,5,0.13594451546669006,0.007086809724569321,0
9839,3,6,0.07145947217941284,0.0023974073119461536,1
9840,4,7,0.14233911037445068,0.01023635920137167,1
9841,0,0,0.0983259379863739,0.004846913740038872,0
9842,6,4,0.0883641242980957,0.004092955496162176,1
9843,1,1,0.012213471345603466,6.248232966754586e-05,0
9844,5,2,0.1581936478614807,0.01118748914450407,1
9845,9,9,2.5041263143066317e-05,1.2378827130010706e-10,0
9846,8,8,0.0001249064807780087,5.542409642345092e-09,0
9847,0,0,0.0003486627247184515,2.2883835271159114e-08,0
9848,2,2,0.000207967939786613,7.632625198539245e-09,0
9849,0,0,0.20604228973388672,0.016722580417990685,0
9850,7,7,0.01243329793214798,6.062053216737695e-05,0
9851,6,6,0.12646961212158203,0.007919346913695335,0
9852,0,0,6.978123565204442e-05,1.5240197992483218e-09,0
9853,5,6,0.01902182400226593,0.0001433991565136239,1
9854,9,9,0.0022613154724240303,2.1726186787418555e-06,0
9855,7,7,0.0005746223032474518,1.6786302126092778e-07,0
9856,5,5,0.011074833571910858,5.289550608722493e-05,0
9857,0,1,0.018191009759902954,0.00012972686090506613,1
9858,4,4,0.09390425682067871,0.0035698837600648403,0
9859,6,6,0.026934683322906494,0.00023481532116420567,0
9860,0,0,0.0018581897020339966,9.711602615425363e-07,0
9861,6,6,7.393441046588123e-05,1.615791722642257e-09,0
9862,3,3,0.03657335042953491,0.002124540973454714,0
9863,6,6,5.9217039961367846e-05,6.766782689737738e-10,0
9864,8,8,0.08519026637077332,0.004919171333312988,0
9865,1,1,0.00045770592987537384,8.193693901148436e-08,0
9866,1,1,0.22174805402755737,0.0089876102283597,0
9867,8,8,0.017581865191459656,8.783942757872865e-05,0
9868,9,9,0.056260351091623306,0.0011708115926012397,0
9869,7,7,0.005988419055938721,1.4893023944750894e-05,0
9870,2,2,9.816259262152016e-05,2.357582129519642e-09,0
9871,9,9,0.00174636859446764,1.583457219567208e-06,0
9872,0,0,0.10723549127578735,0.0037649129517376423,0
9873,2,2,0.009271293878555298,2.5328063202323392e-05,0
9874,2,2,0.12276756763458252,0.004408690147101879,0
9875,9,9,0.0007801917381584644,1.7777274763375317e-07,0
9876,0,0,3.643121453933418e-05,6.74354960761292e-10,0
9877,6,3,0.14109158515930176,0.005900879390537739,1
9878,5,5,0.05384713411331177,0.0021822697017341852,0
9879,7,7,0.1199185848236084,0.006122329272329807,0
9880,7,7,0.030233904719352722,0.000599015736952424,0
9881,9,9,0.04755169153213501,0.0010262267896905541,0
9882,1,1,2.982549176522298e-07,5.315988602550177e-14,0
9883,7,7,0.02174094319343567,9.943645272869617e-05,0
9884,9,1,0.08965766429901123,0.005614167544990778,1
9885,8,8,0.0007676044479012489,1.7353843873024744e-07,0
9886,4,4,0.007820464670658112,2.0464916815399192e-05,0
9887,5,5,0.03202824294567108,0.0002499560941942036,0
9888,0,0,0.0357632040977478,0.0013471480924636126,0
9889,8,8,0.0009570512920618057,2.3349173261522083e-07,0
9890,0,0,0.003579087555408478,5.3836142797081266e-06,0
9891,2,2,0.1721804141998291,0.006869938224554062,0
9892,5,5,0.06341463327407837,0.0015948126092553139,0
9893,2,2,0.031316548585891724,0.001062141265720129,0
9894,1,1,0.13579511642456055,0.004621562547981739,0
9895,4,4,0.00016650150064378977,1.4091066979915468e-08,0
9896,4,4,0.0009556221775710583,2.9458729500220215e-07,0
9897,8,8,1.9199556845705956e-05,1.8121373845936262e-10,0
9898,9,9,0.0019664191640913486,1.6604502661721199e-06,0
9899,7,7,0.0014775590971112251,7.09646826635435e-07,0
9900,8,8,2.203286567237228e-05,1.9448731514160045e-10,0
9901,3,6,0.13665926456451416,0.004863687325268984,1
9902,6,6,0.02410450577735901,0.000368264940334484,0
9903,6,6,0.0074285417795181274,1.1232878932787571e-05,0
9904,0,0,0.00010671958443708718,4.502549000306999e-09,0
9905,1,1,0.0007114193867892027,2.6253596274727897e-07,0
9906,1,1,1.0690426279325038e-05,5.143556761066925e-11,0
9907,1,1,0.0019437139853835106,1.6962287645583274e-06,0
9908,8,8,0.12788885831832886,0.00955086201429367,0
9909,1,1,0.0013416493311524391,4.7540152081637643e-07,0
9910,4,4,0.08664953708648682,0.0048746950924396515,0
9911,4,4,0.1804245114326477,0.011834243312478065,0
9912,0,0,0.0020649246871471405,2.137645196853555e-06,0
9913,7,7,0.00033898523543030024,4.0895375974514536e-08,0
9914,8,8,8.217521099140868e-07,2.42027914636872e-13,0
9915,2,2,0.08742517232894897,0.0030517689883708954,0
9916,1,1,5.70508127566427e-05,1.2910611468797129e-09,0
9917,2,2,0.00011075282236561179,2.226435258378956e-09,0
9918,5,7,0.1642053723335266,0.006972780916839838,1
9919,4,4,0.024536222219467163,0.0002151610387954861,0
9920,6,6,3.327866579638794e-06,2.0915198826326753e-12,0
9921,0,0,0.009692247956991196,4.433500362210907e-05,0
9922,5,5,0.021132394671440125,0.0004034385201521218,0
9923,7,7,0.11466246843338013,0.003969652112573385,0
9924,4,4,0.17587661743164062,0.0068613579496741295,0
9925,4,4,0.01224837452173233,4.681551217800006e-05,0
9926,3,4,0.15163671970367432,0.007466819137334824,1
9927,9,9,0.0010810145176947117,2.0743291884173232e-07,0
9928,5,5,0.09516370296478271,0.005573691334575415,0
9929,8,8,0.028787456452846527,0.0002679688623175025,0
9930,8,8,0.2989334464073181,0.018145348876714706,0
9931,0,0,8.61941953189671e-05,3.0033020514963482e-09,0
9932,8,8,0.00989171490073204,5.39552238478791e-05,0
9933,7,7,0.01597350835800171,7.246769382618368e-05,0
9934,4,4,0.009305281564593315,3.1056035368237644e-05,0
9935,1,1,0.001779976300895214,1.799923097678402e-06,0
9936,8,8,3.043176548089832e-06,3.102319833317435e-12,0
9937,4,4,5.344219971448183e-05,7.519359579433171e-10,0
9938,9,9,5.2093484555371106e-05,7.789173750438749e-10,0
9939,5,5,0.00022785109467804432,1.5412101816991708e-08,0
9940,4,4,0.04322567582130432,0.0007549639558419585,0
9941,1,1,5.60638727620244e-05,8.711282251105956e-10,0
9942,7,7,7.87125900387764e-05,2.416655764392317e-09,0
9943,7,7,0.05913865566253662,0.0016865553334355354,0
9944,7,7,0.0010033794678747654,2.571078709934227e-07,0
9945,7,7,0.0047994814813137054,8.765307939029299e-06,0
9946,0,2,0.03871309757232666,0.0030830265022814274,1
9947,3,3,0.011745274066925049,5.932695421506651e-05,0
9948,8,8,0.00022682314738631248,9.703115644299487e-09,0
9949,3,3,0.12721049785614014,0.0066857971251010895,0
9950,3,3,0.10299581289291382,0.0035116286017000675,0
9951,0,0,0.01792198047041893,0.00014486847794614732,0
9952,5,5,2.129667336703278e-06,2.1568001291188965e-12,0
9953,7,7,0.23206520080566406,0.01216552872210741,0
9954,0,0,0.040049195289611816,0.001736482372507453,0
9955,8,8,1.241086283698678e-05,3.0341694434721234e-11,0
9956,0,2,0.13546961545944214,0.009735161438584328,1
9957,0,0,0.08937668800354004,0.0018050685757771134,0
9958,9,9,0.02495408058166504,0.00034261393011547625,0
9959,2,3,0.15411442518234253,0.008141234517097473,1
9960,2,0,0.0050022415816783905,1.3221590961620677e-05,1
9961,3,3,0.04186263680458069,0.0008850438753142953,0
9962,4,7,0.14281564950942993,0.009081961587071419,1
9963,8,0,0.2484980821609497,0.011913939379155636,1
9964,2,2,0.004723697900772095,6.908384875714546e-06,0
9965,2,2,0.04188379645347595,0.0008432212052866817,0
9966,6,6,0.0033589350059628487,4.792139861820033e-06,0
9967,3,3,0.044713616371154785,0.002012247685343027,0
9968,3,5,0.013345204293727875,0.00010771242523333058,1
9969,6,6,0.19809997081756592,0.010368267074227333,0
9970,2,2,0.001057780347764492,3.5026033629037556e-07,0
9971,9,9,0.004731715656816959,5.239385245658923e-06,0
9972,4,4,0.024674341082572937,0.000270273070782423,0
9973,0,0,0.12568500638008118,0.004528859164565802,0
9974,1,1,0.0013822880573570728,9.431596481590532e-07,0
9975,7,7,2.7388552553020418e-05,2.2631792273575257e-10,0
9976,5,5,0.00818832591176033,2.1596088117803447e-05,0
9977,5,5,0.011460952460765839,6.290279270615429e-05,0
9978,7,7,0.0585099458694458,0.001180347753688693,0
9979,3,3,0.07993805408477783,0.002242117654532194,0
9980,0,0,0.00039585260674357414,7.823332026646312e-08,0
9981,4,4,0.10354608297348022,0.008074605837464333,0
9982,2,6,0.13701757788658142,0.008440319448709488,1
9983,0,0,0.051962852478027344,0.0008801679941825569,0
9984,7,7,0.014501884579658508,9.265733388019726e-05,0
9985,5,5,0.08808571100234985,0.006017577834427357,0
9986,8,8,0.0009472123347222805,5.311352424541838e-07,0
9987,0,0,0.0048058051615953445,6.250059868762037e-06,0
9988,8,8,4.949392859998625e-07,8.012900510213222e-14,0
9989,2,4,0.06919795274734497,0.0011521216947585344,1
9990,7,7,0.00025675317738205194,2.8251477601770603e-08,0
9991,0,0,0.0035507790744304657,3.6150049709249288e-06,0
9992,3,3,0.022446051239967346,0.0003371897037141025,0
9993,5,5,0.06436780095100403,0.0025197365321218967,0
9994,3,3,0.03919306397438049,0.0009273320320062339,0
9995,8,8,0.023092657327651978,0.00016692932695150375,0
9996,3,3,0.04690134525299072,0.0018302187090739608,0
9997,5,5,0.001544138416647911,9.303070100941113e-07,0
9998,1,1,0.09131341427564621,0.0028947782702744007,0
9999,7,7,0.0021308115683496,1.5731196754131815e-06,0
